approval_id,doc_type,doc_id,approver_id,approval_level,sequence,action,action_date,sla_hours,actual_hours,remarks
APR000001,PR,PR00002,EMP040,1,1,approve,2024-10-06 00:00:00,24,20.16,ok
APR000002,PR,PR00002,EMP036,2,2,approve,2024-10-11 00:00:00,48,133.13,SLA breach
APR000003,PR,PR00002,EMP015,3,3,approve,2024-10-11 00:00:00,48,17.23,SLA breach
APR000004,PR,PR00003,EMP031,1,1,approve,2025-06-18 00:00:00,24,11.56,ok
APR000005,PR,PR00003,EMP023,2,2,approve,2025-06-18 00:00:00,48,14.99,ok
APR000006,PR,PR00003,EMP019,3,3,approve,2025-06-19 00:00:00,48,34.69,ok
APR000007,PR,PR00004,EMP006,1,1,approve,2024-10-30 00:00:00,24,8.06,ok
APR000008,PR,PR00004,EMP010,2,2,approve,2024-10-31 00:00:00,48,26.13,ok
APR000009,PR,PR00004,EMP027,3,3,approve,2024-11-01 00:00:00,48,32.77,ok
APR000010,PR,PR00005,EMP038,1,1,approve,2024-10-02 00:00:00,24,6.26,ok
APR000011,PR,PR00006,EMP005,1,1,approve,2024-02-28 00:00:00,24,10.62,ok
APR000012,PR,PR00006,EMP018,2,2,approve,2024-02-29 00:00:00,48,39.94,ok
APR000013,PR,PR00007,EMP003,1,1,approve,2025-07-06 00:00:00,24,74.42,SLA breach
APR000014,PR,PR00007,EMP022,2,2,approve,2025-07-06 00:00:00,48,12.24,SLA breach
APR000015,PR,PR00007,EMP033,3,3,approve,2025-07-07 00:00:00,48,25.25,SLA breach
APR000016,PR,PR00008,EMP003,1,1,approve,2024-03-11 00:00:00,24,4.9,ok
APR000017,PR,PR00008,EMP038,2,2,approve,2024-03-17 00:00:00,48,158.37,SLA breach
APR000018,PR,PR00008,EMP035,3,3,approve,2024-03-17 00:00:00,48,17.41,SLA breach
APR000019,PR,PR00009,EMP007,1,1,approve,2024-06-20 00:00:00,24,2.32,ok
APR000020,PR,PR00009,EMP040,2,2,approve,2024-06-25 00:00:00,48,143.4,SLA breach
APR000021,PR,PR00010,EMP012,1,1,approve,2024-01-30 00:00:00,24,1.13,ok
APR000022,PR,PR00011,EMP031,1,1,approve,2025-09-05 00:00:00,24,44.95,SLA breach
APR000023,PR,PR00012,EMP023,1,1,approve,2024-09-19 00:00:00,24,79.19,SLA breach
APR000024,PR,PR00012,EMP009,2,2,approve,2024-09-19 00:00:00,48,9.53,SLA breach
APR000025,PR,PR00014,EMP007,1,1,approve,2025-09-11 00:00:00,24,15.35,ok
APR000026,PR,PR00014,EMP036,2,2,approve,2025-09-11 00:00:00,48,11.15,ok
APR000027,PR,PR00015,EMP025,1,1,approve,2025-04-22 00:00:00,24,73.64,SLA breach
APR000028,PR,PR00015,EMP003,2,2,approve,2025-04-22 00:00:00,48,15.05,SLA breach
APR000029,PR,PR00017,EMP012,1,1,approve,2024-03-09 00:00:00,24,2.65,ok
APR000030,PR,PR00017,EMP007,2,2,approve,2024-03-10 00:00:00,48,41.37,ok
APR000031,PR,PR00017,EMP010,3,3,approve,2024-03-13 00:00:00,48,85.44,SLA breach
APR000032,PR,PR00018,EMP011,1,1,approve,2025-04-12 00:00:00,24,13.74,ok
APR000033,PR,PR00019,EMP037,1,1,approve,2024-05-01 00:00:00,24,16.54,ok
APR000034,PR,PR00019,EMP029,2,2,approve,2024-05-02 00:00:00,48,34.74,ok
APR000035,PR,PR00019,EMP031,3,3,approve,2024-05-02 00:00:00,48,5.74,ok
APR000036,PR,PR00020,EMP029,1,1,approve,2025-06-21 00:00:00,24,8.24,ok
APR000037,PR,PR00020,EMP029,2,2,approve,2025-06-21 00:00:00,48,4.7,ok
APR000038,PR,PR00021,EMP031,1,1,approve,2024-06-21 00:00:00,24,18.19,ok
APR000039,PR,PR00022,EMP005,1,1,approve,2025-06-01 00:00:00,24,14.16,ok
APR000040,PR,PR00023,EMP029,1,1,approve,2024-06-29 00:00:00,24,3.86,ok
APR000041,PR,PR00023,EMP022,2,2,approve,2024-06-30 00:00:00,48,26.22,ok
APR000042,PR,PR00025,EMP001,1,1,approve,2025-12-05 00:00:00,24,70.69,SLA breach
APR000043,PR,PR00025,EMP019,2,2,approve,2025-12-06 00:00:00,48,31.21,SLA breach
APR000044,PR,PR00026,EMP027,1,1,approve,2024-12-12 00:00:00,24,5.65,ok
APR000045,PR,PR00026,EMP013,2,2,approve,2024-12-13 00:00:00,48,37.1,ok
APR000046,PR,PR00027,EMP017,1,1,approve,2024-12-27 00:00:00,24,3.23,ok
APR000047,PR,PR00028,EMP020,1,1,approve,2025-06-03 00:00:00,24,75.56,SLA breach
APR000048,PR,PR00029,EMP020,1,1,approve,2024-12-11 00:00:00,24,5.83,ok
APR000049,PR,PR00030,EMP037,1,1,approve,2024-03-31 00:00:00,24,7.12,ok
APR000050,PR,PR00032,EMP014,1,1,approve,2025-10-31 00:00:00,24,19.77,ok
APR000051,PR,PR00032,EMP019,2,2,approve,2025-10-31 00:00:00,48,12.26,ok
APR000052,PR,PR00033,EMP008,1,1,approve,2025-04-26 00:00:00,24,11.31,ok
APR000053,PR,PR00034,EMP039,1,1,approve,2025-04-05 00:00:00,24,7.35,ok
APR000054,PR,PR00034,EMP004,2,2,approve,2025-04-11 00:00:00,48,160.73,SLA breach
APR000055,PR,PR00035,EMP017,1,1,approve,2024-09-17 00:00:00,24,17.98,ok
APR000056,PR,PR00035,EMP039,2,2,approve,2024-09-17 00:00:00,48,15.85,ok
APR000057,PR,PR00035,EMP021,3,3,approve,2024-09-18 00:00:00,48,24.11,ok
APR000058,PR,PR00036,EMP040,1,1,approve,2025-04-27 00:00:00,24,69.51,SLA breach
APR000059,PR,PR00037,EMP016,1,1,approve,2024-07-02 00:00:00,24,13.72,ok
APR000060,PR,PR00038,EMP026,1,1,approve,2025-12-27 00:00:00,24,7.23,ok
APR000061,PR,PR00040,EMP032,1,1,approve,2024-07-13 00:00:00,24,9.99,ok
APR000062,PR,PR00041,EMP031,1,1,approve,2024-08-15 00:00:00,24,19.24,ok
APR000063,PR,PR00041,EMP006,2,2,approve,2024-08-16 00:00:00,48,26.33,ok
APR000064,PR,PR00042,EMP037,1,1,approve,2025-05-15 00:00:00,24,75.65,SLA breach
APR000065,PR,PR00042,EMP038,2,2,approve,2025-05-15 00:00:00,48,16.0,SLA breach
APR000066,PR,PR00043,EMP013,1,1,approve,2025-04-02 00:00:00,24,44.11,SLA breach
APR000067,PR,PR00043,EMP013,2,2,approve,2025-04-05 00:00:00,48,73.91,SLA breach
APR000068,PR,PR00043,EMP010,3,3,approve,2025-04-05 00:00:00,48,9.83,SLA breach
APR000069,PR,PR00044,EMP021,1,1,approve,2025-01-02 00:00:00,24,9.69,ok
APR000070,PR,PR00044,EMP027,2,2,approve,2025-01-02 00:00:00,48,12.3,ok
APR000071,PR,PR00045,EMP027,1,1,approve,2024-10-20 00:00:00,24,65.53,SLA breach
APR000072,PR,PR00046,EMP040,1,1,approve,2024-08-28 00:00:00,24,21.08,ok
APR000073,PR,PR00046,EMP007,2,2,approve,2024-08-29 00:00:00,48,37.22,ok
APR000074,PR,PR00046,EMP007,3,3,approve,2024-08-29 00:00:00,48,2.77,ok
APR000075,PR,PR00047,EMP034,1,1,approve,2024-11-12 00:00:00,24,20.61,ok
APR000076,PR,PR00047,EMP002,2,2,approve,2024-11-12 00:00:00,48,16.27,ok
APR000077,PR,PR00047,EMP034,3,3,approve,2024-11-13 00:00:00,48,33.5,ok
APR000078,PR,PR00048,EMP035,1,1,approve,2024-05-15 00:00:00,24,3.6,ok
APR000079,PR,PR00048,EMP036,2,2,approve,2024-05-15 00:00:00,48,4.92,ok
APR000080,PR,PR00049,EMP038,1,1,approve,2025-10-14 00:00:00,24,7.75,ok
APR000081,PR,PR00049,EMP030,2,2,approve,2025-10-20 00:00:00,48,165.43,SLA breach
APR000082,PR,PR00051,EMP032,1,1,approve,2025-05-05 00:00:00,24,7.25,ok
APR000083,PR,PR00051,EMP038,2,2,approve,2025-05-08 00:00:00,48,89.14,SLA breach
APR000084,PR,PR00055,EMP012,1,1,approve,2025-06-14 00:00:00,24,6.88,ok
APR000085,PR,PR00055,EMP020,2,2,approve,2025-06-14 00:00:00,48,4.78,ok
APR000086,PR,PR00055,EMP004,3,3,approve,2025-06-15 00:00:00,48,29.64,ok
APR000087,PR,PR00056,EMP033,1,1,approve,2024-10-21 00:00:00,24,18.43,ok
APR000088,PR,PR00056,EMP024,2,2,approve,2024-10-28 00:00:00,48,188.15,SLA breach
APR000089,PR,PR00057,EMP018,1,1,approve,2024-02-26 00:00:00,24,15.58,ok
APR000090,PR,PR00057,EMP022,2,2,approve,2024-02-27 00:00:00,48,42.48,ok
APR000091,PR,PR00058,EMP040,1,1,approve,2024-12-10 00:00:00,24,4.95,ok
APR000092,PR,PR00058,EMP015,2,2,approve,2024-12-11 00:00:00,48,35.12,ok
APR000093,PR,PR00059,EMP004,1,1,approve,2024-06-06 00:00:00,24,20.43,ok
APR000094,PR,PR00059,EMP027,2,2,approve,2024-06-06 00:00:00,48,14.63,ok
APR000095,PR,PR00059,EMP030,3,3,approve,2024-06-07 00:00:00,48,29.7,ok
APR000096,PR,PR00060,EMP039,1,1,approve,2024-07-06 00:00:00,24,2.5,ok
APR000097,PR,PR00060,EMP029,2,2,approve,2024-07-07 00:00:00,48,33.24,ok
APR000098,PR,PR00061,EMP009,1,1,approve,2025-02-08 00:00:00,24,19.63,ok
APR000099,PR,PR00061,EMP027,2,2,approve,2025-02-08 00:00:00,48,11.82,ok
APR000100,PR,PR00063,EMP015,1,1,approve,2025-01-04 00:00:00,24,49.38,SLA breach
APR000101,PR,PR00066,EMP033,1,1,approve,2024-05-04 00:00:00,24,3.61,ok
APR000102,PR,PR00066,EMP014,2,2,approve,2024-05-05 00:00:00,48,38.38,ok
APR000103,PR,PR00067,EMP019,1,1,approve,2025-02-02 00:00:00,24,81.1,SLA breach
APR000104,PR,PR00068,EMP018,1,1,approve,2025-07-05 00:00:00,24,15.08,ok
APR000105,PR,PR00068,EMP009,2,2,approve,2025-07-11 00:00:00,48,144.48,SLA breach
APR000106,PR,PR00069,EMP009,1,1,approve,2024-09-13 00:00:00,24,1.62,ok
APR000107,PR,PR00069,EMP001,2,2,approve,2024-09-13 00:00:00,48,6.42,ok
APR000108,PR,PR00070,EMP019,1,1,approve,2024-03-31 00:00:00,24,93.78,SLA breach
APR000109,PR,PR00073,EMP005,1,1,approve,2025-01-27 00:00:00,24,7.01,ok
APR000110,PR,PR00075,EMP035,1,1,approve,2024-07-09 00:00:00,24,78.86,SLA breach
APR000111,PR,PR00075,EMP034,2,2,approve,2024-07-15 00:00:00,48,155.61,SLA breach
APR000112,PR,PR00076,EMP012,1,1,approve,2024-03-21 00:00:00,24,57.39,SLA breach
APR000113,PR,PR00077,EMP001,1,1,approve,2024-03-20 00:00:00,24,11.37,ok
APR000114,PR,PR00077,EMP008,2,2,approve,2024-03-21 00:00:00,48,27.01,ok
APR000115,PR,PR00078,EMP025,1,1,approve,2025-10-11 00:00:00,24,5.58,ok
APR000116,PR,PR00078,EMP001,2,2,approve,2025-10-11 00:00:00,48,8.75,ok
APR000117,PR,PR00078,EMP013,3,3,approve,2025-10-16 00:00:00,48,131.0,SLA breach
APR000118,PR,PR00079,EMP030,1,1,approve,2025-01-15 00:00:00,24,6.3,ok
APR000119,PR,PR00080,EMP004,1,1,approve,2025-10-09 00:00:00,24,8.58,ok
APR000120,PR,PR00080,EMP016,2,2,approve,2025-10-10 00:00:00,48,40.1,ok
APR000121,PR,PR00081,EMP020,1,1,approve,2024-06-05 00:00:00,24,80.9,SLA breach
APR000122,PR,PR00082,EMP032,1,1,approve,2024-08-19 00:00:00,24,50.09,SLA breach
APR000123,PR,PR00084,EMP028,1,1,approve,2025-03-24 00:00:00,24,2.68,ok
APR000124,PR,PR00084,EMP031,2,2,approve,2025-03-25 00:00:00,48,40.73,ok
APR000125,PR,PR00086,EMP025,1,1,approve,2024-07-31 00:00:00,24,16.16,ok
APR000126,PR,PR00086,EMP028,2,2,approve,2024-08-01 00:00:00,48,34.13,ok
APR000127,PR,PR00087,EMP003,1,1,approve,2025-10-31 00:00:00,24,18.05,ok
APR000128,PR,PR00087,EMP008,2,2,approve,2025-10-31 00:00:00,48,14.04,ok
APR000129,PR,PR00088,EMP021,1,1,approve,2024-10-18 00:00:00,24,3.0,ok
APR000130,PR,PR00088,EMP004,2,2,approve,2024-10-19 00:00:00,48,25.49,ok
APR000131,PR,PR00089,EMP025,1,1,approve,2024-05-01 00:00:00,24,4.55,ok
APR000132,PR,PR00089,EMP006,2,2,approve,2024-05-02 00:00:00,48,42.83,ok
APR000133,PR,PR00090,EMP008,1,1,approve,2024-07-19 00:00:00,24,15.7,ok
APR000134,PR,PR00090,EMP008,2,2,approve,2024-07-19 00:00:00,48,9.75,ok
APR000135,PR,PR00091,EMP003,1,1,approve,2025-11-27 00:00:00,24,14.65,ok
APR000136,PR,PR00091,EMP020,2,2,approve,2025-11-27 00:00:00,48,8.94,ok
APR000137,PR,PR00092,EMP022,1,1,approve,2025-01-13 00:00:00,24,2.83,ok
APR000138,PR,PR00092,EMP015,2,2,approve,2025-01-13 00:00:00,48,7.18,ok
APR000139,PR,PR00093,EMP024,1,1,approve,2025-02-21 00:00:00,24,2.09,ok
APR000140,PR,PR00093,EMP039,2,2,approve,2025-02-21 00:00:00,48,11.51,ok
APR000141,PR,PR00094,EMP001,1,1,approve,2024-04-22 00:00:00,24,85.88,SLA breach
APR000142,PR,PR00096,EMP012,1,1,approve,2024-11-17 00:00:00,24,56.98,SLA breach
APR000143,PR,PR00097,EMP018,1,1,approve,2024-07-10 00:00:00,24,20.77,ok
APR000144,PR,PR00097,EMP032,2,2,approve,2024-07-15 00:00:00,48,130.69,SLA breach
APR000145,PR,PR00098,EMP016,1,1,approve,2024-06-07 00:00:00,24,66.67,SLA breach
APR000146,PR,PR00099,EMP023,1,1,approve,2025-10-13 00:00:00,24,6.78,ok
APR000147,PR,PR00099,EMP004,2,2,approve,2025-10-13 00:00:00,48,11.42,ok
APR000148,PR,PR00100,EMP031,1,1,approve,2025-02-10 00:00:00,24,8.06,ok
APR000149,PR,PR00102,EMP008,1,1,approve,2025-01-25 00:00:00,24,6.53,ok
APR000150,PR,PR00102,EMP016,2,2,approve,2025-01-28 00:00:00,48,77.47,SLA breach
APR000151,PR,PR00102,EMP018,3,3,approve,2025-01-29 00:00:00,48,27.99,SLA breach
APR000152,PR,PR00103,EMP024,1,1,approve,2024-07-23 00:00:00,24,15.96,ok
APR000153,PR,PR00104,EMP039,1,1,approve,2025-03-28 00:00:00,24,44.56,SLA breach
APR000154,PR,PR00105,EMP008,1,1,approve,2024-05-12 00:00:00,24,15.15,ok
APR000155,PR,PR00105,EMP015,2,2,approve,2024-05-13 00:00:00,48,42.81,ok
APR000156,PR,PR00105,EMP023,3,3,approve,2024-05-20 00:00:00,48,186.7,SLA breach
APR000157,PR,PR00106,EMP010,1,1,approve,2025-11-25 00:00:00,24,15.97,ok
APR000158,PR,PR00109,EMP024,1,1,approve,2024-08-31 00:00:00,24,1.62,ok
APR000159,PR,PR00109,EMP001,2,2,approve,2024-09-04 00:00:00,48,101.41,SLA breach
APR000160,PR,PR00109,EMP010,3,3,approve,2024-09-05 00:00:00,48,35.34,SLA breach
APR000161,PR,PR00110,EMP031,1,1,approve,2025-06-21 00:00:00,24,77.55,SLA breach
APR000162,PR,PR00110,EMP025,2,2,approve,2025-06-22 00:00:00,48,28.09,SLA breach
APR000163,PR,PR00112,EMP011,1,1,approve,2025-06-07 00:00:00,24,1.77,ok
APR000164,PR,PR00112,EMP006,2,2,approve,2025-06-12 00:00:00,48,127.57,SLA breach
APR000165,PR,PR00113,EMP011,1,1,approve,2025-12-24 00:00:00,24,20.24,ok
APR000166,PR,PR00115,EMP026,1,1,approve,2024-11-12 00:00:00,24,93.57,SLA breach
APR000167,PR,PR00116,EMP034,1,1,approve,2024-12-25 00:00:00,24,18.95,ok
APR000168,PR,PR00118,EMP014,1,1,approve,2025-12-04 00:00:00,24,13.38,ok
APR000169,PR,PR00118,EMP037,2,2,approve,2025-12-05 00:00:00,48,41.19,ok
APR000170,PR,PR00120,EMP031,1,1,approve,2025-11-07 00:00:00,24,3.36,ok
APR000171,PR,PR00120,EMP030,2,2,approve,2025-11-07 00:00:00,48,15.8,ok
APR000172,PR,PR00120,EMP026,3,3,approve,2025-11-08 00:00:00,48,35.62,ok
APR000173,PR,PR00121,EMP008,1,1,approve,2025-08-01 00:00:00,24,3.6,ok
APR000174,PR,PR00122,EMP030,1,1,approve,2024-04-28 00:00:00,24,3.13,ok
APR000175,PR,PR00122,EMP010,2,2,approve,2024-04-28 00:00:00,48,6.18,ok
APR000176,PR,PR00123,EMP010,1,1,approve,2023-12-22 00:00:00,24,11.67,ok
APR000177,PR,PR00123,EMP014,2,2,approve,2023-12-26 00:00:00,48,115.79,SLA breach
APR000178,PR,PR00124,EMP001,1,1,approve,2025-03-17 00:00:00,24,1.2,ok
APR000179,PR,PR00125,EMP037,1,1,approve,2024-12-17 00:00:00,24,14.26,ok
APR000180,PR,PR00125,EMP019,2,2,approve,2024-12-18 00:00:00,48,39.47,ok
APR000181,PR,PR00126,EMP017,1,1,approve,2025-10-16 00:00:00,24,18.88,ok
APR000182,PR,PR00126,EMP004,2,2,approve,2025-10-16 00:00:00,48,2.82,ok
APR000183,PR,PR00126,EMP022,3,3,approve,2025-10-16 00:00:00,48,4.17,ok
APR000184,PR,PR00127,EMP014,1,1,approve,2024-09-14 00:00:00,24,42.27,SLA breach
APR000185,PR,PR00127,EMP033,2,2,approve,2024-09-15 00:00:00,48,33.14,SLA breach
APR000186,PR,PR00127,EMP020,3,3,approve,2024-09-16 00:00:00,48,33.09,SLA breach
APR000187,PR,PR00129,EMP004,1,1,approve,2024-08-20 00:00:00,24,9.93,ok
APR000188,PR,PR00129,EMP015,2,2,approve,2024-08-21 00:00:00,48,41.47,ok
APR000189,PR,PR00130,EMP031,1,1,approve,2025-12-14 00:00:00,24,36.76,SLA breach
APR000190,PR,PR00130,EMP017,2,2,approve,2025-12-14 00:00:00,48,1.88,SLA breach
APR000191,PR,PR00130,EMP001,3,3,approve,2025-12-14 00:00:00,48,8.2,SLA breach
APR000192,PR,PR00131,EMP010,1,1,approve,2024-10-10 00:00:00,24,14.58,ok
APR000193,PR,PR00131,EMP037,2,2,approve,2024-10-10 00:00:00,48,2.3,ok
APR000194,PR,PR00131,EMP024,3,3,approve,2024-10-11 00:00:00,48,42.07,ok
APR000195,PR,PR00133,EMP001,1,1,approve,2025-06-18 00:00:00,24,57.14,SLA breach
APR000196,PR,PR00133,EMP019,2,2,approve,2025-06-21 00:00:00,48,88.53,SLA breach
APR000197,PR,PR00135,EMP028,1,1,approve,2025-08-14 00:00:00,24,19.04,ok
APR000198,PR,PR00135,EMP021,2,2,approve,2025-08-19 00:00:00,48,135.19,SLA breach
APR000199,PR,PR00137,EMP020,1,1,approve,2025-09-21 00:00:00,24,4.19,ok
APR000200,PR,PR00137,EMP032,2,2,approve,2025-09-22 00:00:00,48,40.52,ok
APR000201,PR,PR00137,EMP005,3,3,approve,2025-09-22 00:00:00,48,9.47,ok
APR000202,PR,PR00138,EMP007,1,1,approve,2024-05-18 00:00:00,24,15.37,ok
APR000203,PR,PR00138,EMP010,2,2,approve,2024-05-19 00:00:00,48,35.33,ok
APR000204,PR,PR00139,EMP033,1,1,approve,2025-02-22 00:00:00,24,4.72,ok
APR000205,PR,PR00139,EMP009,2,2,approve,2025-02-22 00:00:00,48,23.17,ok
APR000206,PR,PR00139,EMP038,3,3,approve,2025-02-23 00:00:00,48,25.85,ok
APR000207,PR,PR00140,EMP013,1,1,approve,2024-09-30 00:00:00,24,6.89,ok
APR000208,PR,PR00141,EMP019,1,1,approve,2025-09-20 00:00:00,24,1.46,ok
APR000209,PR,PR00142,EMP040,1,1,approve,2025-01-01 00:00:00,24,13.32,ok
APR000210,PR,PR00142,EMP031,2,2,approve,2025-01-02 00:00:00,48,38.45,ok
APR000211,PR,PR00142,EMP003,3,3,approve,2025-01-02 00:00:00,48,12.42,ok
APR000212,PR,PR00143,EMP035,1,1,approve,2025-12-19 00:00:00,24,60.78,SLA breach
APR000213,PR,PR00144,EMP033,1,1,approve,2025-03-03 00:00:00,24,15.37,ok
APR000214,PR,PR00144,EMP027,2,2,approve,2025-03-07 00:00:00,48,113.6,SLA breach
APR000215,PR,PR00145,EMP020,1,1,approve,2024-09-23 00:00:00,24,11.97,ok
APR000216,PR,PR00145,EMP002,2,2,approve,2024-09-29 00:00:00,48,163.56,SLA breach
APR000217,PR,PR00147,EMP023,1,1,approve,2024-11-22 00:00:00,24,10.61,ok
APR000218,PR,PR00147,EMP014,2,2,approve,2024-11-23 00:00:00,48,36.63,ok
APR000219,PR,PR00148,EMP005,1,1,approve,2025-12-28 00:00:00,24,3.33,ok
APR000220,PR,PR00149,EMP006,1,1,approve,2025-01-26 00:00:00,24,81.76,SLA breach
APR000221,PR,PR00149,EMP015,2,2,approve,2025-01-27 00:00:00,48,41.45,SLA breach
APR000222,PR,PR00150,EMP009,1,1,approve,2024-11-04 00:00:00,24,12.73,ok
APR000223,PR,PR00150,EMP027,2,2,approve,2024-11-04 00:00:00,48,11.34,ok
APR000224,PR,PR00151,EMP023,1,1,approve,2025-03-18 00:00:00,24,19.63,ok
APR000225,PR,PR00151,EMP016,2,2,approve,2025-03-24 00:00:00,48,155.63,SLA breach
APR000226,PR,PR00151,EMP022,3,3,approve,2025-03-24 00:00:00,48,6.02,SLA breach
APR000227,PR,PR00152,EMP010,1,1,approve,2024-01-02 00:00:00,24,4.68,ok
APR000228,PR,PR00152,EMP014,2,2,approve,2024-01-09 00:00:00,48,185.41,SLA breach
APR000229,PR,PR00153,EMP008,1,1,approve,2024-05-05 00:00:00,24,7.08,ok
APR000230,PR,PR00153,EMP008,2,2,approve,2024-05-06 00:00:00,48,39.79,ok
APR000231,PR,PR00154,EMP032,1,1,approve,2024-03-07 00:00:00,24,4.85,ok
APR000232,PR,PR00154,EMP006,2,2,approve,2024-03-07 00:00:00,48,9.38,ok
APR000233,PR,PR00155,EMP026,1,1,approve,2025-10-20 00:00:00,24,8.16,ok
APR000234,PR,PR00155,EMP031,2,2,approve,2025-10-21 00:00:00,48,33.65,ok
APR000235,PR,PR00155,EMP039,3,3,approve,2025-10-22 00:00:00,48,37.46,ok
APR000236,PR,PR00156,EMP036,1,1,approve,2024-08-07 00:00:00,24,19.79,ok
APR000237,PR,PR00157,EMP006,1,1,approve,2025-06-23 00:00:00,24,6.56,ok
APR000238,PR,PR00158,EMP015,1,1,approve,2024-11-09 00:00:00,24,9.19,ok
APR000239,PR,PR00159,EMP031,1,1,approve,2025-03-16 00:00:00,24,10.5,ok
APR000240,PR,PR00159,EMP006,2,2,approve,2025-03-17 00:00:00,48,37.24,ok
APR000241,PR,PR00159,EMP005,3,3,approve,2025-03-17 00:00:00,48,18.96,ok
APR000242,PR,PR00161,EMP035,1,1,approve,2025-05-18 00:00:00,24,77.64,SLA breach
APR000243,PR,PR00161,EMP040,2,2,approve,2025-05-18 00:00:00,48,5.0,SLA breach
APR000244,PR,PR00162,EMP006,1,1,approve,2025-09-15 00:00:00,24,21.38,ok
APR000245,PR,PR00163,EMP040,1,1,approve,2024-07-18 00:00:00,24,9.74,ok
APR000246,PR,PR00163,EMP013,2,2,approve,2024-07-19 00:00:00,48,43.11,ok
APR000247,PR,PR00163,EMP001,3,3,approve,2024-07-19 00:00:00,48,8.55,ok
APR000248,PR,PR00164,EMP012,1,1,approve,2025-11-25 00:00:00,24,15.69,ok
APR000249,PR,PR00164,EMP027,2,2,approve,2025-11-25 00:00:00,48,6.56,ok
APR000250,PR,PR00165,EMP006,1,1,approve,2024-06-29 00:00:00,24,63.98,SLA breach
APR000251,PR,PR00165,EMP008,2,2,approve,2024-06-29 00:00:00,48,20.54,SLA breach
APR000252,PR,PR00166,EMP034,1,1,approve,2025-12-23 00:00:00,24,16.91,ok
APR000253,PR,PR00166,EMP011,2,2,approve,2025-12-24 00:00:00,48,27.63,ok
APR000254,PR,PR00167,EMP035,1,1,approve,2025-09-08 00:00:00,24,4.35,ok
APR000255,PR,PR00169,EMP014,1,1,approve,2024-04-30 00:00:00,24,50.17,SLA breach
APR000256,PR,PR00169,EMP010,2,2,approve,2024-05-01 00:00:00,48,31.56,SLA breach
APR000257,PR,PR00170,EMP014,1,1,approve,2025-02-28 00:00:00,24,47.28,SLA breach
APR000258,PR,PR00170,EMP025,2,2,approve,2025-02-28 00:00:00,48,4.92,SLA breach
APR000259,PR,PR00171,EMP035,1,1,approve,2024-06-27 00:00:00,24,15.67,ok
APR000260,PR,PR00171,EMP012,2,2,approve,2024-06-27 00:00:00,48,5.71,ok
APR000261,PR,PR00172,EMP016,1,1,approve,2025-03-28 00:00:00,24,80.32,SLA breach
APR000262,PR,PR00172,EMP009,2,2,approve,2025-04-02 00:00:00,48,136.2,SLA breach
APR000263,PR,PR00173,EMP028,1,1,approve,2025-04-01 00:00:00,24,16.67,ok
APR000264,PR,PR00173,EMP012,2,2,approve,2025-04-02 00:00:00,48,30.07,ok
APR000265,PR,PR00174,EMP006,1,1,approve,2024-12-15 00:00:00,24,12.77,ok
APR000266,PR,PR00174,EMP023,2,2,approve,2024-12-16 00:00:00,48,24.69,ok
APR000267,PR,PR00175,EMP039,1,1,approve,2025-01-10 00:00:00,24,9.61,ok
APR000268,PR,PR00175,EMP007,2,2,approve,2025-01-11 00:00:00,48,33.52,ok
APR000269,PR,PR00176,EMP025,1,1,approve,2025-08-04 00:00:00,24,72.08,SLA breach
APR000270,PR,PR00176,EMP011,2,2,approve,2025-08-05 00:00:00,48,37.44,SLA breach
APR000271,PR,PR00176,EMP016,3,3,approve,2025-08-06 00:00:00,48,31.51,SLA breach
APR000272,PR,PR00177,EMP035,1,1,approve,2024-11-16 00:00:00,24,14.33,ok
APR000273,PR,PR00178,EMP009,1,1,approve,2024-08-26 00:00:00,24,13.25,ok
APR000274,PR,PR00178,EMP015,2,2,approve,2024-08-30 00:00:00,48,106.61,SLA breach
APR000275,PR,PR00180,EMP008,1,1,approve,2024-11-29 00:00:00,24,6.73,ok
APR000276,PR,PR00180,EMP030,2,2,approve,2024-11-29 00:00:00,48,16.04,ok
APR000277,PR,PR00181,EMP038,1,1,approve,2024-06-18 00:00:00,24,49.66,SLA breach
APR000278,PR,PR00181,EMP007,2,2,approve,2024-06-18 00:00:00,48,21.14,SLA breach
APR000279,PR,PR00182,EMP036,1,1,approve,2025-09-23 00:00:00,24,6.67,ok
APR000280,PR,PR00182,EMP008,2,2,approve,2025-09-24 00:00:00,48,27.41,ok
APR000281,PR,PR00182,EMP032,3,3,approve,2025-09-25 00:00:00,48,40.91,ok
APR000282,PR,PR00183,EMP027,1,1,approve,2024-11-15 00:00:00,24,14.46,ok
APR000283,PR,PR00183,EMP017,2,2,approve,2024-11-15 00:00:00,48,12.37,ok
APR000284,PR,PR00183,EMP020,3,3,approve,2024-11-16 00:00:00,48,37.13,ok
APR000285,PR,PR00184,EMP038,1,1,approve,2024-07-23 00:00:00,24,10.88,ok
APR000286,PR,PR00185,EMP021,1,1,approve,2024-03-26 00:00:00,24,10.03,ok
APR000287,PR,PR00185,EMP017,2,2,approve,2024-03-27 00:00:00,48,33.19,ok
APR000288,PR,PR00187,EMP037,1,1,approve,2025-08-19 00:00:00,24,18.54,ok
APR000289,PR,PR00188,EMP007,1,1,approve,2025-09-19 00:00:00,24,54.51,SLA breach
APR000290,PR,PR00189,EMP034,1,1,approve,2025-04-11 00:00:00,24,90.8,SLA breach
APR000291,PR,PR00190,EMP021,1,1,approve,2025-01-12 00:00:00,24,16.03,ok
APR000292,PR,PR00191,EMP039,1,1,approve,2024-04-11 00:00:00,24,58.62,SLA breach
APR000293,PR,PR00191,EMP007,2,2,approve,2024-04-11 00:00:00,48,8.16,SLA breach
APR000294,PR,PR00191,EMP006,3,3,approve,2024-04-18 00:00:00,48,179.66,SLA breach
APR000295,PR,PR00192,EMP034,1,1,approve,2024-08-06 00:00:00,24,14.77,ok
APR000296,PR,PR00192,EMP018,2,2,approve,2024-08-07 00:00:00,48,42.68,ok
APR000297,PR,PR00193,EMP022,1,1,approve,2024-12-09 00:00:00,24,11.6,ok
APR000298,PR,PR00193,EMP017,2,2,approve,2024-12-10 00:00:00,48,38.66,ok
APR000299,PR,PR00194,EMP010,1,1,approve,2025-01-05 00:00:00,24,11.83,ok
APR000300,PR,PR00196,EMP004,1,1,approve,2024-11-26 00:00:00,24,20.76,ok
APR000301,PR,PR00196,EMP031,2,2,approve,2024-11-26 00:00:00,48,6.92,ok
APR000302,PR,PR00196,EMP016,3,3,approve,2024-11-27 00:00:00,48,33.27,ok
APR000303,PR,PR00197,EMP029,1,1,approve,2024-05-12 00:00:00,24,10.7,ok
APR000304,PR,PR00199,EMP039,1,1,approve,2025-11-06 00:00:00,24,11.05,ok
APR000305,PR,PR00199,EMP034,2,2,approve,2025-11-06 00:00:00,48,16.86,ok
APR000306,PR,PR00199,EMP003,3,3,approve,2025-11-07 00:00:00,48,29.17,ok
APR000307,PR,PR00200,EMP004,1,1,approve,2025-10-31 00:00:00,24,6.7,ok
APR000308,PR,PR00200,EMP017,2,2,approve,2025-11-01 00:00:00,48,30.5,ok
APR000309,PR,PR00201,EMP039,1,1,approve,2024-11-23 00:00:00,24,41.6,SLA breach
APR000310,PR,PR00201,EMP017,2,2,approve,2024-11-24 00:00:00,48,28.99,SLA breach
APR000311,PR,PR00202,EMP010,1,1,approve,2025-09-09 00:00:00,24,17.72,ok
APR000312,PR,PR00202,EMP002,2,2,approve,2025-09-13 00:00:00,48,101.24,SLA breach
APR000313,PR,PR00202,EMP029,3,3,approve,2025-09-13 00:00:00,48,21.39,SLA breach
APR000314,PR,PR00203,EMP015,1,1,approve,2025-12-11 00:00:00,24,12.41,ok
APR000315,PR,PR00203,EMP004,2,2,approve,2025-12-12 00:00:00,48,25.23,ok
APR000316,PR,PR00204,EMP001,1,1,approve,2025-12-09 00:00:00,24,13.09,ok
APR000317,PR,PR00204,EMP023,2,2,approve,2025-12-09 00:00:00,48,3.24,ok
APR000318,PR,PR00204,EMP005,3,3,approve,2025-12-10 00:00:00,48,33.69,ok
APR000319,PR,PR00205,EMP017,1,1,approve,2024-01-17 00:00:00,24,61.82,SLA breach
APR000320,PR,PR00205,EMP026,2,2,approve,2024-01-17 00:00:00,48,8.79,SLA breach
APR000321,PR,PR00206,EMP037,1,1,approve,2024-12-21 00:00:00,24,13.35,ok
APR000322,PR,PR00206,EMP012,2,2,approve,2024-12-26 00:00:00,48,124.88,SLA breach
APR000323,PR,PR00206,EMP029,3,3,approve,2024-12-27 00:00:00,48,35.37,SLA breach
APR000324,PR,PR00207,EMP013,1,1,approve,2024-10-03 00:00:00,24,3.79,ok
APR000325,PR,PR00207,EMP026,2,2,approve,2024-10-04 00:00:00,48,27.43,ok
APR000326,PR,PR00208,EMP021,1,1,approve,2024-02-09 00:00:00,24,19.38,ok
APR000327,PR,PR00209,EMP017,1,1,approve,2025-09-27 00:00:00,24,82.75,SLA breach
APR000328,PR,PR00209,EMP026,2,2,approve,2025-09-28 00:00:00,48,27.44,SLA breach
APR000329,PR,PR00209,EMP009,3,3,approve,2025-10-04 00:00:00,48,164.06,SLA breach
APR000330,PR,PR00211,EMP004,1,1,approve,2024-09-25 00:00:00,24,5.13,ok
APR000331,PR,PR00211,EMP019,2,2,approve,2024-09-25 00:00:00,48,7.46,ok
APR000332,PR,PR00211,EMP013,3,3,approve,2024-09-25 00:00:00,48,10.5,ok
APR000333,PR,PR00212,EMP016,1,1,approve,2024-04-06 00:00:00,24,10.26,ok
APR000334,PR,PR00213,EMP021,1,1,approve,2024-11-19 00:00:00,24,8.49,ok
APR000335,PR,PR00213,EMP034,2,2,approve,2024-11-19 00:00:00,48,6.62,ok
APR000336,PR,PR00214,EMP026,1,1,approve,2024-08-05 00:00:00,24,16.85,ok
APR000337,PR,PR00214,EMP010,2,2,approve,2024-08-06 00:00:00,48,34.8,ok
APR000338,PR,PR00214,EMP009,3,3,approve,2024-08-06 00:00:00,48,20.77,ok
APR000339,PR,PR00215,EMP011,1,1,approve,2024-12-25 00:00:00,24,13.74,ok
APR000340,PR,PR00215,EMP018,2,2,approve,2024-12-26 00:00:00,48,27.53,ok
APR000341,PR,PR00216,EMP038,1,1,approve,2024-03-22 00:00:00,24,1.33,ok
APR000342,PR,PR00216,EMP017,2,2,approve,2024-03-22 00:00:00,48,8.13,ok
APR000343,PR,PR00217,EMP017,1,1,approve,2025-10-29 00:00:00,24,56.77,SLA breach
APR000344,PR,PR00217,EMP018,2,2,approve,2025-10-29 00:00:00,48,21.63,SLA breach
APR000345,PR,PR00220,EMP021,1,1,approve,2024-10-14 00:00:00,24,47.22,SLA breach
APR000346,PR,PR00220,EMP026,2,2,approve,2024-10-14 00:00:00,48,10.61,SLA breach
APR000347,PR,PR00221,EMP031,1,1,approve,2024-12-15 00:00:00,24,8.38,ok
APR000348,PR,PR00221,EMP032,2,2,approve,2024-12-15 00:00:00,48,13.67,ok
APR000349,PR,PR00222,EMP036,1,1,approve,2025-10-30 00:00:00,24,4.26,ok
APR000350,PR,PR00223,EMP024,1,1,approve,2024-10-23 00:00:00,24,1.36,ok
APR000351,PR,PR00223,EMP021,2,2,approve,2024-10-23 00:00:00,48,9.84,ok
APR000352,PR,PR00224,EMP015,1,1,approve,2025-01-23 00:00:00,24,10.76,ok
APR000353,PR,PR00224,EMP040,2,2,approve,2025-01-23 00:00:00,48,14.81,ok
APR000354,PR,PR00225,EMP018,1,1,approve,2024-10-09 00:00:00,24,52.41,SLA breach
APR000355,PR,PR00225,EMP019,2,2,approve,2024-10-15 00:00:00,48,144.79,SLA breach
APR000356,PR,PR00225,EMP002,3,3,approve,2024-10-18 00:00:00,48,87.42,SLA breach
APR000357,PR,PR00226,EMP026,1,1,approve,2025-12-26 00:00:00,24,11.81,ok
APR000358,PR,PR00226,EMP006,2,2,approve,2025-12-27 00:00:00,48,24.13,ok
APR000359,PR,PR00227,EMP033,1,1,approve,2025-01-30 00:00:00,24,88.9,SLA breach
APR000360,PR,PR00227,EMP014,2,2,approve,2025-01-30 00:00:00,48,7.93,SLA breach
APR000361,PR,PR00228,EMP017,1,1,approve,2024-08-15 00:00:00,24,19.34,ok
APR000362,PR,PR00228,EMP001,2,2,approve,2024-08-18 00:00:00,48,74.86,SLA breach
APR000363,PR,PR00229,EMP024,1,1,approve,2024-04-02 00:00:00,24,21.0,ok
APR000364,PR,PR00229,EMP002,2,2,approve,2024-04-07 00:00:00,48,122.1,SLA breach
APR000365,PR,PR00230,EMP031,1,1,approve,2025-05-20 00:00:00,24,15.62,ok
APR000366,PR,PR00230,EMP018,2,2,approve,2025-05-24 00:00:00,48,104.07,SLA breach
APR000367,PR,PR00230,EMP029,3,3,approve,2025-05-24 00:00:00,48,8.94,SLA breach
APR000368,PR,PR00231,EMP023,1,1,approve,2025-07-30 00:00:00,24,7.86,ok
APR000369,PR,PR00231,EMP035,2,2,approve,2025-07-30 00:00:00,48,20.02,ok
APR000370,PR,PR00232,EMP015,1,1,approve,2025-02-23 00:00:00,24,17.88,ok
APR000371,PR,PR00232,EMP007,2,2,approve,2025-02-24 00:00:00,48,32.64,ok
APR000372,PR,PR00232,EMP010,3,3,approve,2025-02-25 00:00:00,48,28.17,ok
APR000373,PR,PR00233,EMP031,1,1,approve,2024-06-24 00:00:00,24,13.15,ok
APR000374,PR,PR00234,EMP029,1,1,approve,2025-05-14 00:00:00,24,15.5,ok
APR000375,PR,PR00234,EMP001,2,2,approve,2025-05-19 00:00:00,48,121.27,SLA breach
APR000376,PR,PR00235,EMP008,1,1,approve,2024-12-27 00:00:00,24,15.44,ok
APR000377,PR,PR00236,EMP031,1,1,approve,2024-09-23 00:00:00,24,12.48,ok
APR000378,PR,PR00236,EMP012,2,2,approve,2024-09-29 00:00:00,48,166.8,SLA breach
APR000379,PR,PR00237,EMP016,1,1,approve,2025-04-29 00:00:00,24,12.66,ok
APR000380,PR,PR00237,EMP024,2,2,approve,2025-04-29 00:00:00,48,18.45,ok
APR000381,PR,PR00238,EMP020,1,1,approve,2025-09-28 00:00:00,24,7.74,ok
APR000382,PR,PR00238,EMP032,2,2,approve,2025-09-28 00:00:00,48,20.83,ok
APR000383,PR,PR00239,EMP040,1,1,approve,2024-10-10 00:00:00,24,4.88,ok
APR000384,PR,PR00239,EMP019,2,2,approve,2024-10-10 00:00:00,48,6.88,ok
APR000385,PR,PR00240,EMP017,1,1,approve,2025-10-19 00:00:00,24,47.34,SLA breach
APR000386,PR,PR00240,EMP036,2,2,approve,2025-10-19 00:00:00,48,20.19,SLA breach
APR000387,PR,PR00240,EMP037,3,3,approve,2025-10-19 00:00:00,48,12.69,SLA breach
APR000388,PR,PR00241,EMP035,1,1,approve,2024-03-12 00:00:00,24,8.9,ok
APR000389,PR,PR00242,EMP032,1,1,approve,2024-08-21 00:00:00,24,7.63,ok
APR000390,PR,PR00242,EMP029,2,2,approve,2024-08-21 00:00:00,48,17.37,ok
APR000391,PR,PR00242,EMP005,3,3,approve,2024-08-21 00:00:00,48,16.74,ok
APR000392,PR,PR00243,EMP039,1,1,approve,2025-08-27 00:00:00,24,14.29,ok
APR000393,PR,PR00245,EMP018,1,1,approve,2025-08-23 00:00:00,24,4.54,ok
APR000394,PR,PR00245,EMP033,2,2,approve,2025-08-23 00:00:00,48,1.87,ok
APR000395,PR,PR00245,EMP011,3,3,approve,2025-08-23 00:00:00,48,17.62,ok
APR000396,PR,PR00246,EMP032,1,1,approve,2024-11-01 00:00:00,24,11.36,ok
APR000397,PR,PR00246,EMP005,2,2,approve,2024-11-04 00:00:00,48,76.37,SLA breach
APR000398,PR,PR00247,EMP028,1,1,approve,2024-08-13 00:00:00,24,19.73,ok
APR000399,PR,PR00247,EMP033,2,2,approve,2024-08-17 00:00:00,48,107.27,SLA breach
APR000400,PR,PR00248,EMP018,1,1,approve,2025-01-21 00:00:00,24,15.88,ok
APR000401,PR,PR00248,EMP013,2,2,approve,2025-01-27 00:00:00,48,163.45,SLA breach
APR000402,PR,PR00249,EMP022,1,1,approve,2024-03-04 00:00:00,24,19.57,ok
APR000403,PR,PR00249,EMP010,2,2,approve,2024-03-04 00:00:00,48,14.78,ok
APR000404,PR,PR00250,EMP011,1,1,approve,2024-04-12 00:00:00,24,2.67,ok
APR000405,PR,PR00250,EMP005,2,2,approve,2024-04-13 00:00:00,48,41.03,ok
APR000406,PR,PR00251,EMP024,1,1,approve,2024-07-15 00:00:00,24,44.01,SLA breach
APR000407,PR,PR00252,EMP031,1,1,approve,2025-09-21 00:00:00,24,4.35,ok
APR000408,PR,PR00252,EMP033,2,2,approve,2025-09-21 00:00:00,48,16.14,ok
APR000409,PR,PR00255,EMP018,1,1,approve,2024-05-08 00:00:00,24,13.44,ok
APR000410,PR,PR00255,EMP027,2,2,approve,2024-05-09 00:00:00,48,31.42,ok
APR000411,PR,PR00255,EMP024,3,3,approve,2024-05-12 00:00:00,48,73.11,SLA breach
APR000412,PR,PR00257,EMP015,1,1,approve,2025-04-25 00:00:00,24,18.55,ok
APR000413,PR,PR00258,EMP036,1,1,approve,2024-09-28 00:00:00,24,12.0,ok
APR000414,PR,PR00258,EMP016,2,2,approve,2024-09-28 00:00:00,48,5.89,ok
APR000415,PR,PR00259,EMP016,1,1,approve,2024-10-14 00:00:00,24,1.07,ok
APR000416,PR,PR00259,EMP018,2,2,approve,2024-10-20 00:00:00,48,164.44,SLA breach
APR000417,PR,PR00259,EMP029,3,3,approve,2024-10-20 00:00:00,48,5.78,SLA breach
APR000418,PR,PR00260,EMP038,1,1,approve,2025-01-02 00:00:00,24,10.96,ok
APR000419,PR,PR00261,EMP035,1,1,approve,2025-05-01 00:00:00,24,6.07,ok
APR000420,PR,PR00261,EMP007,2,2,approve,2025-05-01 00:00:00,48,13.38,ok
APR000421,PR,PR00261,EMP009,3,3,approve,2025-05-05 00:00:00,48,108.02,SLA breach
APR000422,PR,PR00262,EMP008,1,1,approve,2024-04-09 00:00:00,24,7.88,ok
APR000423,PR,PR00263,EMP007,1,1,approve,2024-03-12 00:00:00,24,91.09,SLA breach
APR000424,PR,PR00263,EMP014,2,2,approve,2024-03-12 00:00:00,48,1.71,SLA breach
APR000425,PR,PR00264,EMP017,1,1,approve,2025-07-14 00:00:00,24,4.94,ok
APR000426,PR,PR00264,EMP038,2,2,approve,2025-07-15 00:00:00,48,25.33,ok
APR000427,PR,PR00264,EMP009,3,3,approve,2025-07-21 00:00:00,48,152.52,SLA breach
APR000428,PR,PR00265,EMP001,1,1,approve,2025-10-16 00:00:00,24,2.01,ok
APR000429,PR,PR00265,EMP004,2,2,approve,2025-10-16 00:00:00,48,7.69,ok
APR000430,PR,PR00268,EMP012,1,1,approve,2024-08-28 00:00:00,24,10.91,ok
APR000431,PR,PR00268,EMP028,2,2,approve,2024-09-01 00:00:00,48,108.76,SLA breach
APR000432,PR,PR00269,EMP038,1,1,approve,2024-04-10 00:00:00,24,36.7,SLA breach
APR000433,PR,PR00269,EMP038,2,2,approve,2024-04-11 00:00:00,48,42.83,SLA breach
APR000434,PR,PR00270,EMP015,1,1,approve,2024-05-01 00:00:00,24,85.34,SLA breach
APR000435,PR,PR00270,EMP013,2,2,approve,2024-05-02 00:00:00,48,31.91,SLA breach
APR000436,PR,PR00271,EMP037,1,1,approve,2024-03-16 00:00:00,24,11.98,ok
APR000437,PR,PR00272,EMP005,1,1,approve,2024-08-19 00:00:00,24,13.5,ok
APR000438,PR,PR00272,EMP022,2,2,approve,2024-08-20 00:00:00,48,24.31,ok
APR000439,PR,PR00272,EMP017,3,3,approve,2024-08-20 00:00:00,48,4.95,ok
APR000440,PR,PR00273,EMP029,1,1,approve,2024-10-04 00:00:00,24,17.59,ok
APR000441,PR,PR00273,EMP024,2,2,approve,2024-10-04 00:00:00,48,23.75,ok
APR000442,PR,PR00274,EMP022,1,1,approve,2024-06-14 00:00:00,24,8.78,ok
APR000443,PR,PR00274,EMP018,2,2,approve,2024-06-20 00:00:00,48,158.87,SLA breach
APR000444,PR,PR00275,EMP034,1,1,approve,2025-11-23 00:00:00,24,73.46,SLA breach
APR000445,PR,PR00275,EMP018,2,2,approve,2025-11-26 00:00:00,48,79.74,SLA breach
APR000446,PR,PR00275,EMP026,3,3,approve,2025-11-27 00:00:00,48,40.17,SLA breach
APR000447,PR,PR00276,EMP007,1,1,approve,2025-01-28 00:00:00,24,9.88,ok
APR000448,PR,PR00276,EMP006,2,2,approve,2025-01-29 00:00:00,48,33.84,ok
APR000449,PR,PR00277,EMP004,1,1,approve,2024-01-14 00:00:00,24,10.59,ok
APR000450,PR,PR00277,EMP019,2,2,approve,2024-01-14 00:00:00,48,15.35,ok
APR000451,PR,PR00278,EMP003,1,1,approve,2025-12-19 00:00:00,24,21.59,ok
APR000452,PR,PR00279,EMP040,1,1,approve,2024-04-29 00:00:00,24,9.07,ok
APR000453,PR,PR00279,EMP004,2,2,approve,2024-04-29 00:00:00,48,6.65,ok
APR000454,PR,PR00279,EMP008,3,3,approve,2024-05-05 00:00:00,48,144.44,SLA breach
APR000455,PR,PR00283,EMP003,1,1,approve,2024-08-23 00:00:00,24,6.98,ok
APR000456,PR,PR00283,EMP036,2,2,approve,2024-08-27 00:00:00,48,108.48,SLA breach
APR000457,PR,PR00283,EMP029,3,3,approve,2024-09-01 00:00:00,48,135.34,SLA breach
APR000458,PR,PR00284,EMP019,1,1,approve,2024-03-16 00:00:00,24,8.74,ok
APR000459,PR,PR00284,EMP039,2,2,approve,2024-03-17 00:00:00,48,28.08,ok
APR000460,PR,PR00284,EMP030,3,3,approve,2024-03-18 00:00:00,48,29.52,ok
APR000461,PR,PR00285,EMP002,1,1,approve,2024-09-02 00:00:00,24,81.83,SLA breach
APR000462,PR,PR00285,EMP014,2,2,approve,2024-09-02 00:00:00,48,8.34,SLA breach
APR000463,PR,PR00286,EMP014,1,1,approve,2025-11-22 00:00:00,24,20.02,ok
APR000464,PR,PR00286,EMP028,2,2,approve,2025-11-27 00:00:00,48,129.83,SLA breach
APR000465,PR,PR00287,EMP025,1,1,approve,2024-09-10 00:00:00,24,13.37,ok
APR000466,PR,PR00287,EMP025,2,2,approve,2024-09-13 00:00:00,48,78.62,SLA breach
APR000467,PR,PR00288,EMP004,1,1,approve,2024-06-26 00:00:00,24,9.05,ok
APR000468,PR,PR00288,EMP009,2,2,approve,2024-06-26 00:00:00,48,19.95,ok
APR000469,PR,PR00290,EMP021,1,1,approve,2024-05-15 00:00:00,24,11.57,ok
APR000470,PR,PR00290,EMP037,2,2,approve,2024-05-20 00:00:00,48,131.49,SLA breach
APR000471,PR,PR00290,EMP013,3,3,approve,2024-05-20 00:00:00,48,16.87,SLA breach
APR000472,PR,PR00293,EMP028,1,1,approve,2025-02-20 00:00:00,24,12.22,ok
APR000473,PR,PR00293,EMP008,2,2,approve,2025-02-21 00:00:00,48,40.12,ok
APR000474,PR,PR00294,EMP037,1,1,approve,2025-10-16 00:00:00,24,4.59,ok
APR000475,PR,PR00294,EMP030,2,2,approve,2025-10-21 00:00:00,48,140.14,SLA breach
APR000476,PR,PR00295,EMP012,1,1,approve,2024-10-20 00:00:00,24,8.35,ok
APR000477,PR,PR00295,EMP029,2,2,approve,2024-10-20 00:00:00,48,23.96,ok
APR000478,PR,PR00296,EMP024,1,1,approve,2024-05-23 00:00:00,24,1.62,ok
APR000479,PR,PR00298,EMP022,1,1,approve,2025-03-02 00:00:00,24,15.31,ok
APR000480,PR,PR00298,EMP024,2,2,approve,2025-03-03 00:00:00,48,33.99,ok
APR000481,PR,PR00298,EMP033,3,3,approve,2025-03-10 00:00:00,48,175.25,SLA breach
APR000482,PR,PR00299,EMP021,1,1,approve,2024-03-07 00:00:00,24,10.35,ok
APR000483,PR,PR00299,EMP014,2,2,approve,2024-03-07 00:00:00,48,9.54,ok
APR000484,PR,PR00300,EMP034,1,1,approve,2025-01-10 00:00:00,24,86.68,SLA breach
APR000485,PR,PR00302,EMP016,1,1,approve,2024-06-07 00:00:00,24,2.5,ok
APR000486,PR,PR00302,EMP008,2,2,approve,2024-06-14 00:00:00,48,177.28,SLA breach
APR000487,PR,PR00303,EMP012,1,1,approve,2025-03-27 00:00:00,24,49.11,SLA breach
APR000488,PR,PR00303,EMP007,2,2,approve,2025-03-28 00:00:00,48,35.09,SLA breach
APR000489,PR,PR00303,EMP005,3,3,approve,2025-03-28 00:00:00,48,9.04,SLA breach
APR000490,PR,PR00304,EMP040,1,1,approve,2025-06-01 00:00:00,24,7.7,ok
APR000491,PR,PR00304,EMP030,2,2,approve,2025-06-08 00:00:00,48,170.0,SLA breach
APR000492,PR,PR00304,EMP016,3,3,approve,2025-06-09 00:00:00,48,28.75,SLA breach
APR000493,PR,PR00305,EMP035,1,1,approve,2024-06-04 00:00:00,24,12.9,ok
APR000494,PR,PR00305,EMP020,2,2,approve,2024-06-09 00:00:00,48,138.71,SLA breach
APR000495,PR,PR00306,EMP021,1,1,approve,2025-09-06 00:00:00,24,5.41,ok
APR000496,PR,PR00306,EMP034,2,2,approve,2025-09-13 00:00:00,48,186.15,SLA breach
APR000497,PR,PR00306,EMP007,3,3,approve,2025-09-13 00:00:00,48,7.3,SLA breach
APR000498,PR,PR00308,EMP018,1,1,approve,2025-08-01 00:00:00,24,47.93,SLA breach
APR000499,PR,PR00308,EMP013,2,2,approve,2025-08-02 00:00:00,48,32.01,SLA breach
APR000500,PR,PR00309,EMP022,1,1,approve,2025-04-17 00:00:00,24,44.16,SLA breach
APR000501,PR,PR00309,EMP029,2,2,approve,2025-04-18 00:00:00,48,40.06,SLA breach
APR000502,PR,PR00310,EMP024,1,1,approve,2024-04-19 00:00:00,24,15.43,ok
APR000503,PR,PR00310,EMP025,2,2,approve,2024-04-19 00:00:00,48,15.77,ok
APR000504,PR,PR00310,EMP001,3,3,approve,2024-04-19 00:00:00,48,3.79,ok
APR000505,PR,PR00311,EMP039,1,1,approve,2024-06-05 00:00:00,24,2.24,ok
APR000506,PR,PR00312,EMP017,1,1,approve,2024-05-21 00:00:00,24,20.48,ok
APR000507,PR,PR00313,EMP003,1,1,approve,2024-04-26 00:00:00,24,5.03,ok
APR000508,PR,PR00313,EMP004,2,2,approve,2024-04-26 00:00:00,48,5.29,ok
APR000509,PR,PR00314,EMP010,1,1,approve,2025-03-03 00:00:00,24,10.0,ok
APR000510,PR,PR00314,EMP034,2,2,approve,2025-03-08 00:00:00,48,142.22,SLA breach
APR000511,PR,PR00314,EMP031,3,3,approve,2025-03-08 00:00:00,48,6.83,SLA breach
APR000512,PR,PR00315,EMP033,1,1,approve,2025-12-01 00:00:00,24,72.63,SLA breach
APR000513,PR,PR00315,EMP039,2,2,approve,2025-12-06 00:00:00,48,142.76,SLA breach
APR000514,PR,PR00315,EMP026,3,3,approve,2025-12-07 00:00:00,48,40.21,SLA breach
APR000515,PR,PR00316,EMP009,1,1,approve,2024-10-23 00:00:00,24,20.69,ok
APR000516,PR,PR00316,EMP033,2,2,approve,2024-10-28 00:00:00,48,128.07,SLA breach
APR000517,PR,PR00316,EMP011,3,3,approve,2024-10-29 00:00:00,48,39.15,SLA breach
APR000518,PR,PR00318,EMP006,1,1,approve,2024-05-16 00:00:00,24,7.6,ok
APR000519,PR,PR00318,EMP013,2,2,approve,2024-05-16 00:00:00,48,8.59,ok
APR000520,PR,PR00319,EMP036,1,1,approve,2024-10-24 00:00:00,24,17.65,ok
APR000521,PR,PR00319,EMP025,2,2,approve,2024-10-24 00:00:00,48,15.07,ok
APR000522,PR,PR00320,EMP037,1,1,approve,2025-04-08 00:00:00,24,1.01,ok
APR000523,PR,PR00321,EMP021,1,1,approve,2025-11-02 00:00:00,24,19.92,ok
APR000524,PR,PR00322,EMP026,1,1,approve,2025-08-14 00:00:00,24,1.06,ok
APR000525,PR,PR00322,EMP007,2,2,approve,2025-08-15 00:00:00,48,24.26,ok
APR000526,PR,PR00323,EMP016,1,1,approve,2025-06-19 00:00:00,24,21.49,ok
APR000527,PR,PR00323,EMP003,2,2,approve,2025-06-19 00:00:00,48,17.1,ok
APR000528,PR,PR00323,EMP006,3,3,approve,2025-06-19 00:00:00,48,3.97,ok
APR000529,PR,PR00326,EMP009,1,1,approve,2025-06-25 00:00:00,24,8.85,ok
APR000530,PR,PR00327,EMP007,1,1,approve,2025-03-11 00:00:00,24,12.06,ok
APR000531,PR,PR00328,EMP011,1,1,approve,2024-04-10 00:00:00,24,21.06,ok
APR000532,PR,PR00330,EMP003,1,1,approve,2025-12-03 00:00:00,24,6.09,ok
APR000533,PR,PR00330,EMP013,2,2,approve,2025-12-04 00:00:00,48,31.16,ok
APR000534,PR,PR00331,EMP040,1,1,approve,2024-11-05 00:00:00,24,10.79,ok
APR000535,PR,PR00331,EMP036,2,2,approve,2024-11-11 00:00:00,48,156.55,SLA breach
APR000536,PR,PR00331,EMP021,3,3,approve,2024-11-17 00:00:00,48,149.01,SLA breach
APR000537,PR,PR00332,EMP036,1,1,approve,2024-12-09 00:00:00,24,48.22,SLA breach
APR000538,PR,PR00333,EMP013,1,1,approve,2024-06-11 00:00:00,24,17.85,ok
APR000539,PR,PR00334,EMP003,1,1,approve,2025-09-10 00:00:00,24,37.17,SLA breach
APR000540,PR,PR00334,EMP025,2,2,approve,2025-09-11 00:00:00,48,42.04,SLA breach
APR000541,PR,PR00335,EMP015,1,1,approve,2024-01-31 00:00:00,24,1.32,ok
APR000542,PR,PR00335,EMP034,2,2,approve,2024-02-01 00:00:00,48,24.55,ok
APR000543,PR,PR00336,EMP037,1,1,approve,2025-09-16 00:00:00,24,87.29,SLA breach
APR000544,PR,PR00336,EMP005,2,2,approve,2025-09-16 00:00:00,48,6.87,SLA breach
APR000545,PR,PR00339,EMP018,1,1,approve,2024-02-26 00:00:00,24,7.76,ok
APR000546,PR,PR00340,EMP037,1,1,approve,2025-01-02 00:00:00,24,10.08,ok
APR000547,PR,PR00340,EMP030,2,2,approve,2025-01-05 00:00:00,48,77.26,SLA breach
APR000548,PR,PR00340,EMP021,3,3,approve,2025-01-10 00:00:00,48,123.62,SLA breach
APR000549,PR,PR00341,EMP036,1,1,approve,2024-12-30 00:00:00,24,4.17,ok
APR000550,PR,PR00342,EMP004,1,1,approve,2024-10-21 00:00:00,24,6.7,ok
APR000551,PR,PR00342,EMP022,2,2,approve,2024-10-21 00:00:00,48,19.95,ok
APR000552,PR,PR00343,EMP021,1,1,approve,2024-04-25 00:00:00,24,19.94,ok
APR000553,PR,PR00343,EMP006,2,2,approve,2024-04-26 00:00:00,48,40.34,ok
APR000554,PR,PR00344,EMP005,1,1,approve,2025-10-01 00:00:00,24,14.73,ok
APR000555,PR,PR00344,EMP019,2,2,approve,2025-10-08 00:00:00,48,189.91,SLA breach
APR000556,PR,PR00345,EMP004,1,1,approve,2025-07-19 00:00:00,24,2.46,ok
APR000557,PR,PR00346,EMP001,1,1,approve,2025-08-06 00:00:00,24,73.97,SLA breach
APR000558,PR,PR00346,EMP025,2,2,approve,2025-08-10 00:00:00,48,97.5,SLA breach
APR000559,PR,PR00347,EMP030,1,1,approve,2025-10-08 00:00:00,24,20.73,ok
APR000560,PR,PR00348,EMP039,1,1,approve,2024-10-13 00:00:00,24,4.47,ok
APR000561,PR,PR00349,EMP033,1,1,approve,2024-11-12 00:00:00,24,20.42,ok
APR000562,PR,PR00349,EMP012,2,2,approve,2024-11-12 00:00:00,48,21.24,ok
APR000563,PR,PR00350,EMP009,1,1,approve,2024-06-19 00:00:00,24,16.14,ok
APR000564,PR,PR00350,EMP004,2,2,approve,2024-06-23 00:00:00,48,96.94,SLA breach
APR000565,PR,PR00351,EMP011,1,1,approve,2024-09-29 00:00:00,24,15.09,ok
APR000566,PR,PR00352,EMP025,1,1,approve,2024-06-26 00:00:00,24,19.35,ok
APR000567,PR,PR00352,EMP010,2,2,approve,2024-06-26 00:00:00,48,17.63,ok
APR000568,PR,PR00354,EMP040,1,1,approve,2024-06-18 00:00:00,24,13.24,ok
APR000569,PR,PR00354,EMP027,2,2,approve,2024-06-24 00:00:00,48,146.73,SLA breach
APR000570,PR,PR00357,EMP040,1,1,approve,2024-10-23 00:00:00,24,12.8,ok
APR000571,PR,PR00357,EMP006,2,2,approve,2024-10-23 00:00:00,48,13.93,ok
APR000572,PR,PR00358,EMP027,1,1,approve,2025-02-18 00:00:00,24,10.33,ok
APR000573,PR,PR00359,EMP010,1,1,approve,2024-07-23 00:00:00,24,16.28,ok
APR000574,PR,PR00359,EMP029,2,2,approve,2024-07-23 00:00:00,48,19.77,ok
APR000575,PR,PR00360,EMP037,1,1,approve,2025-02-03 00:00:00,24,5.67,ok
APR000576,PR,PR00360,EMP014,2,2,approve,2025-02-03 00:00:00,48,6.21,ok
APR000577,PR,PR00362,EMP030,1,1,approve,2024-11-14 00:00:00,24,38.94,SLA breach
APR000578,PR,PR00362,EMP039,2,2,approve,2024-11-17 00:00:00,48,94.49,SLA breach
APR000579,PR,PR00363,EMP010,1,1,approve,2025-05-10 00:00:00,24,21.23,ok
APR000580,PR,PR00363,EMP033,2,2,approve,2025-05-13 00:00:00,48,91.37,SLA breach
APR000581,PR,PR00363,EMP039,3,3,approve,2025-05-16 00:00:00,48,84.74,SLA breach
APR000582,PR,PR00364,EMP036,1,1,approve,2025-10-01 00:00:00,24,5.72,ok
APR000583,PR,PR00365,EMP022,1,1,approve,2025-02-24 00:00:00,24,14.87,ok
APR000584,PR,PR00366,EMP037,1,1,approve,2025-09-20 00:00:00,24,9.36,ok
APR000585,PR,PR00366,EMP005,2,2,approve,2025-09-20 00:00:00,48,21.03,ok
APR000586,PR,PR00369,EMP006,1,1,approve,2025-05-24 00:00:00,24,20.02,ok
APR000587,PR,PR00369,EMP023,2,2,approve,2025-05-24 00:00:00,48,9.5,ok
APR000588,PR,PR00370,EMP020,1,1,approve,2025-09-25 00:00:00,24,5.25,ok
APR000589,PR,PR00371,EMP036,1,1,approve,2025-12-21 00:00:00,24,11.83,ok
APR000590,PR,PR00371,EMP038,2,2,approve,2025-12-25 00:00:00,48,98.94,SLA breach
APR000591,PR,PR00371,EMP039,3,3,approve,2025-12-25 00:00:00,48,18.73,SLA breach
APR000592,PR,PR00372,EMP015,1,1,approve,2025-01-14 00:00:00,24,79.41,SLA breach
APR000593,PR,PR00372,EMP010,2,2,approve,2025-01-15 00:00:00,48,35.73,SLA breach
APR000594,PR,PR00373,EMP027,1,1,approve,2025-07-26 00:00:00,24,4.78,ok
APR000595,PR,PR00373,EMP009,2,2,approve,2025-08-01 00:00:00,48,152.49,SLA breach
APR000596,PR,PR00373,EMP020,3,3,approve,2025-08-05 00:00:00,48,101.84,SLA breach
APR000597,PR,PR00374,EMP035,1,1,approve,2025-08-02 00:00:00,24,4.2,ok
APR000598,PR,PR00375,EMP029,1,1,approve,2024-06-07 00:00:00,24,17.81,ok
APR000599,PR,PR00375,EMP031,2,2,approve,2024-06-07 00:00:00,48,6.99,ok
APR000600,PR,PR00375,EMP021,3,3,approve,2024-06-07 00:00:00,48,15.66,ok
APR000601,PR,PR00376,EMP027,1,1,approve,2025-08-01 00:00:00,24,10.05,ok
APR000602,PR,PR00377,EMP017,1,1,approve,2024-12-21 00:00:00,24,6.8,ok
APR000603,PR,PR00377,EMP010,2,2,approve,2024-12-22 00:00:00,48,31.58,ok
APR000604,PR,PR00379,EMP012,1,1,approve,2024-06-22 00:00:00,24,42.78,SLA breach
APR000605,PR,PR00379,EMP017,2,2,approve,2024-06-22 00:00:00,48,14.53,SLA breach
APR000606,PR,PR00379,EMP013,3,3,approve,2024-06-23 00:00:00,48,28.26,SLA breach
APR000607,PR,PR00380,EMP028,1,1,approve,2025-05-15 00:00:00,24,4.74,ok
APR000608,PR,PR00381,EMP010,1,1,approve,2025-11-21 00:00:00,24,15.84,ok
APR000609,PR,PR00381,EMP040,2,2,approve,2025-11-21 00:00:00,48,8.27,ok
APR000610,PR,PR00382,EMP035,1,1,approve,2025-06-25 00:00:00,24,12.19,ok
APR000611,PR,PR00382,EMP001,2,2,approve,2025-06-25 00:00:00,48,17.94,ok
APR000612,PR,PR00383,EMP005,1,1,approve,2025-07-01 00:00:00,24,3.98,ok
APR000613,PR,PR00383,EMP005,2,2,approve,2025-07-04 00:00:00,48,74.05,SLA breach
APR000614,PR,PR00384,EMP011,1,1,approve,2025-12-15 00:00:00,24,5.05,ok
APR000615,PR,PR00385,EMP014,1,1,approve,2025-07-16 00:00:00,24,17.27,ok
APR000616,PR,PR00385,EMP006,2,2,approve,2025-07-21 00:00:00,48,130.04,SLA breach
APR000617,PR,PR00386,EMP003,1,1,approve,2025-12-01 00:00:00,24,8.94,ok
APR000618,PR,PR00386,EMP024,2,2,approve,2025-12-02 00:00:00,48,27.55,ok
APR000619,PR,PR00386,EMP035,3,3,approve,2025-12-02 00:00:00,48,8.05,ok
APR000620,PR,PR00387,EMP038,1,1,approve,2025-12-05 00:00:00,24,73.0,SLA breach
APR000621,PR,PR00387,EMP022,2,2,approve,2025-12-06 00:00:00,48,41.19,SLA breach
APR000622,PR,PR00388,EMP039,1,1,approve,2025-10-14 00:00:00,24,4.99,ok
APR000623,PR,PR00389,EMP017,1,1,approve,2025-02-02 00:00:00,24,68.08,SLA breach
APR000624,PR,PR00389,EMP015,2,2,approve,2025-02-02 00:00:00,48,5.4,SLA breach
APR000625,PR,PR00389,EMP037,3,3,approve,2025-02-09 00:00:00,48,177.27,SLA breach
APR000626,PR,PR00391,EMP003,1,1,approve,2023-12-29 00:00:00,24,4.34,ok
APR000627,PR,PR00391,EMP014,2,2,approve,2024-01-04 00:00:00,48,147.72,SLA breach
APR000628,PR,PR00393,EMP002,1,1,approve,2024-05-21 00:00:00,24,7.07,ok
APR000629,PR,PR00393,EMP025,2,2,approve,2024-05-21 00:00:00,48,13.97,ok
APR000630,PR,PR00393,EMP021,3,3,approve,2024-05-21 00:00:00,48,13.18,ok
APR000631,PR,PR00394,EMP036,1,1,approve,2024-05-03 00:00:00,24,13.72,ok
APR000632,PR,PR00394,EMP036,2,2,approve,2024-05-04 00:00:00,48,29.49,ok
APR000633,PR,PR00395,EMP038,1,1,approve,2025-04-23 00:00:00,24,3.45,ok
APR000634,PR,PR00395,EMP037,2,2,approve,2025-04-24 00:00:00,48,35.0,ok
APR000635,PR,PR00395,EMP039,3,3,approve,2025-04-24 00:00:00,48,11.97,ok
APR000636,PR,PR00396,EMP015,1,1,approve,2025-08-12 00:00:00,24,55.65,SLA breach
APR000637,PR,PR00396,EMP033,2,2,approve,2025-08-13 00:00:00,48,35.0,SLA breach
APR000638,PR,PR00396,EMP007,3,3,approve,2025-08-18 00:00:00,48,133.43,SLA breach
APR000639,PR,PR00397,EMP022,1,1,approve,2024-09-21 00:00:00,24,20.18,ok
APR000640,PR,PR00397,EMP035,2,2,approve,2024-09-27 00:00:00,48,156.51,SLA breach
APR000641,PR,PR00400,EMP032,1,1,approve,2024-08-28 00:00:00,24,50.75,SLA breach
APR000642,PR,PR00401,EMP001,1,1,approve,2025-02-13 00:00:00,24,13.04,ok
APR000643,PR,PR00402,EMP001,1,1,approve,2024-12-12 00:00:00,24,13.74,ok
APR000644,PR,PR00405,EMP032,1,1,approve,2025-09-29 00:00:00,24,51.84,SLA breach
APR000645,PR,PR00405,EMP033,2,2,approve,2025-09-29 00:00:00,48,18.82,SLA breach
APR000646,PR,PR00406,EMP028,1,1,approve,2025-06-21 00:00:00,24,5.05,ok
APR000647,PR,PR00407,EMP027,1,1,approve,2025-10-26 00:00:00,24,11.56,ok
APR000648,PR,PR00407,EMP009,2,2,approve,2025-10-26 00:00:00,48,8.86,ok
APR000649,PR,PR00407,EMP011,3,3,approve,2025-10-26 00:00:00,48,15.71,ok
APR000650,PR,PR00408,EMP025,1,1,approve,2024-10-28 00:00:00,24,10.78,ok
APR000651,PR,PR00408,EMP037,2,2,approve,2024-10-29 00:00:00,48,37.53,ok
APR000652,PR,PR00409,EMP037,1,1,approve,2024-03-18 00:00:00,24,3.79,ok
APR000653,PR,PR00409,EMP035,2,2,approve,2024-03-18 00:00:00,48,18.27,ok
APR000654,PR,PR00409,EMP030,3,3,approve,2024-03-18 00:00:00,48,1.42,ok
APR000655,PR,PR00410,EMP005,1,1,approve,2025-06-22 00:00:00,24,21.45,ok
APR000656,PR,PR00410,EMP017,2,2,approve,2025-06-22 00:00:00,48,1.27,ok
APR000657,PR,PR00411,EMP030,1,1,approve,2024-10-27 00:00:00,24,2.63,ok
APR000658,PR,PR00411,EMP036,2,2,approve,2024-10-27 00:00:00,48,13.66,ok
APR000659,PR,PR00411,EMP009,3,3,approve,2024-11-03 00:00:00,48,188.48,SLA breach
APR000660,PR,PR00413,EMP034,1,1,approve,2025-05-10 00:00:00,24,60.22,SLA breach
APR000661,PR,PR00413,EMP013,2,2,approve,2025-05-11 00:00:00,48,33.43,SLA breach
APR000662,PR,PR00415,EMP006,1,1,approve,2024-01-16 00:00:00,24,12.7,ok
APR000663,PR,PR00415,EMP001,2,2,approve,2024-01-19 00:00:00,48,86.29,SLA breach
APR000664,PR,PR00416,EMP021,1,1,approve,2024-09-30 00:00:00,24,88.94,SLA breach
APR000665,PR,PR00417,EMP038,1,1,approve,2024-05-23 00:00:00,24,6.16,ok
APR000666,PR,PR00417,EMP026,2,2,approve,2024-05-23 00:00:00,48,12.53,ok
APR000667,PR,PR00417,EMP004,3,3,approve,2024-05-23 00:00:00,48,7.26,ok
APR000668,PR,PR00418,EMP007,1,1,approve,2025-07-13 00:00:00,24,4.29,ok
APR000669,PR,PR00419,EMP012,1,1,approve,2024-02-27 00:00:00,24,16.36,ok
APR000670,PR,PR00420,EMP014,1,1,approve,2025-01-13 00:00:00,24,16.32,ok
APR000671,PR,PR00421,EMP009,1,1,approve,2024-06-01 00:00:00,24,20.63,ok
APR000672,PR,PR00421,EMP040,2,2,approve,2024-06-01 00:00:00,48,4.23,ok
APR000673,PR,PR00421,EMP027,3,3,approve,2024-06-02 00:00:00,48,38.3,ok
APR000674,PR,PR00422,EMP017,1,1,approve,2024-10-27 00:00:00,24,4.37,ok
APR000675,PR,PR00422,EMP026,2,2,approve,2024-10-27 00:00:00,48,8.26,ok
APR000676,PR,PR00423,EMP018,1,1,approve,2024-04-03 00:00:00,24,7.41,ok
APR000677,PR,PR00424,EMP007,1,1,approve,2025-12-26 00:00:00,24,3.41,ok
APR000678,PR,PR00424,EMP007,2,2,approve,2025-12-26 00:00:00,48,21.95,ok
APR000679,PR,PR00424,EMP036,3,3,approve,2025-12-26 00:00:00,48,20.69,ok
APR000680,PR,PR00426,EMP039,1,1,approve,2024-05-17 00:00:00,24,89.63,SLA breach
APR000681,PR,PR00426,EMP025,2,2,approve,2024-05-18 00:00:00,48,25.82,SLA breach
APR000682,PR,PR00426,EMP008,3,3,approve,2024-05-18 00:00:00,48,21.7,SLA breach
APR000683,PR,PR00427,EMP031,1,1,approve,2024-06-14 00:00:00,24,6.35,ok
APR000684,PR,PR00427,EMP023,2,2,approve,2024-06-21 00:00:00,48,168.1,SLA breach
APR000685,PR,PR00428,EMP019,1,1,approve,2025-04-28 00:00:00,24,6.94,ok
APR000686,PR,PR00428,EMP001,2,2,approve,2025-04-28 00:00:00,48,10.3,ok
APR000687,PR,PR00428,EMP028,3,3,approve,2025-04-28 00:00:00,48,5.52,ok
APR000688,PR,PR00430,EMP024,1,1,approve,2024-08-23 00:00:00,24,3.03,ok
APR000689,PR,PR00430,EMP003,2,2,approve,2024-08-23 00:00:00,48,16.88,ok
APR000690,PR,PR00430,EMP030,3,3,approve,2024-08-24 00:00:00,48,35.27,ok
APR000691,PR,PR00431,EMP019,1,1,approve,2025-04-28 00:00:00,24,19.31,ok
APR000692,PR,PR00431,EMP033,2,2,approve,2025-04-29 00:00:00,48,36.47,ok
APR000693,PR,PR00432,EMP033,1,1,approve,2025-03-25 00:00:00,24,67.74,SLA breach
APR000694,PR,PR00432,EMP027,2,2,approve,2025-03-26 00:00:00,48,26.63,SLA breach
APR000695,PR,PR00433,EMP029,1,1,approve,2024-01-14 00:00:00,24,7.63,ok
APR000696,PR,PR00434,EMP035,1,1,approve,2024-02-17 00:00:00,24,4.25,ok
APR000697,PR,PR00437,EMP023,1,1,approve,2025-01-10 00:00:00,24,2.25,ok
APR000698,PR,PR00437,EMP036,2,2,approve,2025-01-11 00:00:00,48,26.86,ok
APR000699,PR,PR00437,EMP015,3,3,approve,2025-01-12 00:00:00,48,30.49,ok
APR000700,PR,PR00438,EMP028,1,1,approve,2025-03-05 00:00:00,24,87.55,SLA breach
APR000701,PR,PR00438,EMP032,2,2,approve,2025-03-05 00:00:00,48,1.12,SLA breach
APR000702,PR,PR00439,EMP022,1,1,approve,2024-10-14 00:00:00,24,58.45,SLA breach
APR000703,PR,PR00440,EMP021,1,1,approve,2025-09-22 00:00:00,24,13.33,ok
APR000704,PR,PR00440,EMP040,2,2,approve,2025-09-23 00:00:00,48,26.81,ok
APR000705,PR,PR00442,EMP035,1,1,approve,2024-05-21 00:00:00,24,80.51,SLA breach
APR000706,PR,PR00442,EMP009,2,2,approve,2024-05-21 00:00:00,48,14.31,SLA breach
APR000707,PR,PR00443,EMP001,1,1,approve,2024-10-05 00:00:00,24,16.16,ok
APR000708,PR,PR00443,EMP032,2,2,approve,2024-10-05 00:00:00,48,23.9,ok
APR000709,PR,PR00443,EMP025,3,3,approve,2024-10-10 00:00:00,48,131.13,SLA breach
APR000710,PR,PR00444,EMP009,1,1,approve,2025-07-03 00:00:00,24,9.2,ok
APR000711,PR,PR00445,EMP001,1,1,approve,2024-11-29 00:00:00,24,36.69,SLA breach
APR000712,PR,PR00445,EMP026,2,2,approve,2024-11-30 00:00:00,48,28.65,SLA breach
APR000713,PR,PR00446,EMP026,1,1,approve,2024-09-01 00:00:00,24,1.77,ok
APR000714,PR,PR00447,EMP013,1,1,approve,2024-08-04 00:00:00,24,6.93,ok
APR000715,PR,PR00447,EMP025,2,2,approve,2024-08-04 00:00:00,48,20.58,ok
APR000716,PR,PR00448,EMP013,1,1,approve,2025-09-09 00:00:00,24,17.09,ok
APR000717,PR,PR00450,EMP007,1,1,approve,2024-04-15 00:00:00,24,9.46,ok
APR000718,PR,PR00450,EMP034,2,2,approve,2024-04-15 00:00:00,48,20.23,ok
APR000719,PR,PR00451,EMP036,1,1,approve,2025-07-07 00:00:00,24,18.33,ok
APR000720,PR,PR00452,EMP022,1,1,approve,2025-03-09 00:00:00,24,5.49,ok
APR000721,PR,PR00452,EMP003,2,2,approve,2025-03-10 00:00:00,48,35.11,ok
APR000722,PR,PR00453,EMP026,1,1,approve,2024-04-10 00:00:00,24,16.71,ok
APR000723,PR,PR00454,EMP039,1,1,approve,2024-01-28 00:00:00,24,7.73,ok
APR000724,PR,PR00454,EMP023,2,2,approve,2024-01-28 00:00:00,48,5.77,ok
APR000725,PR,PR00455,EMP015,1,1,approve,2025-10-19 00:00:00,24,6.58,ok
APR000726,PR,PR00455,EMP034,2,2,approve,2025-10-19 00:00:00,48,15.51,ok
APR000727,PR,PR00456,EMP020,1,1,approve,2025-03-15 00:00:00,24,7.1,ok
APR000728,PR,PR00457,EMP018,1,1,approve,2024-06-18 00:00:00,24,6.45,ok
APR000729,PR,PR00458,EMP025,1,1,approve,2024-01-03 00:00:00,24,7.05,ok
APR000730,PR,PR00460,EMP034,1,1,approve,2025-02-17 00:00:00,24,4.83,ok
APR000731,PR,PR00460,EMP027,2,2,approve,2025-02-17 00:00:00,48,8.0,ok
APR000732,PR,PR00461,EMP039,1,1,approve,2025-04-17 00:00:00,24,6.18,ok
APR000733,PR,PR00461,EMP013,2,2,approve,2025-04-17 00:00:00,48,5.04,ok
APR000734,PR,PR00464,EMP035,1,1,approve,2025-07-09 00:00:00,24,21.12,ok
APR000735,PR,PR00464,EMP003,2,2,approve,2025-07-10 00:00:00,48,42.31,ok
APR000736,PR,PR00464,EMP026,3,3,approve,2025-07-11 00:00:00,48,37.18,ok
APR000737,PR,PR00465,EMP023,1,1,approve,2025-06-04 00:00:00,24,95.43,SLA breach
APR000738,PR,PR00465,EMP037,2,2,approve,2025-06-09 00:00:00,48,122.29,SLA breach
APR000739,PR,PR00467,EMP003,1,1,approve,2025-09-26 00:00:00,24,21.01,ok
APR000740,PR,PR00468,EMP014,1,1,approve,2024-01-22 00:00:00,24,68.38,SLA breach
APR000741,PR,PR00469,EMP017,1,1,approve,2024-12-16 00:00:00,24,10.65,ok
APR000742,PR,PR00469,EMP033,2,2,approve,2024-12-16 00:00:00,48,22.23,ok
APR000743,PR,PR00469,EMP028,3,3,approve,2024-12-17 00:00:00,48,33.16,ok
APR000744,PR,PR00470,EMP031,1,1,approve,2025-07-28 00:00:00,24,13.37,ok
APR000745,PR,PR00472,EMP001,1,1,approve,2025-07-16 00:00:00,24,9.94,ok
APR000746,PR,PR00473,EMP009,1,1,approve,2024-06-03 00:00:00,24,9.87,ok
APR000747,PR,PR00474,EMP019,1,1,approve,2024-03-09 00:00:00,24,6.84,ok
APR000748,PR,PR00474,EMP026,2,2,approve,2024-03-09 00:00:00,48,17.8,ok
APR000749,PR,PR00475,EMP015,1,1,approve,2024-11-15 00:00:00,24,2.4,ok
APR000750,PR,PR00475,EMP006,2,2,approve,2024-11-16 00:00:00,48,27.79,ok
APR000751,PR,PR00475,EMP021,3,3,approve,2024-11-17 00:00:00,48,35.14,ok
APR000752,PR,PR00476,EMP021,1,1,approve,2024-03-12 00:00:00,24,50.1,SLA breach
APR000753,PR,PR00476,EMP036,2,2,approve,2024-03-12 00:00:00,48,21.88,SLA breach
APR000754,PR,PR00477,EMP039,1,1,approve,2025-04-22 00:00:00,24,3.96,ok
APR000755,PR,PR00478,EMP013,1,1,approve,2024-07-16 00:00:00,24,61.4,SLA breach
APR000756,PR,PR00478,EMP034,2,2,approve,2024-07-17 00:00:00,48,34.69,SLA breach
APR000757,PR,PR00479,EMP028,1,1,approve,2025-04-25 00:00:00,24,82.41,SLA breach
APR000758,PR,PR00480,EMP028,1,1,approve,2025-01-17 00:00:00,24,1.38,ok
APR000759,PR,PR00482,EMP014,1,1,approve,2025-12-27 00:00:00,24,17.49,ok
APR000760,PR,PR00482,EMP028,2,2,approve,2026-01-01 00:00:00,48,122.03,SLA breach
APR000761,PR,PR00482,EMP015,3,3,approve,2026-01-01 00:00:00,48,6.38,SLA breach
APR000762,PR,PR00483,EMP032,1,1,approve,2025-12-12 00:00:00,24,11.38,ok
APR000763,PR,PR00483,EMP033,2,2,approve,2025-12-17 00:00:00,48,133.61,SLA breach
APR000764,PR,PR00484,EMP035,1,1,approve,2025-11-03 00:00:00,24,4.97,ok
APR000765,PR,PR00484,EMP040,2,2,approve,2025-11-03 00:00:00,48,1.16,ok
APR000766,PR,PR00485,EMP034,1,1,approve,2025-05-12 00:00:00,24,10.2,ok
APR000767,PR,PR00486,EMP018,1,1,approve,2025-07-21 00:00:00,24,17.68,ok
APR000768,PR,PR00487,EMP014,1,1,approve,2025-04-12 00:00:00,24,1.87,ok
APR000769,PR,PR00489,EMP020,1,1,approve,2024-09-27 00:00:00,24,3.34,ok
APR000770,PR,PR00489,EMP018,2,2,approve,2024-10-04 00:00:00,48,179.92,SLA breach
APR000771,PR,PR00491,EMP022,1,1,approve,2024-07-11 00:00:00,24,17.96,ok
APR000772,PR,PR00491,EMP036,2,2,approve,2024-07-11 00:00:00,48,18.48,ok
APR000773,PR,PR00491,EMP027,3,3,approve,2024-07-11 00:00:00,48,1.99,ok
APR000774,PR,PR00492,EMP014,1,1,approve,2025-11-01 00:00:00,24,18.37,ok
APR000775,PR,PR00492,EMP038,2,2,approve,2025-11-01 00:00:00,48,3.8,ok
APR000776,PR,PR00493,EMP025,1,1,approve,2025-12-28 00:00:00,24,12.12,ok
APR000777,PR,PR00493,EMP007,2,2,approve,2025-12-29 00:00:00,48,34.09,ok
APR000778,PR,PR00493,EMP002,3,3,approve,2025-12-29 00:00:00,48,6.65,ok
APR000779,PR,PR00494,EMP011,1,1,approve,2025-03-22 00:00:00,24,16.24,ok
APR000780,PR,PR00494,EMP014,2,2,approve,2025-03-23 00:00:00,48,28.78,ok
APR000781,PR,PR00494,EMP003,3,3,approve,2025-03-27 00:00:00,48,111.51,SLA breach
APR000782,PR,PR00495,EMP035,1,1,approve,2024-10-29 00:00:00,24,20.25,ok
APR000783,PR,PR00495,EMP038,2,2,approve,2024-10-30 00:00:00,48,32.38,ok
APR000784,PR,PR00499,EMP014,1,1,approve,2025-10-31 00:00:00,24,63.99,SLA breach
APR000785,PR,PR00499,EMP031,2,2,approve,2025-11-01 00:00:00,48,34.54,SLA breach
APR000786,PR,PR00499,EMP008,3,3,approve,2025-11-01 00:00:00,48,17.41,SLA breach
APR000787,PR,PR00500,EMP009,1,1,approve,2024-08-10 00:00:00,24,13.18,ok
APR000788,PR,PR00501,EMP040,1,1,approve,2025-05-05 00:00:00,24,5.54,ok
APR000789,PR,PR00503,EMP017,1,1,approve,2025-07-31 00:00:00,24,18.53,ok
APR000790,PR,PR00503,EMP003,2,2,approve,2025-07-31 00:00:00,48,13.6,ok
APR000791,PR,PR00504,EMP010,1,1,approve,2025-07-18 00:00:00,24,18.09,ok
APR000792,PR,PR00504,EMP038,2,2,approve,2025-07-18 00:00:00,48,5.83,ok
APR000793,PR,PR00505,EMP007,1,1,approve,2024-09-20 00:00:00,24,12.31,ok
APR000794,PR,PR00505,EMP034,2,2,approve,2024-09-26 00:00:00,48,152.57,SLA breach
APR000795,PR,PR00506,EMP003,1,1,approve,2024-02-23 00:00:00,24,60.53,SLA breach
APR000796,PR,PR00506,EMP021,2,2,approve,2024-02-26 00:00:00,48,81.05,SLA breach
APR000797,PR,PR00506,EMP002,3,3,approve,2024-02-27 00:00:00,48,24.9,SLA breach
APR000798,PR,PR00507,EMP027,1,1,approve,2024-04-12 00:00:00,24,7.91,ok
APR000799,PR,PR00509,EMP024,1,1,approve,2024-11-25 00:00:00,24,64.36,SLA breach
APR000800,PR,PR00509,EMP038,2,2,approve,2024-11-30 00:00:00,48,120.52,SLA breach
APR000801,PR,PR00510,EMP019,1,1,approve,2024-07-18 00:00:00,24,5.38,ok
APR000802,PR,PR00510,EMP028,2,2,approve,2024-07-18 00:00:00,48,14.86,ok
APR000803,PR,PR00510,EMP027,3,3,approve,2024-07-19 00:00:00,48,25.38,ok
APR000804,PR,PR00511,EMP009,1,1,approve,2024-04-22 00:00:00,24,1.39,ok
APR000805,PR,PR00511,EMP014,2,2,approve,2024-04-22 00:00:00,48,12.61,ok
APR000806,PR,PR00511,EMP019,3,3,approve,2024-04-29 00:00:00,48,189.51,SLA breach
APR000807,PR,PR00512,EMP022,1,1,approve,2025-08-27 00:00:00,24,5.62,ok
APR000808,PR,PR00512,EMP007,2,2,approve,2025-08-27 00:00:00,48,5.68,ok
APR000809,PR,PR00513,EMP026,1,1,approve,2025-06-26 00:00:00,24,2.88,ok
APR000810,PR,PR00513,EMP038,2,2,approve,2025-06-30 00:00:00,48,105.95,SLA breach
APR000811,PR,PR00513,EMP002,3,3,approve,2025-06-30 00:00:00,48,4.5,SLA breach
APR000812,PR,PR00514,EMP035,1,1,approve,2024-08-14 00:00:00,24,3.05,ok
APR000813,PR,PR00514,EMP031,2,2,approve,2024-08-14 00:00:00,48,4.37,ok
APR000814,PR,PR00514,EMP006,3,3,approve,2024-08-20 00:00:00,48,156.23,SLA breach
APR000815,PR,PR00515,EMP006,1,1,approve,2024-05-01 00:00:00,24,69.25,SLA breach
APR000816,PR,PR00516,EMP030,1,1,approve,2025-02-13 00:00:00,24,20.25,ok
APR000817,PR,PR00516,EMP040,2,2,approve,2025-02-14 00:00:00,48,26.2,ok
APR000818,PR,PR00517,EMP006,1,1,approve,2024-03-19 00:00:00,24,74.29,SLA breach
APR000819,PR,PR00517,EMP009,2,2,approve,2024-03-19 00:00:00,48,17.45,SLA breach
APR000820,PR,PR00517,EMP024,3,3,approve,2024-03-19 00:00:00,48,16.26,SLA breach
APR000821,PR,PR00518,EMP008,1,1,approve,2024-04-07 00:00:00,24,79.21,SLA breach
APR000822,PR,PR00518,EMP011,2,2,approve,2024-04-08 00:00:00,48,34.45,SLA breach
APR000823,PR,PR00519,EMP024,1,1,approve,2024-04-01 00:00:00,24,3.42,ok
APR000824,PR,PR00519,EMP003,2,2,approve,2024-04-02 00:00:00,48,24.49,ok
APR000825,PR,PR00519,EMP016,3,3,approve,2024-04-02 00:00:00,48,20.6,ok
APR000826,PR,PR00520,EMP002,1,1,approve,2025-04-06 00:00:00,24,14.23,ok
APR000827,PR,PR00520,EMP036,2,2,approve,2025-04-06 00:00:00,48,10.59,ok
APR000828,PR,PR00521,EMP028,1,1,approve,2025-08-22 00:00:00,24,17.5,ok
APR000829,PR,PR00521,EMP004,2,2,approve,2025-08-25 00:00:00,48,80.0,SLA breach
APR000830,PR,PR00521,EMP016,3,3,approve,2025-08-25 00:00:00,48,18.74,SLA breach
APR000831,PR,PR00522,EMP012,1,1,approve,2024-08-01 00:00:00,24,11.95,ok
APR000832,PR,PR00522,EMP017,2,2,approve,2024-08-01 00:00:00,48,6.94,ok
APR000833,PR,PR00522,EMP001,3,3,approve,2024-08-05 00:00:00,48,108.18,SLA breach
APR000834,PR,PR00524,EMP009,1,1,approve,2024-06-14 00:00:00,24,44.33,SLA breach
APR000835,PR,PR00525,EMP040,1,1,approve,2024-05-01 00:00:00,24,5.36,ok
APR000836,PR,PR00525,EMP006,2,2,approve,2024-05-02 00:00:00,48,26.5,ok
APR000837,PR,PR00526,EMP029,1,1,approve,2024-01-14 00:00:00,24,18.26,ok
APR000838,PR,PR00527,EMP031,1,1,approve,2024-03-20 00:00:00,24,42.83,SLA breach
APR000839,PR,PR00528,EMP028,1,1,approve,2024-04-09 00:00:00,24,44.59,SLA breach
APR000840,PR,PR00528,EMP033,2,2,approve,2024-04-10 00:00:00,48,28.8,SLA breach
APR000841,PR,PR00529,EMP018,1,1,approve,2024-09-27 00:00:00,24,46.98,SLA breach
APR000842,PR,PR00531,EMP020,1,1,approve,2025-03-06 00:00:00,24,70.53,SLA breach
APR000843,PR,PR00531,EMP024,2,2,approve,2025-03-07 00:00:00,48,34.02,SLA breach
APR000844,PR,PR00531,EMP013,3,3,approve,2025-03-07 00:00:00,48,8.85,SLA breach
APR000845,PR,PR00532,EMP026,1,1,approve,2024-08-13 00:00:00,24,9.13,ok
APR000846,PR,PR00532,EMP026,2,2,approve,2024-08-13 00:00:00,48,19.79,ok
APR000847,PR,PR00533,EMP039,1,1,approve,2024-08-17 00:00:00,24,9.96,ok
APR000848,PR,PR00533,EMP024,2,2,approve,2024-08-22 00:00:00,48,139.47,SLA breach
APR000849,PR,PR00534,EMP033,1,1,approve,2025-06-25 00:00:00,24,8.93,ok
APR000850,PR,PR00536,EMP013,1,1,approve,2025-12-25 00:00:00,24,5.16,ok
APR000851,PR,PR00536,EMP003,2,2,approve,2025-12-28 00:00:00,48,79.88,SLA breach
APR000852,PR,PR00537,EMP001,1,1,approve,2024-10-26 00:00:00,24,18.9,ok
APR000853,PR,PR00537,EMP001,2,2,approve,2024-10-27 00:00:00,48,33.76,ok
APR000854,PR,PR00540,EMP014,1,1,approve,2024-12-19 00:00:00,24,6.98,ok
APR000855,PR,PR00541,EMP009,1,1,approve,2025-02-07 00:00:00,24,6.8,ok
APR000856,PR,PR00542,EMP038,1,1,approve,2024-04-25 00:00:00,24,65.57,SLA breach
APR000857,PR,PR00543,EMP027,1,1,approve,2024-08-18 00:00:00,24,15.64,ok
APR000858,PR,PR00543,EMP019,2,2,approve,2024-08-18 00:00:00,48,17.35,ok
APR000859,PR,PR00544,EMP018,1,1,approve,2024-11-22 00:00:00,24,81.94,SLA breach
APR000860,PR,PR00545,EMP039,1,1,approve,2025-09-13 00:00:00,24,7.9,ok
APR000861,PR,PR00545,EMP004,2,2,approve,2025-09-14 00:00:00,48,27.37,ok
APR000862,PR,PR00546,EMP016,1,1,approve,2024-04-05 00:00:00,24,14.89,ok
APR000863,PR,PR00546,EMP032,2,2,approve,2024-04-11 00:00:00,48,145.54,SLA breach
APR000864,PR,PR00548,EMP021,1,1,approve,2024-03-22 00:00:00,24,20.56,ok
APR000865,PR,PR00548,EMP039,2,2,approve,2024-03-27 00:00:00,48,138.04,SLA breach
APR000866,PR,PR00550,EMP024,1,1,approve,2025-04-28 00:00:00,24,88.38,SLA breach
APR000867,PR,PR00550,EMP039,2,2,approve,2025-04-28 00:00:00,48,1.18,SLA breach
APR000868,PR,PR00551,EMP011,1,1,approve,2025-06-19 00:00:00,24,1.32,ok
APR000869,PR,PR00551,EMP032,2,2,approve,2025-06-19 00:00:00,48,1.58,ok
APR000870,PR,PR00551,EMP009,3,3,approve,2025-06-19 00:00:00,48,1.84,ok
APR000871,PR,PR00552,EMP027,1,1,approve,2024-02-06 00:00:00,24,21.09,ok
APR000872,PR,PR00552,EMP013,2,2,approve,2024-02-07 00:00:00,48,37.88,ok
APR000873,PR,PR00554,EMP018,1,1,approve,2025-07-30 00:00:00,24,63.47,SLA breach
APR000874,PR,PR00554,EMP039,2,2,approve,2025-08-06 00:00:00,48,190.3,SLA breach
APR000875,PR,PR00555,EMP015,1,1,approve,2025-01-07 00:00:00,24,16.9,ok
APR000876,PR,PR00555,EMP040,2,2,approve,2025-01-08 00:00:00,48,32.68,ok
APR000877,PR,PR00555,EMP013,3,3,approve,2025-01-09 00:00:00,48,33.01,ok
APR000878,PR,PR00556,EMP020,1,1,approve,2025-02-04 00:00:00,24,75.93,SLA breach
APR000879,PR,PR00556,EMP015,2,2,approve,2025-02-04 00:00:00,48,16.09,SLA breach
APR000880,PR,PR00557,EMP016,1,1,approve,2024-09-05 00:00:00,24,5.95,ok
APR000881,PR,PR00558,EMP017,1,1,approve,2024-11-26 00:00:00,24,3.21,ok
APR000882,PR,PR00559,EMP022,1,1,approve,2024-03-14 00:00:00,24,17.11,ok
APR000883,PR,PR00559,EMP014,2,2,approve,2024-03-15 00:00:00,48,39.39,ok
APR000884,PR,PR00560,EMP025,1,1,approve,2024-05-07 00:00:00,24,43.86,SLA breach
APR000885,PR,PR00560,EMP036,2,2,approve,2024-05-07 00:00:00,48,22.98,SLA breach
APR000886,PR,PR00560,EMP014,3,3,approve,2024-05-08 00:00:00,48,26.87,SLA breach
APR000887,PR,PR00562,EMP013,1,1,approve,2024-07-20 00:00:00,24,82.26,SLA breach
APR000888,PR,PR00562,EMP025,2,2,approve,2024-07-20 00:00:00,48,4.24,SLA breach
APR000889,PR,PR00562,EMP027,3,3,approve,2024-07-21 00:00:00,48,31.54,SLA breach
APR000890,PR,PR00563,EMP006,1,1,approve,2025-05-06 00:00:00,24,13.03,ok
APR000891,PR,PR00563,EMP020,2,2,approve,2025-05-07 00:00:00,48,34.7,ok
APR000892,PR,PR00563,EMP027,3,3,approve,2025-05-08 00:00:00,48,40.45,ok
APR000893,PR,PR00564,EMP031,1,1,approve,2025-03-21 00:00:00,24,18.55,ok
APR000894,PR,PR00565,EMP017,1,1,approve,2025-12-22 00:00:00,24,91.38,SLA breach
APR000895,PR,PR00565,EMP025,2,2,approve,2025-12-23 00:00:00,48,36.52,SLA breach
APR000896,PR,PR00566,EMP010,1,1,approve,2024-12-10 00:00:00,24,2.03,ok
APR000897,PR,PR00567,EMP036,1,1,approve,2025-04-27 00:00:00,24,16.2,ok
APR000898,PR,PR00567,EMP001,2,2,approve,2025-04-28 00:00:00,48,28.97,ok
APR000899,PR,PR00567,EMP021,3,3,approve,2025-04-28 00:00:00,48,21.78,ok
APR000900,PR,PR00568,EMP038,1,1,approve,2025-01-16 00:00:00,24,14.35,ok
APR000901,PR,PR00568,EMP011,2,2,approve,2025-01-21 00:00:00,48,135.65,SLA breach
APR000902,PR,PR00568,EMP014,3,3,approve,2025-01-21 00:00:00,48,5.8,SLA breach
APR000903,PR,PR00569,EMP039,1,1,approve,2024-03-15 00:00:00,24,16.09,ok
APR000904,PR,PR00569,EMP021,2,2,approve,2024-03-15 00:00:00,48,7.14,ok
APR000905,PR,PR00570,EMP031,1,1,approve,2024-03-02 00:00:00,24,50.54,SLA breach
APR000906,PR,PR00571,EMP001,1,1,approve,2024-11-14 00:00:00,24,7.05,ok
APR000907,PR,PR00571,EMP009,2,2,approve,2024-11-14 00:00:00,48,8.61,ok
APR000908,PR,PR00572,EMP006,1,1,approve,2025-08-03 00:00:00,24,9.47,ok
APR000909,PR,PR00572,EMP028,2,2,approve,2025-08-09 00:00:00,48,160.3,SLA breach
APR000910,PR,PR00573,EMP025,1,1,approve,2024-07-21 00:00:00,24,64.82,SLA breach
APR000911,PR,PR00573,EMP028,2,2,approve,2024-07-22 00:00:00,48,29.02,SLA breach
APR000912,PR,PR00574,EMP034,1,1,approve,2025-10-20 00:00:00,24,3.11,ok
APR000913,PR,PR00575,EMP031,1,1,approve,2025-07-23 00:00:00,24,2.98,ok
APR000914,PR,PR00575,EMP030,2,2,approve,2025-07-23 00:00:00,48,2.89,ok
APR000915,PR,PR00576,EMP029,1,1,approve,2024-02-14 00:00:00,24,67.42,SLA breach
APR000916,PR,PR00576,EMP023,2,2,approve,2024-02-18 00:00:00,48,119.06,SLA breach
APR000917,PR,PR00576,EMP001,3,3,approve,2024-02-19 00:00:00,48,31.72,SLA breach
APR000918,PR,PR00577,EMP035,1,1,approve,2024-01-02 00:00:00,24,10.72,ok
APR000919,PR,PR00577,EMP029,2,2,approve,2024-01-03 00:00:00,48,38.96,ok
APR000920,PR,PR00577,EMP009,3,3,approve,2024-01-10 00:00:00,48,187.08,SLA breach
APR000921,PR,PR00578,EMP024,1,1,approve,2024-02-06 00:00:00,24,19.97,ok
APR000922,PR,PR00579,EMP004,1,1,approve,2025-09-29 00:00:00,24,2.83,ok
APR000923,PR,PR00579,EMP008,2,2,approve,2025-09-29 00:00:00,48,10.28,ok
APR000924,PR,PR00581,EMP005,1,1,approve,2024-01-22 00:00:00,24,7.14,ok
APR000925,PR,PR00581,EMP014,2,2,approve,2024-01-22 00:00:00,48,20.88,ok
APR000926,PR,PR00582,EMP006,1,1,approve,2024-11-24 00:00:00,24,95.97,SLA breach
APR000927,PR,PR00583,EMP025,1,1,approve,2025-03-23 00:00:00,24,17.11,ok
APR000928,PR,PR00583,EMP040,2,2,approve,2025-03-23 00:00:00,48,7.21,ok
APR000929,PR,PR00584,EMP036,1,1,approve,2025-05-02 00:00:00,24,6.02,ok
APR000930,PR,PR00584,EMP030,2,2,approve,2025-05-02 00:00:00,48,4.81,ok
APR000931,PR,PR00588,EMP037,1,1,approve,2025-07-04 00:00:00,24,16.7,ok
APR000932,PR,PR00588,EMP003,2,2,approve,2025-07-11 00:00:00,48,178.98,SLA breach
APR000933,PR,PR00589,EMP015,1,1,approve,2024-03-21 00:00:00,24,39.77,SLA breach
APR000934,PR,PR00590,EMP025,1,1,approve,2024-11-25 00:00:00,24,19.9,ok
APR000935,PR,PR00591,EMP001,1,1,approve,2025-12-16 00:00:00,24,2.78,ok
APR000936,PR,PR00591,EMP009,2,2,approve,2025-12-21 00:00:00,48,140.24,SLA breach
APR000937,PR,PR00594,EMP009,1,1,approve,2025-11-24 00:00:00,24,9.89,ok
APR000938,PR,PR00594,EMP034,2,2,approve,2025-11-25 00:00:00,48,24.58,ok
APR000939,PR,PR00595,EMP016,1,1,approve,2024-10-01 00:00:00,24,7.65,ok
APR000940,PR,PR00595,EMP037,2,2,approve,2024-10-02 00:00:00,48,41.12,ok
APR000941,PR,PR00596,EMP012,1,1,approve,2024-04-20 00:00:00,24,14.65,ok
APR000942,PR,PR00596,EMP011,2,2,approve,2024-04-20 00:00:00,48,7.7,ok
APR000943,PR,PR00597,EMP022,1,1,approve,2025-02-24 00:00:00,24,8.1,ok
APR000944,PR,PR00597,EMP033,2,2,approve,2025-02-24 00:00:00,48,7.69,ok
APR000945,PR,PR00597,EMP035,3,3,approve,2025-02-24 00:00:00,48,21.62,ok
APR000946,PR,PR00598,EMP012,1,1,approve,2024-12-05 00:00:00,24,80.18,SLA breach
APR000947,PR,PR00598,EMP013,2,2,approve,2024-12-08 00:00:00,48,85.23,SLA breach
APR000948,PR,PR00599,EMP022,1,1,approve,2025-02-19 00:00:00,24,2.48,ok
APR000949,PR,PR00599,EMP016,2,2,approve,2025-02-19 00:00:00,48,19.51,ok
APR000950,PR,PR00599,EMP026,3,3,approve,2025-02-20 00:00:00,48,38.18,ok
APR000951,PR,PR00600,EMP023,1,1,approve,2024-12-02 00:00:00,24,94.87,SLA breach
APR000952,PR,PR00600,EMP014,2,2,approve,2024-12-03 00:00:00,48,31.5,SLA breach
APR000953,PR,PR00601,EMP020,1,1,approve,2024-01-14 00:00:00,24,7.16,ok
APR000954,PR,PR00601,EMP014,2,2,approve,2024-01-14 00:00:00,48,7.97,ok
APR000955,PR,PR00602,EMP020,1,1,approve,2025-10-07 00:00:00,24,15.3,ok
APR000956,PR,PR00602,EMP024,2,2,approve,2025-10-07 00:00:00,48,15.59,ok
APR000957,PR,PR00603,EMP010,1,1,approve,2025-02-02 00:00:00,24,4.12,ok
APR000958,PR,PR00604,EMP032,1,1,approve,2025-03-26 00:00:00,24,79.77,SLA breach
APR000959,PR,PR00604,EMP016,2,2,approve,2025-03-26 00:00:00,48,21.64,SLA breach
APR000960,PR,PR00605,EMP016,1,1,approve,2025-03-16 00:00:00,24,12.91,ok
APR000961,PR,PR00606,EMP015,1,1,approve,2025-07-27 00:00:00,24,21.1,ok
APR000962,PR,PR00608,EMP007,1,1,approve,2024-05-17 00:00:00,24,2.7,ok
APR000963,PR,PR00608,EMP035,2,2,approve,2024-05-18 00:00:00,48,34.33,ok
APR000964,PR,PR00608,EMP022,3,3,approve,2024-05-19 00:00:00,48,42.29,ok
APR000965,PR,PR00609,EMP006,1,1,approve,2024-01-10 00:00:00,24,11.23,ok
APR000966,PR,PR00609,EMP011,2,2,approve,2024-01-11 00:00:00,48,29.31,ok
APR000967,PR,PR00609,EMP034,3,3,approve,2024-01-14 00:00:00,48,80.94,SLA breach
APR000968,PR,PR00610,EMP019,1,1,approve,2025-11-06 00:00:00,24,44.84,SLA breach
APR000969,PR,PR00611,EMP024,1,1,approve,2024-02-20 00:00:00,24,40.15,SLA breach
APR000970,PR,PR00611,EMP026,2,2,approve,2024-02-20 00:00:00,48,5.21,SLA breach
APR000971,PR,PR00612,EMP033,1,1,approve,2024-06-08 00:00:00,24,5.75,ok
APR000972,PR,PR00612,EMP040,2,2,approve,2024-06-08 00:00:00,48,9.11,ok
APR000973,PR,PR00612,EMP024,3,3,approve,2024-06-08 00:00:00,48,1.18,ok
APR000974,PR,PR00613,EMP002,1,1,approve,2025-08-06 00:00:00,24,18.65,ok
APR000975,PR,PR00613,EMP033,2,2,approve,2025-08-10 00:00:00,48,113.45,SLA breach
APR000976,PR,PR00614,EMP027,1,1,approve,2025-05-05 00:00:00,24,70.81,SLA breach
APR000977,PR,PR00616,EMP033,1,1,approve,2025-04-24 00:00:00,24,5.33,ok
APR000978,PR,PR00617,EMP029,1,1,approve,2024-08-27 00:00:00,24,13.14,ok
APR000979,PR,PR00617,EMP004,2,2,approve,2024-09-02 00:00:00,48,166.24,SLA breach
APR000980,PR,PR00619,EMP017,1,1,approve,2025-01-31 00:00:00,24,20.37,ok
APR000981,PR,PR00620,EMP031,1,1,approve,2024-10-16 00:00:00,24,2.55,ok
APR000982,PR,PR00621,EMP031,1,1,approve,2025-06-30 00:00:00,24,85.05,SLA breach
APR000983,PR,PR00621,EMP020,2,2,approve,2025-07-01 00:00:00,48,25.37,SLA breach
APR000984,PR,PR00621,EMP016,3,3,approve,2025-07-01 00:00:00,48,19.02,SLA breach
APR000985,PR,PR00622,EMP037,1,1,approve,2025-06-10 00:00:00,24,9.36,ok
APR000986,PR,PR00622,EMP004,2,2,approve,2025-06-10 00:00:00,48,12.64,ok
APR000987,PR,PR00622,EMP004,3,3,approve,2025-06-11 00:00:00,48,31.44,ok
APR000988,PR,PR00623,EMP039,1,1,approve,2025-09-13 00:00:00,24,61.94,SLA breach
APR000989,PR,PR00625,EMP039,1,1,approve,2024-10-11 00:00:00,24,43.82,SLA breach
APR000990,PR,PR00625,EMP016,2,2,approve,2024-10-18 00:00:00,48,183.08,SLA breach
APR000991,PR,PR00626,EMP019,1,1,approve,2025-08-22 00:00:00,24,1.39,ok
APR000992,PR,PR00627,EMP012,1,1,approve,2025-09-19 00:00:00,24,16.49,ok
APR000993,PR,PR00628,EMP021,1,1,approve,2023-12-24 00:00:00,24,20.83,ok
APR000994,PR,PR00628,EMP031,2,2,approve,2023-12-25 00:00:00,48,29.88,ok
APR000995,PR,PR00629,EMP039,1,1,approve,2024-10-27 00:00:00,24,73.15,SLA breach
APR000996,PR,PR00629,EMP004,2,2,approve,2024-11-02 00:00:00,48,156.64,SLA breach
APR000997,PR,PR00632,EMP032,1,1,approve,2025-05-04 00:00:00,24,12.01,ok
APR000998,PR,PR00632,EMP018,2,2,approve,2025-05-09 00:00:00,48,142.53,SLA breach
APR000999,PR,PR00633,EMP031,1,1,approve,2024-09-11 00:00:00,24,13.7,ok
APR001000,PR,PR00633,EMP021,2,2,approve,2024-09-17 00:00:00,48,155.04,SLA breach
APR001001,PR,PR00633,EMP026,3,3,approve,2024-09-18 00:00:00,48,41.06,SLA breach
APR001002,PR,PR00634,EMP028,1,1,approve,2025-03-03 00:00:00,24,15.13,ok
APR001003,PR,PR00634,EMP003,2,2,approve,2025-03-10 00:00:00,48,183.99,SLA breach
APR001004,PR,PR00634,EMP007,3,3,approve,2025-03-11 00:00:00,48,26.02,SLA breach
APR001005,PR,PR00635,EMP034,1,1,approve,2025-12-19 00:00:00,24,64.72,SLA breach
APR001006,PR,PR00635,EMP010,2,2,approve,2025-12-24 00:00:00,48,129.5,SLA breach
APR001007,PR,PR00636,EMP037,1,1,approve,2025-03-19 00:00:00,24,10.9,ok
APR001008,PR,PR00636,EMP034,2,2,approve,2025-03-24 00:00:00,48,124.17,SLA breach
APR001009,PR,PR00636,EMP024,3,3,approve,2025-03-24 00:00:00,48,18.63,SLA breach
APR001010,PR,PR00637,EMP036,1,1,approve,2024-02-25 00:00:00,24,65.71,SLA breach
APR001011,PR,PR00637,EMP011,2,2,approve,2024-02-26 00:00:00,48,25.98,SLA breach
APR001012,PR,PR00638,EMP015,1,1,approve,2025-08-16 00:00:00,24,6.12,ok
APR001013,PR,PR00638,EMP002,2,2,approve,2025-08-16 00:00:00,48,3.51,ok
APR001014,PR,PR00638,EMP021,3,3,approve,2025-08-16 00:00:00,48,13.28,ok
APR001015,PR,PR00639,EMP004,1,1,approve,2024-11-11 00:00:00,24,14.02,ok
APR001016,PR,PR00640,EMP025,1,1,approve,2025-05-26 00:00:00,24,13.02,ok
APR001017,PR,PR00640,EMP021,2,2,approve,2025-05-26 00:00:00,48,18.57,ok
APR001018,PR,PR00641,EMP001,1,1,approve,2025-01-25 00:00:00,24,12.82,ok
APR001019,PR,PR00641,EMP030,2,2,approve,2025-01-25 00:00:00,48,2.03,ok
APR001020,PR,PR00642,EMP008,1,1,approve,2024-02-28 00:00:00,24,7.49,ok
APR001021,PR,PR00642,EMP001,2,2,approve,2024-02-29 00:00:00,48,25.78,ok
APR001022,PR,PR00643,EMP034,1,1,approve,2024-04-21 00:00:00,24,19.97,ok
APR001023,PR,PR00643,EMP015,2,2,approve,2024-04-22 00:00:00,48,26.5,ok
APR001024,PR,PR00644,EMP004,1,1,approve,2025-05-02 00:00:00,24,6.95,ok
APR001025,PR,PR00644,EMP034,2,2,approve,2025-05-02 00:00:00,48,13.26,ok
APR001026,PR,PR00645,EMP003,1,1,approve,2024-04-09 00:00:00,24,18.14,ok
APR001027,PR,PR00645,EMP006,2,2,approve,2024-04-09 00:00:00,48,2.0,ok
APR001028,PR,PR00646,EMP025,1,1,approve,2025-12-15 00:00:00,24,5.42,ok
APR001029,PR,PR00646,EMP040,2,2,approve,2025-12-16 00:00:00,48,41.4,ok
APR001030,PR,PR00647,EMP024,1,1,approve,2025-10-26 00:00:00,24,36.35,SLA breach
APR001031,PR,PR00647,EMP015,2,2,approve,2025-10-26 00:00:00,48,5.27,SLA breach
APR001032,PR,PR00648,EMP021,1,1,approve,2024-10-19 00:00:00,24,4.11,ok
APR001033,PR,PR00648,EMP004,2,2,approve,2024-10-26 00:00:00,48,172.05,SLA breach
APR001034,PR,PR00648,EMP012,3,3,approve,2024-10-27 00:00:00,48,27.21,SLA breach
APR001035,PR,PR00649,EMP004,1,1,approve,2024-01-17 00:00:00,24,5.49,ok
APR001036,PR,PR00650,EMP028,1,1,approve,2024-02-06 00:00:00,24,16.75,ok
APR001037,PR,PR00651,EMP016,1,1,approve,2024-05-06 00:00:00,24,6.74,ok
APR001038,PR,PR00653,EMP033,1,1,approve,2025-08-27 00:00:00,24,47.42,SLA breach
APR001039,PR,PR00653,EMP001,2,2,approve,2025-08-27 00:00:00,48,23.58,SLA breach
APR001040,PR,PR00655,EMP017,1,1,approve,2024-04-25 00:00:00,24,4.42,ok
APR001041,PR,PR00655,EMP033,2,2,approve,2024-04-26 00:00:00,48,24.57,ok
APR001042,PR,PR00656,EMP028,1,1,approve,2024-08-02 00:00:00,24,72.78,SLA breach
APR001043,PR,PR00656,EMP026,2,2,approve,2024-08-02 00:00:00,48,9.83,SLA breach
APR001044,PR,PR00657,EMP008,1,1,approve,2024-08-29 00:00:00,24,5.22,ok
APR001045,PR,PR00657,EMP010,2,2,approve,2024-08-30 00:00:00,48,33.39,ok
APR001046,PR,PR00657,EMP039,3,3,approve,2024-08-31 00:00:00,48,24.64,ok
APR001047,PR,PR00658,EMP011,1,1,approve,2025-04-04 00:00:00,24,92.72,SLA breach
APR001048,PR,PR00658,EMP019,2,2,approve,2025-04-05 00:00:00,48,25.74,SLA breach
APR001049,PR,PR00659,EMP018,1,1,approve,2024-04-04 00:00:00,24,5.84,ok
APR001050,PR,PR00659,EMP020,2,2,approve,2024-04-05 00:00:00,48,41.29,ok
APR001051,PR,PR00660,EMP022,1,1,approve,2024-03-07 00:00:00,24,5.54,ok
APR001052,PR,PR00663,EMP015,1,1,approve,2024-08-17 00:00:00,24,13.09,ok
APR001053,PR,PR00663,EMP032,2,2,approve,2024-08-24 00:00:00,48,190.61,SLA breach
APR001054,PR,PR00664,EMP019,1,1,approve,2024-06-18 00:00:00,24,11.23,ok
APR001055,PR,PR00664,EMP020,2,2,approve,2024-06-19 00:00:00,48,42.37,ok
APR001056,PR,PR00665,EMP028,1,1,approve,2025-08-15 00:00:00,24,12.79,ok
APR001057,PR,PR00665,EMP029,2,2,approve,2025-08-16 00:00:00,48,37.08,ok
APR001058,PR,PR00665,EMP032,3,3,approve,2025-08-16 00:00:00,48,10.41,ok
APR001059,PR,PR00666,EMP039,1,1,approve,2025-11-27 00:00:00,24,70.9,SLA breach
APR001060,PR,PR00667,EMP029,1,1,approve,2024-09-20 00:00:00,24,8.1,ok
APR001061,PR,PR00667,EMP010,2,2,approve,2024-09-20 00:00:00,48,2.77,ok
APR001062,PR,PR00668,EMP023,1,1,approve,2025-11-03 00:00:00,24,12.48,ok
APR001063,PR,PR00668,EMP017,2,2,approve,2025-11-03 00:00:00,48,1.18,ok
APR001064,PR,PR00669,EMP012,1,1,approve,2025-08-03 00:00:00,24,4.79,ok
APR001065,PR,PR00669,EMP024,2,2,approve,2025-08-08 00:00:00,48,139.71,SLA breach
APR001066,PR,PR00669,EMP026,3,3,approve,2025-08-09 00:00:00,48,29.55,SLA breach
APR001067,PR,PR00670,EMP003,1,1,approve,2025-07-06 00:00:00,24,91.18,SLA breach
APR001068,PR,PR00670,EMP009,2,2,approve,2025-07-07 00:00:00,48,38.88,SLA breach
APR001069,PR,PR00671,EMP009,1,1,approve,2024-07-31 00:00:00,24,12.94,ok
APR001070,PR,PR00671,EMP027,2,2,approve,2024-07-31 00:00:00,48,12.43,ok
APR001071,PR,PR00673,EMP028,1,1,approve,2025-08-06 00:00:00,24,14.3,ok
APR001072,PR,PR00674,EMP008,1,1,approve,2024-04-21 00:00:00,24,20.18,ok
APR001073,PR,PR00675,EMP012,1,1,approve,2025-12-27 00:00:00,24,1.58,ok
APR001074,PR,PR00675,EMP023,2,2,approve,2025-12-30 00:00:00,48,77.77,SLA breach
APR001075,PR,PR00676,EMP023,1,1,approve,2025-09-23 00:00:00,24,53.05,SLA breach
APR001076,PR,PR00677,EMP033,1,1,approve,2025-05-04 00:00:00,24,17.42,ok
APR001077,PR,PR00678,EMP037,1,1,approve,2025-11-25 00:00:00,24,57.42,SLA breach
APR001078,PR,PR00678,EMP014,2,2,approve,2025-11-25 00:00:00,48,22.1,SLA breach
APR001079,PR,PR00678,EMP013,3,3,approve,2025-12-01 00:00:00,48,151.09,SLA breach
APR001080,PR,PR00679,EMP017,1,1,approve,2024-05-07 00:00:00,24,12.28,ok
APR001081,PR,PR00679,EMP012,2,2,approve,2024-05-08 00:00:00,48,42.64,ok
APR001082,PR,PR00679,EMP030,3,3,approve,2024-05-13 00:00:00,48,123.57,SLA breach
APR001083,PR,PR00680,EMP038,1,1,approve,2024-12-24 00:00:00,24,21.42,ok
APR001084,PR,PR00680,EMP016,2,2,approve,2024-12-28 00:00:00,48,117.23,SLA breach
APR001085,PR,PR00681,EMP020,1,1,approve,2024-05-03 00:00:00,24,43.83,SLA breach
APR001086,PR,PR00681,EMP029,2,2,approve,2024-05-03 00:00:00,48,3.23,SLA breach
APR001087,PR,PR00682,EMP028,1,1,approve,2024-04-03 00:00:00,24,5.77,ok
APR001088,PR,PR00682,EMP006,2,2,approve,2024-04-04 00:00:00,48,36.17,ok
APR001089,PR,PR00683,EMP028,1,1,approve,2025-12-01 00:00:00,24,37.01,SLA breach
APR001090,PR,PR00684,EMP009,1,1,approve,2025-03-25 00:00:00,24,4.57,ok
APR001091,PR,PR00685,EMP019,1,1,approve,2024-12-11 00:00:00,24,14.37,ok
APR001092,PR,PR00685,EMP036,2,2,approve,2024-12-16 00:00:00,48,121.87,SLA breach
APR001093,PR,PR00685,EMP024,3,3,approve,2024-12-17 00:00:00,48,41.27,SLA breach
APR001094,PR,PR00687,EMP004,1,1,approve,2025-10-30 00:00:00,24,41.11,SLA breach
APR001095,PR,PR00687,EMP037,2,2,approve,2025-10-31 00:00:00,48,41.31,SLA breach
APR001096,PR,PR00688,EMP023,1,1,approve,2024-08-15 00:00:00,24,19.5,ok
APR001097,PR,PR00688,EMP022,2,2,approve,2024-08-15 00:00:00,48,15.37,ok
APR001098,PR,PR00690,EMP025,1,1,approve,2025-11-08 00:00:00,24,3.79,ok
APR001099,PR,PR00691,EMP037,1,1,approve,2025-01-03 00:00:00,24,17.19,ok
APR001100,PR,PR00693,EMP010,1,1,approve,2025-12-17 00:00:00,24,82.08,SLA breach
APR001101,PR,PR00695,EMP033,1,1,approve,2025-03-24 00:00:00,24,42.91,SLA breach
APR001102,PR,PR00695,EMP003,2,2,approve,2025-03-24 00:00:00,48,21.22,SLA breach
APR001103,PR,PR00695,EMP008,3,3,approve,2025-03-25 00:00:00,48,37.58,SLA breach
APR001104,PR,PR00696,EMP002,1,1,approve,2024-08-30 00:00:00,24,10.05,ok
APR001105,PR,PR00696,EMP037,2,2,approve,2024-08-31 00:00:00,48,33.06,ok
APR001106,PR,PR00696,EMP014,3,3,approve,2024-09-01 00:00:00,48,37.28,ok
APR001107,PR,PR00697,EMP026,1,1,approve,2024-04-09 00:00:00,24,17.46,ok
APR001108,PR,PR00698,EMP032,1,1,approve,2024-12-08 00:00:00,24,5.25,ok
APR001109,PR,PR00698,EMP013,2,2,approve,2024-12-15 00:00:00,48,177.36,SLA breach
APR001110,PR,PR00699,EMP008,1,1,approve,2024-09-15 00:00:00,24,11.57,ok
APR001111,PR,PR00699,EMP006,2,2,approve,2024-09-15 00:00:00,48,12.37,ok
APR001112,PR,PR00700,EMP021,1,1,approve,2025-12-08 00:00:00,24,14.94,ok
APR001113,PR,PR00701,EMP038,1,1,approve,2025-04-18 00:00:00,24,1.44,ok
APR001114,PR,PR00701,EMP039,2,2,approve,2025-04-21 00:00:00,48,75.53,SLA breach
APR001115,PR,PR00701,EMP024,3,3,approve,2025-04-21 00:00:00,48,18.15,SLA breach
APR001116,PR,PR00702,EMP027,1,1,approve,2025-06-09 00:00:00,24,14.89,ok
APR001117,PR,PR00702,EMP011,2,2,approve,2025-06-10 00:00:00,48,24.24,ok
APR001118,PR,PR00703,EMP035,1,1,approve,2024-09-27 00:00:00,24,46.14,SLA breach
APR001119,PR,PR00704,EMP008,1,1,approve,2024-04-23 00:00:00,24,95.33,SLA breach
APR001120,PR,PR00704,EMP017,2,2,approve,2024-04-30 00:00:00,48,183.96,SLA breach
APR001121,PR,PR00705,EMP002,1,1,approve,2024-10-19 00:00:00,24,12.43,ok
APR001122,PR,PR00705,EMP011,2,2,approve,2024-10-19 00:00:00,48,7.9,ok
APR001123,PR,PR00705,EMP038,3,3,approve,2024-10-20 00:00:00,48,25.13,ok
APR001124,PR,PR00706,EMP003,1,1,approve,2023-12-14 00:00:00,24,5.63,ok
APR001125,PR,PR00706,EMP003,2,2,approve,2023-12-15 00:00:00,48,36.48,ok
APR001126,PR,PR00706,EMP033,3,3,approve,2023-12-16 00:00:00,48,38.53,ok
APR001127,PR,PR00708,EMP017,1,1,approve,2025-09-05 00:00:00,24,14.66,ok
APR001128,PR,PR00709,EMP017,1,1,approve,2025-05-17 00:00:00,24,5.75,ok
APR001129,PR,PR00710,EMP014,1,1,approve,2025-06-23 00:00:00,24,17.7,ok
APR001130,PR,PR00710,EMP006,2,2,approve,2025-06-23 00:00:00,48,16.49,ok
APR001131,PR,PR00711,EMP013,1,1,approve,2024-10-22 00:00:00,24,85.43,SLA breach
APR001132,PR,PR00712,EMP027,1,1,approve,2025-10-03 00:00:00,24,12.98,ok
APR001133,PR,PR00712,EMP006,2,2,approve,2025-10-04 00:00:00,48,34.67,ok
APR001134,PR,PR00713,EMP026,1,1,approve,2024-09-20 00:00:00,24,12.66,ok
APR001135,PR,PR00714,EMP014,1,1,approve,2024-04-09 00:00:00,24,17.37,ok
APR001136,PR,PR00714,EMP011,2,2,approve,2024-04-10 00:00:00,48,35.89,ok
APR001137,PR,PR00715,EMP040,1,1,approve,2024-06-18 00:00:00,24,2.2,ok
APR001138,PR,PR00715,EMP032,2,2,approve,2024-06-19 00:00:00,48,26.3,ok
APR001139,PR,PR00716,EMP035,1,1,approve,2025-03-09 00:00:00,24,47.48,SLA breach
APR001140,PR,PR00716,EMP029,2,2,approve,2025-03-09 00:00:00,48,13.78,SLA breach
APR001141,PR,PR00716,EMP035,3,3,approve,2025-03-10 00:00:00,48,26.04,SLA breach
APR001142,PR,PR00717,EMP033,1,1,approve,2025-08-26 00:00:00,24,17.94,ok
APR001143,PR,PR00717,EMP035,2,2,approve,2025-08-26 00:00:00,48,1.22,ok
APR001144,PR,PR00718,EMP034,1,1,approve,2024-04-10 00:00:00,24,3.53,ok
APR001145,PR,PR00719,EMP026,1,1,approve,2024-02-17 00:00:00,24,3.39,ok
APR001146,PR,PR00719,EMP003,2,2,approve,2024-02-18 00:00:00,48,31.55,ok
APR001147,PR,PR00720,EMP017,1,1,approve,2025-02-01 00:00:00,24,18.71,ok
APR001148,PR,PR00721,EMP005,1,1,approve,2024-06-20 00:00:00,24,1.99,ok
APR001149,PR,PR00722,EMP011,1,1,approve,2024-09-10 00:00:00,24,1.64,ok
APR001150,PR,PR00723,EMP030,1,1,approve,2025-07-04 00:00:00,24,15.26,ok
APR001151,PR,PR00725,EMP034,1,1,approve,2025-02-04 00:00:00,24,15.67,ok
APR001152,PR,PR00725,EMP009,2,2,approve,2025-02-05 00:00:00,48,39.26,ok
APR001153,PR,PR00727,EMP004,1,1,approve,2024-03-16 00:00:00,24,3.22,ok
APR001154,PR,PR00727,EMP024,2,2,approve,2024-03-16 00:00:00,48,7.34,ok
APR001155,PR,PR00727,EMP022,3,3,approve,2024-03-17 00:00:00,48,38.86,ok
APR001156,PR,PR00729,EMP037,1,1,approve,2024-09-04 00:00:00,24,65.53,SLA breach
APR001157,PR,PR00730,EMP005,1,1,approve,2025-03-29 00:00:00,24,7.73,ok
APR001158,PR,PR00731,EMP021,1,1,approve,2025-03-03 00:00:00,24,73.55,SLA breach
APR001159,PR,PR00731,EMP014,2,2,approve,2025-03-09 00:00:00,48,154.08,SLA breach
APR001160,PR,PR00732,EMP007,1,1,approve,2024-05-22 00:00:00,24,18.51,ok
APR001161,PR,PR00733,EMP017,1,1,approve,2025-12-13 00:00:00,24,11.28,ok
APR001162,PR,PR00733,EMP015,2,2,approve,2025-12-18 00:00:00,48,124.45,SLA breach
APR001163,PR,PR00734,EMP009,1,1,approve,2025-02-06 00:00:00,24,10.26,ok
APR001164,PR,PR00735,EMP035,1,1,approve,2024-09-08 00:00:00,24,19.28,ok
APR001165,PR,PR00735,EMP012,2,2,approve,2024-09-08 00:00:00,48,10.77,ok
APR001166,PR,PR00737,EMP024,1,1,approve,2025-07-13 00:00:00,24,17.9,ok
APR001167,PR,PR00737,EMP005,2,2,approve,2025-07-13 00:00:00,48,11.89,ok
APR001168,PR,PR00737,EMP013,3,3,approve,2025-07-13 00:00:00,48,22.08,ok
APR001169,PR,PR00738,EMP032,1,1,approve,2024-08-31 00:00:00,24,1.27,ok
APR001170,PR,PR00739,EMP002,1,1,approve,2025-09-29 00:00:00,24,11.92,ok
APR001171,PR,PR00739,EMP037,2,2,approve,2025-09-30 00:00:00,48,26.87,ok
APR001172,PR,PR00739,EMP025,3,3,approve,2025-10-01 00:00:00,48,29.12,ok
APR001173,PR,PR00740,EMP027,1,1,approve,2025-11-11 00:00:00,24,84.5,SLA breach
APR001174,PR,PR00740,EMP028,2,2,approve,2025-11-18 00:00:00,48,187.97,SLA breach
APR001175,PR,PR00741,EMP040,1,1,approve,2024-10-21 00:00:00,24,8.98,ok
APR001176,PR,PR00741,EMP017,2,2,approve,2024-10-22 00:00:00,48,25.62,ok
APR001177,PR,PR00742,EMP024,1,1,approve,2025-03-05 00:00:00,24,79.76,SLA breach
APR001178,PR,PR00744,EMP019,1,1,approve,2024-09-20 00:00:00,24,16.61,ok
APR001179,PR,PR00744,EMP006,2,2,approve,2024-09-20 00:00:00,48,3.95,ok
APR001180,PR,PR00744,EMP028,3,3,approve,2024-09-26 00:00:00,48,147.39,SLA breach
APR001181,PR,PR00745,EMP028,1,1,approve,2025-03-19 00:00:00,24,10.69,ok
APR001182,PR,PR00745,EMP006,2,2,approve,2025-03-19 00:00:00,48,3.55,ok
APR001183,PR,PR00746,EMP024,1,1,approve,2025-12-14 00:00:00,24,16.53,ok
APR001184,PR,PR00746,EMP028,2,2,approve,2025-12-17 00:00:00,48,75.6,SLA breach
APR001185,PR,PR00746,EMP030,3,3,approve,2025-12-17 00:00:00,48,21.93,SLA breach
APR001186,PR,PR00747,EMP018,1,1,approve,2024-05-27 00:00:00,24,13.86,ok
APR001187,PR,PR00747,EMP003,2,2,approve,2024-05-28 00:00:00,48,42.94,ok
APR001188,PR,PR00748,EMP025,1,1,approve,2025-04-11 00:00:00,24,13.82,ok
APR001189,PR,PR00748,EMP039,2,2,approve,2025-04-14 00:00:00,48,74.56,SLA breach
APR001190,PR,PR00750,EMP034,1,1,approve,2025-09-28 00:00:00,24,8.92,ok
APR001191,PR,PR00750,EMP020,2,2,approve,2025-10-05 00:00:00,48,181.03,SLA breach
APR001192,PR,PR00750,EMP003,3,3,approve,2025-10-05 00:00:00,48,6.25,SLA breach
APR001193,PR,PR00752,EMP020,1,1,approve,2025-06-17 00:00:00,24,13.78,ok
APR001194,PR,PR00752,EMP025,2,2,approve,2025-06-17 00:00:00,48,22.18,ok
APR001195,PR,PR00753,EMP029,1,1,approve,2025-01-30 00:00:00,24,16.81,ok
APR001196,PR,PR00753,EMP018,2,2,approve,2025-01-31 00:00:00,48,40.41,ok
APR001197,PR,PR00753,EMP024,3,3,approve,2025-02-01 00:00:00,48,37.88,ok
APR001198,PR,PR00754,EMP022,1,1,approve,2025-11-28 00:00:00,24,13.07,ok
APR001199,PR,PR00755,EMP036,1,1,approve,2024-05-03 00:00:00,24,9.73,ok
APR001200,PR,PR00755,EMP014,2,2,approve,2024-05-04 00:00:00,48,29.0,ok
APR001201,PR,PR00755,EMP031,3,3,approve,2024-05-05 00:00:00,48,41.94,ok
APR001202,PR,PR00756,EMP036,1,1,approve,2024-09-21 00:00:00,24,58.31,SLA breach
APR001203,PR,PR00756,EMP007,2,2,approve,2024-09-24 00:00:00,48,81.39,SLA breach
APR001204,PR,PR00756,EMP003,3,3,approve,2024-09-24 00:00:00,48,9.63,SLA breach
APR001205,PR,PR00757,EMP009,1,1,approve,2025-10-13 00:00:00,24,18.37,ok
APR001206,PR,PR00757,EMP020,2,2,approve,2025-10-13 00:00:00,48,23.94,ok
APR001207,PR,PR00758,EMP017,1,1,approve,2025-04-02 00:00:00,24,7.3,ok
APR001208,PR,PR00758,EMP037,2,2,approve,2025-04-03 00:00:00,48,26.74,ok
APR001209,PR,PR00759,EMP004,1,1,approve,2025-02-25 00:00:00,24,4.83,ok
APR001210,PR,PR00759,EMP032,2,2,approve,2025-02-25 00:00:00,48,9.77,ok
APR001211,PR,PR00761,EMP004,1,1,approve,2025-11-24 00:00:00,24,4.66,ok
APR001212,PR,PR00761,EMP033,2,2,approve,2025-11-24 00:00:00,48,4.7,ok
APR001213,PR,PR00761,EMP007,3,3,approve,2025-11-24 00:00:00,48,11.55,ok
APR001214,PR,PR00762,EMP033,1,1,approve,2025-11-04 00:00:00,24,15.62,ok
APR001215,PR,PR00762,EMP028,2,2,approve,2025-11-04 00:00:00,48,21.08,ok
APR001216,PR,PR00762,EMP012,3,3,approve,2025-11-05 00:00:00,48,42.99,ok
APR001217,PR,PR00763,EMP021,1,1,approve,2024-10-19 00:00:00,24,53.4,SLA breach
APR001218,PR,PR00764,EMP028,1,1,approve,2025-09-16 00:00:00,24,4.7,ok
APR001219,PR,PR00765,EMP012,1,1,approve,2025-09-21 00:00:00,24,40.26,SLA breach
APR001220,PR,PR00765,EMP025,2,2,approve,2025-09-26 00:00:00,48,134.71,SLA breach
APR001221,PR,PR00766,EMP003,1,1,approve,2025-03-13 00:00:00,24,3.94,ok
APR001222,PR,PR00766,EMP005,2,2,approve,2025-03-14 00:00:00,48,37.13,ok
APR001223,PR,PR00767,EMP036,1,1,approve,2025-02-02 00:00:00,24,13.82,ok
APR001224,PR,PR00767,EMP015,2,2,approve,2025-02-03 00:00:00,48,36.22,ok
APR001225,PR,PR00768,EMP032,1,1,approve,2024-09-16 00:00:00,24,8.74,ok
APR001226,PR,PR00768,EMP017,2,2,approve,2024-09-22 00:00:00,48,144.26,SLA breach
APR001227,PR,PR00769,EMP025,1,1,approve,2024-10-07 00:00:00,24,18.1,ok
APR001228,PR,PR00769,EMP005,2,2,approve,2024-10-08 00:00:00,48,35.57,ok
APR001229,PR,PR00769,EMP002,3,3,approve,2024-10-13 00:00:00,48,124.33,SLA breach
APR001230,PR,PR00770,EMP022,1,1,approve,2024-02-19 00:00:00,24,3.17,ok
APR001231,PR,PR00771,EMP008,1,1,approve,2025-12-05 00:00:00,24,8.48,ok
APR001232,PR,PR00771,EMP032,2,2,approve,2025-12-06 00:00:00,48,31.84,ok
APR001233,PR,PR00772,EMP037,1,1,approve,2025-10-26 00:00:00,24,6.24,ok
APR001234,PR,PR00773,EMP011,1,1,approve,2024-06-11 00:00:00,24,47.18,SLA breach
APR001235,PR,PR00773,EMP038,2,2,approve,2024-06-12 00:00:00,48,37.06,SLA breach
APR001236,PR,PR00774,EMP022,1,1,approve,2025-11-28 00:00:00,24,2.42,ok
APR001237,PR,PR00774,EMP038,2,2,approve,2025-11-28 00:00:00,48,2.34,ok
APR001238,PR,PR00776,EMP040,1,1,approve,2024-03-26 00:00:00,24,19.07,ok
APR001239,PR,PR00776,EMP040,2,2,approve,2024-03-27 00:00:00,48,38.71,ok
APR001240,PR,PR00776,EMP010,3,3,approve,2024-03-27 00:00:00,48,10.04,ok
APR001241,PR,PR00777,EMP006,1,1,approve,2024-07-30 00:00:00,24,1.08,ok
APR001242,PR,PR00777,EMP019,2,2,approve,2024-07-30 00:00:00,48,11.39,ok
APR001243,PR,PR00778,EMP006,1,1,approve,2024-12-29 00:00:00,24,9.98,ok
APR001244,PR,PR00780,EMP001,1,1,approve,2024-06-05 00:00:00,24,55.29,SLA breach
APR001245,PR,PR00782,EMP001,1,1,approve,2024-07-07 00:00:00,24,20.24,ok
APR001246,PR,PR00783,EMP022,1,1,approve,2024-02-16 00:00:00,24,62.93,SLA breach
APR001247,PR,PR00783,EMP004,2,2,approve,2024-02-20 00:00:00,48,107.05,SLA breach
APR001248,PR,PR00783,EMP003,3,3,approve,2024-02-27 00:00:00,48,171.91,SLA breach
APR001249,PR,PR00784,EMP025,1,1,approve,2025-11-28 00:00:00,24,12.88,ok
APR001250,PR,PR00786,EMP021,1,1,approve,2025-05-26 00:00:00,24,20.25,ok
APR001251,PR,PR00786,EMP040,2,2,approve,2025-05-26 00:00:00,48,16.12,ok
APR001252,PR,PR00786,EMP018,3,3,approve,2025-05-26 00:00:00,48,11.85,ok
APR001253,PR,PR00787,EMP032,1,1,approve,2025-12-05 00:00:00,24,11.12,ok
APR001254,PR,PR00787,EMP010,2,2,approve,2025-12-06 00:00:00,48,39.22,ok
APR001255,PR,PR00788,EMP029,1,1,approve,2025-12-14 00:00:00,24,90.19,SLA breach
APR001256,PR,PR00788,EMP028,2,2,approve,2025-12-15 00:00:00,48,41.01,SLA breach
APR001257,PR,PR00788,EMP014,3,3,approve,2025-12-16 00:00:00,48,37.15,SLA breach
APR001258,PR,PR00789,EMP036,1,1,approve,2024-06-11 00:00:00,24,9.6,ok
APR001259,PR,PR00789,EMP003,2,2,approve,2024-06-12 00:00:00,48,31.18,ok
APR001260,PR,PR00789,EMP033,3,3,approve,2024-06-12 00:00:00,48,6.44,ok
APR001261,PR,PR00790,EMP014,1,1,approve,2025-02-20 00:00:00,24,6.27,ok
APR001262,PR,PR00790,EMP003,2,2,approve,2025-02-20 00:00:00,48,6.47,ok
APR001263,PR,PR00791,EMP031,1,1,approve,2025-08-19 00:00:00,24,11.12,ok
APR001264,PR,PR00791,EMP005,2,2,approve,2025-08-20 00:00:00,48,39.73,ok
APR001265,PR,PR00791,EMP005,3,3,approve,2025-08-25 00:00:00,48,129.65,SLA breach
APR001266,PR,PR00793,EMP009,1,1,approve,2024-11-02 00:00:00,24,9.06,ok
APR001267,PR,PR00793,EMP020,2,2,approve,2024-11-09 00:00:00,48,180.06,SLA breach
APR001268,PR,PR00794,EMP035,1,1,approve,2024-02-15 00:00:00,24,19.02,ok
APR001269,PR,PR00794,EMP011,2,2,approve,2024-02-16 00:00:00,48,25.81,ok
APR001270,PR,PR00795,EMP019,1,1,approve,2025-12-21 00:00:00,24,62.0,SLA breach
APR001271,PR,PR00795,EMP032,2,2,approve,2025-12-22 00:00:00,48,40.97,SLA breach
APR001272,PR,PR00795,EMP036,3,3,approve,2025-12-26 00:00:00,48,103.05,SLA breach
APR001273,PR,PR00796,EMP002,1,1,approve,2025-08-19 00:00:00,24,6.84,ok
APR001274,PR,PR00796,EMP007,2,2,approve,2025-08-19 00:00:00,48,23.26,ok
APR001275,PR,PR00797,EMP010,1,1,approve,2024-02-07 00:00:00,24,19.03,ok
APR001276,PR,PR00797,EMP022,2,2,approve,2024-02-10 00:00:00,48,80.76,SLA breach
APR001277,PR,PR00798,EMP022,1,1,approve,2024-07-10 00:00:00,24,12.0,ok
APR001278,PR,PR00798,EMP021,2,2,approve,2024-07-10 00:00:00,48,19.51,ok
APR001279,PR,PR00799,EMP019,1,1,approve,2025-11-03 00:00:00,24,17.24,ok
APR001280,PR,PR00799,EMP018,2,2,approve,2025-11-03 00:00:00,48,16.11,ok
APR001281,PR,PR00799,EMP032,3,3,approve,2025-11-03 00:00:00,48,20.98,ok
APR001282,PR,PR00800,EMP024,1,1,approve,2024-12-27 00:00:00,24,10.64,ok
APR001283,PR,PR00800,EMP013,2,2,approve,2024-12-28 00:00:00,48,42.26,ok
APR001284,PR,PR00800,EMP028,3,3,approve,2024-12-28 00:00:00,48,2.84,ok
APR001285,PR,PR00801,EMP017,1,1,approve,2024-02-19 00:00:00,24,11.29,ok
APR001286,PR,PR00801,EMP022,2,2,approve,2024-02-20 00:00:00,48,31.63,ok
APR001287,PR,PR00802,EMP022,1,1,approve,2024-05-10 00:00:00,24,20.01,ok
APR001288,PR,PR00802,EMP011,2,2,approve,2024-05-10 00:00:00,48,5.19,ok
APR001289,PR,PR00802,EMP006,3,3,approve,2024-05-10 00:00:00,48,10.77,ok
APR001290,PR,PR00803,EMP030,1,1,approve,2025-06-14 00:00:00,24,14.16,ok
APR001291,PR,PR00803,EMP029,2,2,approve,2025-06-20 00:00:00,48,166.5,SLA breach
APR001292,PR,PR00803,EMP027,3,3,approve,2025-06-20 00:00:00,48,10.11,SLA breach
APR001293,PR,PR00804,EMP029,1,1,approve,2025-01-01 00:00:00,24,49.98,SLA breach
APR001294,PR,PR00804,EMP007,2,2,approve,2025-01-02 00:00:00,48,39.17,SLA breach
APR001295,PR,PR00806,EMP036,1,1,approve,2024-08-23 00:00:00,24,85.14,SLA breach
APR001296,PR,PR00807,EMP012,1,1,approve,2024-11-30 00:00:00,24,3.64,ok
APR001297,PR,PR00807,EMP007,2,2,approve,2024-12-01 00:00:00,48,41.32,ok
APR001298,PR,PR00808,EMP024,1,1,approve,2025-08-25 00:00:00,24,15.35,ok
APR001299,PR,PR00808,EMP040,2,2,approve,2025-08-25 00:00:00,48,19.84,ok
APR001300,PR,PR00810,EMP038,1,1,approve,2024-07-27 00:00:00,24,8.19,ok
APR001301,PR,PR00810,EMP020,2,2,approve,2024-07-31 00:00:00,48,100.1,SLA breach
APR001302,PR,PR00811,EMP018,1,1,approve,2025-11-13 00:00:00,24,8.77,ok
APR001303,PR,PR00812,EMP015,1,1,approve,2024-10-18 00:00:00,24,66.35,SLA breach
APR001304,PR,PR00813,EMP030,1,1,approve,2024-02-05 00:00:00,24,6.48,ok
APR001305,PR,PR00813,EMP001,2,2,approve,2024-02-05 00:00:00,48,17.03,ok
APR001306,PR,PR00814,EMP035,1,1,approve,2025-02-23 00:00:00,24,70.39,SLA breach
APR001307,PR,PR00814,EMP038,2,2,approve,2025-02-23 00:00:00,48,23.33,SLA breach
APR001308,PR,PR00815,EMP016,1,1,approve,2024-03-26 00:00:00,24,70.0,SLA breach
APR001309,PR,PR00815,EMP006,2,2,approve,2024-03-26 00:00:00,48,1.84,SLA breach
APR001310,PR,PR00818,EMP020,1,1,approve,2025-03-19 00:00:00,24,20.25,ok
APR001311,PR,PR00819,EMP024,1,1,approve,2025-10-28 00:00:00,24,82.55,SLA breach
APR001312,PR,PR00820,EMP019,1,1,approve,2024-02-26 00:00:00,24,11.86,ok
APR001313,PR,PR00820,EMP011,2,2,approve,2024-03-01 00:00:00,48,104.84,SLA breach
APR001314,PR,PR00820,EMP034,3,3,approve,2024-03-08 00:00:00,48,178.1,SLA breach
APR001315,PR,PR00821,EMP009,1,1,approve,2025-10-08 00:00:00,24,2.34,ok
APR001316,PR,PR00821,EMP015,2,2,approve,2025-10-08 00:00:00,48,21.08,ok
APR001317,PR,PR00822,EMP012,1,1,approve,2025-04-08 00:00:00,24,7.81,ok
APR001318,PR,PR00822,EMP031,2,2,approve,2025-04-09 00:00:00,48,35.28,ok
APR001319,PR,PR00822,EMP037,3,3,approve,2025-04-15 00:00:00,48,156.58,SLA breach
APR001320,PR,PR00823,EMP037,1,1,approve,2024-01-25 00:00:00,24,45.62,SLA breach
APR001321,PR,PR00824,EMP004,1,1,approve,2025-05-14 00:00:00,24,38.6,SLA breach
APR001322,PR,PR00825,EMP027,1,1,approve,2024-12-31 00:00:00,24,8.8,ok
APR001323,PR,PR00826,EMP011,1,1,approve,2025-03-08 00:00:00,24,36.52,SLA breach
APR001324,PR,PR00827,EMP013,1,1,approve,2024-09-01 00:00:00,24,89.55,SLA breach
APR001325,PR,PR00827,EMP024,2,2,approve,2024-09-01 00:00:00,48,8.01,SLA breach
APR001326,PR,PR00828,EMP037,1,1,approve,2025-03-29 00:00:00,24,15.01,ok
APR001327,PR,PR00828,EMP027,2,2,approve,2025-03-29 00:00:00,48,9.88,ok
APR001328,PR,PR00828,EMP023,3,3,approve,2025-03-30 00:00:00,48,38.09,ok
APR001329,PR,PR00829,EMP027,1,1,approve,2025-02-09 00:00:00,24,21.15,ok
APR001330,PR,PR00829,EMP007,2,2,approve,2025-02-09 00:00:00,48,2.94,ok
APR001331,PR,PR00830,EMP038,1,1,approve,2025-06-12 00:00:00,24,3.5,ok
APR001332,PR,PR00830,EMP027,2,2,approve,2025-06-12 00:00:00,48,12.3,ok
APR001333,PR,PR00831,EMP016,1,1,approve,2023-12-24 00:00:00,24,38.73,SLA breach
APR001334,PR,PR00832,EMP005,1,1,approve,2025-10-25 00:00:00,24,8.68,ok
APR001335,PR,PR00832,EMP020,2,2,approve,2025-10-26 00:00:00,48,31.33,ok
APR001336,PR,PR00832,EMP030,3,3,approve,2025-10-26 00:00:00,48,5.86,ok
APR001337,PR,PR00833,EMP039,1,1,approve,2024-10-05 00:00:00,24,1.52,ok
APR001338,PR,PR00833,EMP017,2,2,approve,2024-10-05 00:00:00,48,10.06,ok
APR001339,PR,PR00834,EMP022,1,1,approve,2025-02-25 00:00:00,24,55.19,SLA breach
APR001340,PR,PR00834,EMP017,2,2,approve,2025-03-01 00:00:00,48,119.64,SLA breach
APR001341,PR,PR00834,EMP015,3,3,approve,2025-03-01 00:00:00,48,19.24,SLA breach
APR001342,PR,PR00836,EMP006,1,1,approve,2025-06-05 00:00:00,24,19.45,ok
APR001343,PR,PR00837,EMP018,1,1,approve,2024-07-06 00:00:00,24,14.14,ok
APR001344,PR,PR00839,EMP031,1,1,approve,2025-12-28 00:00:00,24,20.2,ok
APR001345,PR,PR00839,EMP003,2,2,approve,2025-12-28 00:00:00,48,20.69,ok
APR001346,PR,PR00841,EMP030,1,1,approve,2025-09-16 00:00:00,24,3.79,ok
APR001347,PR,PR00842,EMP034,1,1,approve,2024-02-22 00:00:00,24,9.26,ok
APR001348,PR,PR00842,EMP014,2,2,approve,2024-02-22 00:00:00,48,8.68,ok
APR001349,PR,PR00842,EMP019,3,3,approve,2024-02-27 00:00:00,48,127.12,SLA breach
APR001350,PR,PR00843,EMP018,1,1,approve,2024-06-07 00:00:00,24,90.59,SLA breach
APR001351,PR,PR00843,EMP012,2,2,approve,2024-06-08 00:00:00,48,28.08,SLA breach
APR001352,PR,PR00845,EMP011,1,1,approve,2025-04-02 00:00:00,24,21.16,ok
APR001353,PR,PR00845,EMP005,2,2,approve,2025-04-03 00:00:00,48,32.43,ok
APR001354,PR,PR00846,EMP003,1,1,approve,2025-12-03 00:00:00,24,2.68,ok
APR001355,PR,PR00847,EMP031,1,1,approve,2025-10-19 00:00:00,24,59.54,SLA breach
APR001356,PR,PR00847,EMP016,2,2,approve,2025-10-19 00:00:00,48,21.61,SLA breach
APR001357,PR,PR00847,EMP028,3,3,approve,2025-10-19 00:00:00,48,23.5,SLA breach
APR001358,PR,PR00848,EMP035,1,1,approve,2024-09-09 00:00:00,24,52.36,SLA breach
APR001359,PR,PR00848,EMP018,2,2,approve,2024-09-12 00:00:00,48,72.53,SLA breach
APR001360,PR,PR00849,EMP033,1,1,approve,2024-11-15 00:00:00,24,7.04,ok
APR001361,PR,PR00849,EMP015,2,2,approve,2024-11-16 00:00:00,48,34.18,ok
APR001362,PR,PR00849,EMP022,3,3,approve,2024-11-16 00:00:00,48,16.76,ok
APR001363,PR,PR00850,EMP028,1,1,approve,2024-04-12 00:00:00,24,16.67,ok
APR001364,PR,PR00850,EMP040,2,2,approve,2024-04-12 00:00:00,48,7.84,ok
APR001365,PR,PR00851,EMP002,1,1,approve,2024-12-08 00:00:00,24,16.41,ok
APR001366,PR,PR00851,EMP010,2,2,approve,2024-12-08 00:00:00,48,22.57,ok
APR001367,PR,PR00853,EMP008,1,1,approve,2025-05-06 00:00:00,24,5.16,ok
APR001368,PR,PR00853,EMP025,2,2,approve,2025-05-09 00:00:00,48,78.06,SLA breach
APR001369,PR,PR00853,EMP024,3,3,approve,2025-05-10 00:00:00,48,25.23,SLA breach
APR001370,PR,PR00855,EMP023,1,1,approve,2024-06-22 00:00:00,24,19.92,ok
APR001371,PR,PR00855,EMP015,2,2,approve,2024-06-25 00:00:00,48,76.03,SLA breach
APR001372,PR,PR00856,EMP020,1,1,approve,2025-09-08 00:00:00,24,58.22,SLA breach
APR001373,PR,PR00857,EMP032,1,1,approve,2025-04-03 00:00:00,24,1.67,ok
APR001374,PR,PR00857,EMP028,2,2,approve,2025-04-04 00:00:00,48,30.58,ok
APR001375,PR,PR00860,EMP005,1,1,approve,2024-09-25 00:00:00,24,8.65,ok
APR001376,PR,PR00861,EMP012,1,1,approve,2025-07-28 00:00:00,24,19.03,ok
APR001377,PR,PR00861,EMP037,2,2,approve,2025-08-01 00:00:00,48,113.71,SLA breach
APR001378,PR,PR00862,EMP011,1,1,approve,2025-11-30 00:00:00,24,16.07,ok
APR001379,PR,PR00862,EMP005,2,2,approve,2025-11-30 00:00:00,48,22.98,ok
APR001380,PR,PR00863,EMP005,1,1,approve,2025-03-16 00:00:00,24,74.97,SLA breach
APR001381,PR,PR00863,EMP011,2,2,approve,2025-03-16 00:00:00,48,4.96,SLA breach
APR001382,PR,PR00864,EMP022,1,1,approve,2025-01-08 00:00:00,24,51.06,SLA breach
APR001383,PR,PR00864,EMP022,2,2,approve,2025-01-14 00:00:00,48,154.71,SLA breach
APR001384,PR,PR00865,EMP005,1,1,approve,2025-02-23 00:00:00,24,36.24,SLA breach
APR001385,PR,PR00865,EMP030,2,2,approve,2025-02-23 00:00:00,48,12.67,SLA breach
APR001386,PR,PR00867,EMP024,1,1,approve,2025-06-18 00:00:00,24,12.63,ok
APR001387,PR,PR00869,EMP001,1,1,approve,2025-01-28 00:00:00,24,3.07,ok
APR001388,PR,PR00869,EMP021,2,2,approve,2025-01-29 00:00:00,48,28.82,ok
APR001389,PR,PR00870,EMP018,1,1,approve,2024-08-30 00:00:00,24,3.63,ok
APR001390,PR,PR00870,EMP004,2,2,approve,2024-08-31 00:00:00,48,33.8,ok
APR001391,PR,PR00871,EMP034,1,1,approve,2025-03-03 00:00:00,24,11.25,ok
APR001392,PR,PR00871,EMP001,2,2,approve,2025-03-06 00:00:00,48,85.11,SLA breach
APR001393,PR,PR00872,EMP025,1,1,approve,2024-07-24 00:00:00,24,21.47,ok
APR001394,PR,PR00872,EMP034,2,2,approve,2024-07-25 00:00:00,48,36.51,ok
APR001395,PR,PR00873,EMP006,1,1,approve,2024-05-09 00:00:00,24,7.36,ok
APR001396,PR,PR00873,EMP015,2,2,approve,2024-05-09 00:00:00,48,5.95,ok
APR001397,PR,PR00874,EMP025,1,1,approve,2025-05-12 00:00:00,24,20.13,ok
APR001398,PR,PR00874,EMP030,2,2,approve,2025-05-13 00:00:00,48,32.68,ok
APR001399,PR,PR00874,EMP019,3,3,approve,2025-05-20 00:00:00,48,182.81,SLA breach
APR001400,PR,PR00875,EMP021,1,1,approve,2025-10-26 00:00:00,24,8.09,ok
APR001401,PR,PR00875,EMP027,2,2,approve,2025-10-26 00:00:00,48,13.11,ok
APR001402,PR,PR00875,EMP024,3,3,approve,2025-10-26 00:00:00,48,2.56,ok
APR001403,PR,PR00876,EMP034,1,1,approve,2025-02-12 00:00:00,24,15.88,ok
APR001404,PR,PR00876,EMP026,2,2,approve,2025-02-13 00:00:00,48,27.92,ok
APR001405,PR,PR00876,EMP013,3,3,approve,2025-02-18 00:00:00,48,137.27,SLA breach
APR001406,PR,PR00877,EMP037,1,1,approve,2024-07-19 00:00:00,24,4.19,ok
APR001407,PR,PR00877,EMP012,2,2,approve,2024-07-19 00:00:00,48,4.81,ok
APR001408,PR,PR00877,EMP009,3,3,approve,2024-07-20 00:00:00,48,30.61,ok
APR001409,PR,PR00878,EMP025,1,1,approve,2024-01-25 00:00:00,24,16.55,ok
APR001410,PR,PR00878,EMP033,2,2,approve,2024-01-25 00:00:00,48,5.23,ok
APR001411,PR,PR00878,EMP009,3,3,approve,2024-01-25 00:00:00,48,19.43,ok
APR001412,PR,PR00879,EMP007,1,1,approve,2025-08-26 00:00:00,24,8.98,ok
APR001413,PR,PR00880,EMP022,1,1,approve,2024-08-06 00:00:00,24,11.99,ok
APR001414,PR,PR00883,EMP011,1,1,approve,2024-06-19 00:00:00,24,8.72,ok
APR001415,PR,PR00883,EMP023,2,2,approve,2024-06-20 00:00:00,48,28.8,ok
APR001416,PR,PR00883,EMP028,3,3,approve,2024-06-21 00:00:00,48,32.61,ok
APR001417,PR,PR00886,EMP039,1,1,approve,2024-08-11 00:00:00,24,11.02,ok
APR001418,PR,PR00887,EMP033,1,1,approve,2024-08-06 00:00:00,24,85.79,SLA breach
APR001419,PR,PR00887,EMP022,2,2,approve,2024-08-07 00:00:00,48,28.89,SLA breach
APR001420,PR,PR00888,EMP004,1,1,approve,2025-01-14 00:00:00,24,58.71,SLA breach
APR001421,PR,PR00888,EMP031,2,2,approve,2025-01-15 00:00:00,48,36.92,SLA breach
APR001422,PR,PR00889,EMP031,1,1,approve,2024-02-03 00:00:00,24,47.78,SLA breach
APR001423,PR,PR00889,EMP010,2,2,approve,2024-02-03 00:00:00,48,20.41,SLA breach
APR001424,PR,PR00890,EMP013,1,1,approve,2025-11-27 00:00:00,24,15.99,ok
APR001425,PR,PR00890,EMP030,2,2,approve,2025-11-28 00:00:00,48,28.61,ok
APR001426,PR,PR00891,EMP018,1,1,approve,2024-02-17 00:00:00,24,13.87,ok
APR001427,PR,PR00891,EMP011,2,2,approve,2024-02-17 00:00:00,48,2.34,ok
APR001428,PR,PR00891,EMP033,3,3,approve,2024-02-18 00:00:00,48,38.89,ok
APR001429,PR,PR00892,EMP040,1,1,approve,2025-02-20 00:00:00,24,13.0,ok
APR001430,PR,PR00893,EMP017,1,1,approve,2025-02-07 00:00:00,24,81.08,SLA breach
APR001431,PR,PR00893,EMP007,2,2,approve,2025-02-08 00:00:00,48,30.96,SLA breach
APR001432,PR,PR00894,EMP039,1,1,approve,2024-06-27 00:00:00,24,17.42,ok
APR001433,PR,PR00894,EMP027,2,2,approve,2024-06-27 00:00:00,48,9.23,ok
APR001434,PR,PR00894,EMP021,3,3,approve,2024-06-28 00:00:00,48,35.77,ok
APR001435,PR,PR00895,EMP008,1,1,approve,2025-11-28 00:00:00,24,1.96,ok
APR001436,PR,PR00895,EMP026,2,2,approve,2025-12-01 00:00:00,48,83.95,SLA breach
APR001437,PR,PR00896,EMP027,1,1,approve,2025-07-31 00:00:00,24,3.07,ok
APR001438,PR,PR00897,EMP003,1,1,approve,2025-10-10 00:00:00,24,21.21,ok
APR001439,PR,PR00897,EMP002,2,2,approve,2025-10-10 00:00:00,48,19.39,ok
APR001440,PR,PR00897,EMP021,3,3,approve,2025-10-11 00:00:00,48,39.32,ok
APR001441,PR,PR00898,EMP005,1,1,approve,2025-11-21 00:00:00,24,8.53,ok
APR001442,PR,PR00898,EMP003,2,2,approve,2025-11-22 00:00:00,48,41.81,ok
APR001443,PR,PR00899,EMP010,1,1,approve,2024-06-04 00:00:00,24,9.18,ok
APR001444,PR,PR00899,EMP028,2,2,approve,2024-06-04 00:00:00,48,11.4,ok
APR001445,PR,PR00899,EMP012,3,3,approve,2024-06-08 00:00:00,48,117.95,SLA breach
APR001446,PR,PR00900,EMP010,1,1,approve,2024-09-14 00:00:00,24,2.59,ok
APR001447,PR,PR00900,EMP028,2,2,approve,2024-09-15 00:00:00,48,34.95,ok
APR001448,PR,PR00901,EMP039,1,1,approve,2025-08-14 00:00:00,24,11.04,ok
APR001449,PR,PR00901,EMP034,2,2,approve,2025-08-15 00:00:00,48,31.71,ok
APR001450,PR,PR00901,EMP035,3,3,approve,2025-08-15 00:00:00,48,14.66,ok
APR001451,PR,PR00903,EMP017,1,1,approve,2024-10-05 00:00:00,24,17.14,ok
APR001452,PR,PR00903,EMP021,2,2,approve,2024-10-06 00:00:00,48,30.13,ok
APR001453,PR,PR00904,EMP021,1,1,approve,2025-07-30 00:00:00,24,12.61,ok
APR001454,PR,PR00904,EMP009,2,2,approve,2025-08-06 00:00:00,48,178.52,SLA breach
APR001455,PR,PR00904,EMP010,3,3,approve,2025-08-06 00:00:00,48,1.97,SLA breach
APR001456,PR,PR00905,EMP040,1,1,approve,2024-10-01 00:00:00,24,8.68,ok
APR001457,PR,PR00907,EMP016,1,1,approve,2025-03-25 00:00:00,24,14.24,ok
APR001458,PR,PR00908,EMP015,1,1,approve,2025-10-19 00:00:00,24,16.51,ok
APR001459,PR,PR00908,EMP019,2,2,approve,2025-10-26 00:00:00,48,183.98,SLA breach
APR001460,PR,PR00909,EMP002,1,1,approve,2024-04-03 00:00:00,24,4.63,ok
APR001461,PR,PR00909,EMP019,2,2,approve,2024-04-04 00:00:00,48,34.58,ok
APR001462,PR,PR00909,EMP038,3,3,approve,2024-04-05 00:00:00,48,38.99,ok
APR001463,PR,PR00910,EMP019,1,1,approve,2025-02-14 00:00:00,24,7.71,ok
APR001464,PR,PR00910,EMP038,2,2,approve,2025-02-14 00:00:00,48,14.84,ok
APR001465,PR,PR00910,EMP008,3,3,approve,2025-02-21 00:00:00,48,188.68,SLA breach
APR001466,PR,PR00911,EMP027,1,1,approve,2025-09-04 00:00:00,24,85.02,SLA breach
APR001467,PR,PR00911,EMP021,2,2,approve,2025-09-04 00:00:00,48,17.67,SLA breach
APR001468,PR,PR00912,EMP038,1,1,approve,2025-11-06 00:00:00,24,10.41,ok
APR001469,PR,PR00912,EMP005,2,2,approve,2025-11-07 00:00:00,48,32.35,ok
APR001470,PR,PR00912,EMP017,3,3,approve,2025-11-11 00:00:00,48,98.06,SLA breach
APR001471,PR,PR00914,EMP016,1,1,approve,2024-09-20 00:00:00,24,14.52,ok
APR001472,PR,PR00914,EMP014,2,2,approve,2024-09-21 00:00:00,48,32.03,ok
APR001473,PR,PR00915,EMP026,1,1,approve,2025-06-14 00:00:00,24,16.88,ok
APR001474,PR,PR00915,EMP029,2,2,approve,2025-06-21 00:00:00,48,187.45,SLA breach
APR001475,PR,PR00916,EMP016,1,1,approve,2024-10-03 00:00:00,24,10.81,ok
APR001476,PR,PR00916,EMP011,2,2,approve,2024-10-03 00:00:00,48,16.4,ok
APR001477,PR,PR00916,EMP011,3,3,approve,2024-10-04 00:00:00,48,27.53,ok
APR001478,PR,PR00917,EMP035,1,1,approve,2025-12-26 00:00:00,24,62.07,SLA breach
APR001479,PR,PR00918,EMP035,1,1,approve,2024-06-09 00:00:00,24,3.67,ok
APR001480,PR,PR00918,EMP002,2,2,approve,2024-06-09 00:00:00,48,21.69,ok
APR001481,PR,PR00919,EMP007,1,1,approve,2024-07-31 00:00:00,24,67.2,SLA breach
APR001482,PR,PR00919,EMP008,2,2,approve,2024-08-01 00:00:00,48,39.96,SLA breach
APR001483,PR,PR00920,EMP029,1,1,approve,2025-09-17 00:00:00,24,54.02,SLA breach
APR001484,PR,PR00921,EMP032,1,1,approve,2024-03-04 00:00:00,24,20.56,ok
APR001485,PR,PR00921,EMP027,2,2,approve,2024-03-05 00:00:00,48,42.21,ok
APR001486,PR,PR00922,EMP031,1,1,approve,2025-08-21 00:00:00,24,4.73,ok
APR001487,PR,PR00923,EMP037,1,1,approve,2024-06-27 00:00:00,24,1.67,ok
APR001488,PR,PR00923,EMP020,2,2,approve,2024-07-01 00:00:00,48,98.89,SLA breach
APR001489,PR,PR00924,EMP031,1,1,approve,2025-01-21 00:00:00,24,4.01,ok
APR001490,PR,PR00924,EMP028,2,2,approve,2025-01-21 00:00:00,48,20.63,ok
APR001491,PR,PR00925,EMP023,1,1,approve,2025-03-27 00:00:00,24,67.01,SLA breach
APR001492,PR,PR00925,EMP022,2,2,approve,2025-03-27 00:00:00,48,11.03,SLA breach
APR001493,PR,PR00926,EMP024,1,1,approve,2025-12-07 00:00:00,24,73.15,SLA breach
APR001494,PR,PR00926,EMP002,2,2,approve,2025-12-12 00:00:00,48,126.41,SLA breach
APR001495,PR,PR00927,EMP028,1,1,approve,2024-07-19 00:00:00,24,5.21,ok
APR001496,PR,PR00928,EMP034,1,1,approve,2024-03-29 00:00:00,24,17.6,ok
APR001497,PR,PR00928,EMP032,2,2,approve,2024-03-29 00:00:00,48,9.91,ok
APR001498,PR,PR00929,EMP036,1,1,approve,2025-12-08 00:00:00,24,7.42,ok
APR001499,PR,PR00930,EMP012,1,1,approve,2024-07-17 00:00:00,24,18.95,ok
APR001500,PR,PR00930,EMP040,2,2,approve,2024-07-18 00:00:00,48,28.3,ok
APR001501,PR,PR00930,EMP026,3,3,approve,2024-07-19 00:00:00,48,30.97,ok
APR001502,PR,PR00932,EMP008,1,1,approve,2024-08-11 00:00:00,24,62.35,SLA breach
APR001503,PR,PR00932,EMP027,2,2,approve,2024-08-15 00:00:00,48,113.9,SLA breach
APR001504,PR,PR00934,EMP033,1,1,approve,2025-01-13 00:00:00,24,8.11,ok
APR001505,PR,PR00934,EMP027,2,2,approve,2025-01-13 00:00:00,48,7.05,ok
APR001506,PR,PR00935,EMP011,1,1,approve,2025-09-27 00:00:00,24,6.57,ok
APR001507,PR,PR00936,EMP012,1,1,approve,2025-07-30 00:00:00,24,11.83,ok
APR001508,PR,PR00936,EMP031,2,2,approve,2025-07-30 00:00:00,48,19.51,ok
APR001509,PR,PR00936,EMP014,3,3,approve,2025-08-03 00:00:00,48,118.95,SLA breach
APR001510,PR,PR00937,EMP027,1,1,approve,2025-05-19 00:00:00,24,40.38,SLA breach
APR001511,PR,PR00937,EMP032,2,2,approve,2025-05-20 00:00:00,48,27.89,SLA breach
APR001512,PR,PR00938,EMP007,1,1,approve,2024-04-24 00:00:00,24,17.39,ok
APR001513,PR,PR00939,EMP010,1,1,approve,2024-09-22 00:00:00,24,1.78,ok
APR001514,PR,PR00939,EMP012,2,2,approve,2024-09-23 00:00:00,48,42.73,ok
APR001515,PR,PR00940,EMP012,1,1,approve,2025-07-23 00:00:00,24,14.24,ok
APR001516,PR,PR00940,EMP026,2,2,approve,2025-07-23 00:00:00,48,18.84,ok
APR001517,PR,PR00941,EMP029,1,1,approve,2025-10-17 00:00:00,24,7.72,ok
APR001518,PR,PR00941,EMP034,2,2,approve,2025-10-18 00:00:00,48,31.23,ok
APR001519,PR,PR00942,EMP037,1,1,approve,2025-11-15 00:00:00,24,84.84,SLA breach
APR001520,PR,PR00942,EMP028,2,2,approve,2025-11-22 00:00:00,48,189.88,SLA breach
APR001521,PR,PR00943,EMP006,1,1,approve,2024-03-26 00:00:00,24,3.38,ok
APR001522,PR,PR00943,EMP040,2,2,approve,2024-03-26 00:00:00,48,2.31,ok
APR001523,PR,PR00944,EMP017,1,1,approve,2025-02-20 00:00:00,24,7.52,ok
APR001524,PR,PR00944,EMP039,2,2,approve,2025-02-26 00:00:00,48,163.49,SLA breach
APR001525,PR,PR00945,EMP024,1,1,approve,2025-01-17 00:00:00,24,20.92,ok
APR001526,PR,PR00946,EMP008,1,1,approve,2025-01-23 00:00:00,24,15.9,ok
APR001527,PR,PR00947,EMP008,1,1,approve,2024-11-18 00:00:00,24,88.61,SLA breach
APR001528,PR,PR00947,EMP014,2,2,approve,2024-11-21 00:00:00,48,87.09,SLA breach
APR001529,PR,PR00948,EMP018,1,1,approve,2025-09-16 00:00:00,24,6.77,ok
APR001530,PR,PR00949,EMP019,1,1,approve,2024-05-06 00:00:00,24,81.21,SLA breach
APR001531,PR,PR00949,EMP015,2,2,approve,2024-05-06 00:00:00,48,14.7,SLA breach
APR001532,PR,PR00950,EMP018,1,1,approve,2025-06-05 00:00:00,24,7.65,ok
APR001533,PR,PR00951,EMP014,1,1,approve,2024-10-04 00:00:00,24,17.38,ok
APR001534,PR,PR00952,EMP039,1,1,approve,2025-01-08 00:00:00,24,2.95,ok
APR001535,PR,PR00954,EMP032,1,1,approve,2024-12-09 00:00:00,24,11.13,ok
APR001536,PR,PR00956,EMP038,1,1,approve,2025-08-28 00:00:00,24,2.47,ok
APR001537,PR,PR00956,EMP007,2,2,approve,2025-09-01 00:00:00,48,100.72,SLA breach
APR001538,PR,PR00956,EMP005,3,3,approve,2025-09-08 00:00:00,48,178.58,SLA breach
APR001539,PR,PR00957,EMP029,1,1,approve,2024-06-19 00:00:00,24,8.28,ok
APR001540,PR,PR00958,EMP029,1,1,approve,2024-09-07 00:00:00,24,83.58,SLA breach
APR001541,PR,PR00958,EMP018,2,2,approve,2024-09-11 00:00:00,48,102.02,SLA breach
APR001542,PR,PR00959,EMP005,1,1,approve,2024-01-09 00:00:00,24,5.52,ok
APR001543,PR,PR00959,EMP019,2,2,approve,2024-01-09 00:00:00,48,18.98,ok
APR001544,PR,PR00960,EMP040,1,1,approve,2024-03-10 00:00:00,24,65.26,SLA breach
APR001545,PR,PR00961,EMP029,1,1,approve,2024-11-18 00:00:00,24,84.42,SLA breach
APR001546,PR,PR00961,EMP002,2,2,approve,2024-11-18 00:00:00,48,6.05,SLA breach
APR001547,PR,PR00963,EMP002,1,1,approve,2024-03-19 00:00:00,24,6.0,ok
APR001548,PR,PR00963,EMP006,2,2,approve,2024-03-26 00:00:00,48,178.11,SLA breach
APR001549,PR,PR00964,EMP036,1,1,approve,2024-11-11 00:00:00,24,6.81,ok
APR001550,PR,PR00965,EMP007,1,1,approve,2025-12-17 00:00:00,24,7.35,ok
APR001551,PR,PR00965,EMP005,2,2,approve,2025-12-17 00:00:00,48,1.91,ok
APR001552,PR,PR00966,EMP015,1,1,approve,2025-05-16 00:00:00,24,75.86,SLA breach
APR001553,PR,PR00966,EMP005,2,2,approve,2025-05-23 00:00:00,48,179.37,SLA breach
APR001554,PR,PR00969,EMP026,1,1,approve,2024-09-25 00:00:00,24,15.3,ok
APR001555,PR,PR00969,EMP006,2,2,approve,2024-09-26 00:00:00,48,30.21,ok
APR001556,PR,PR00969,EMP024,3,3,approve,2024-09-27 00:00:00,48,26.38,ok
APR001557,PR,PR00971,EMP014,1,1,approve,2025-01-06 00:00:00,24,59.37,SLA breach
APR001558,PR,PR00971,EMP018,2,2,approve,2025-01-07 00:00:00,48,41.08,SLA breach
APR001559,PR,PR00971,EMP023,3,3,approve,2025-01-08 00:00:00,48,24.19,SLA breach
APR001560,PR,PR00973,EMP039,1,1,approve,2024-02-15 00:00:00,24,93.63,SLA breach
APR001561,PR,PR00973,EMP028,2,2,approve,2024-02-16 00:00:00,48,34.84,SLA breach
APR001562,PR,PR00974,EMP013,1,1,approve,2024-11-30 00:00:00,24,67.43,SLA breach
APR001563,PR,PR00974,EMP020,2,2,approve,2024-12-07 00:00:00,48,174.0,SLA breach
APR001564,PR,PR00977,EMP021,1,1,approve,2024-06-24 00:00:00,24,13.93,ok
APR001565,PR,PR00977,EMP012,2,2,approve,2024-06-28 00:00:00,48,101.24,SLA breach
APR001566,PR,PR00979,EMP012,1,1,approve,2025-06-10 00:00:00,24,8.85,ok
APR001567,PR,PR00979,EMP021,2,2,approve,2025-06-10 00:00:00,48,12.89,ok
APR001568,PR,PR00979,EMP033,3,3,approve,2025-06-10 00:00:00,48,4.14,ok
APR001569,PR,PR00980,EMP005,1,1,approve,2024-02-17 00:00:00,24,15.3,ok
APR001570,PR,PR00980,EMP018,2,2,approve,2024-02-18 00:00:00,48,30.25,ok
APR001571,PR,PR00980,EMP029,3,3,approve,2024-02-18 00:00:00,48,4.89,ok
APR001572,PR,PR00982,EMP002,1,1,approve,2025-07-18 00:00:00,24,85.8,SLA breach
APR001573,PR,PR00982,EMP020,2,2,approve,2025-07-18 00:00:00,48,2.37,SLA breach
APR001574,PR,PR00982,EMP021,3,3,approve,2025-07-18 00:00:00,48,4.5,SLA breach
APR001575,PR,PR00983,EMP025,1,1,approve,2025-04-09 00:00:00,24,16.6,ok
APR001576,PR,PR00983,EMP033,2,2,approve,2025-04-09 00:00:00,48,12.12,ok
APR001577,PR,PR00984,EMP017,1,1,approve,2025-08-21 00:00:00,24,3.83,ok
APR001578,PR,PR00984,EMP032,2,2,approve,2025-08-22 00:00:00,48,32.6,ok
APR001579,PR,PR00984,EMP035,3,3,approve,2025-08-22 00:00:00,48,1.79,ok
APR001580,PR,PR00985,EMP028,1,1,approve,2024-03-20 00:00:00,24,51.88,SLA breach
APR001581,PR,PR00985,EMP015,2,2,approve,2024-03-20 00:00:00,48,20.94,SLA breach
APR001582,PR,PR00986,EMP036,1,1,approve,2025-08-04 00:00:00,24,85.66,SLA breach
APR001583,PR,PR00986,EMP008,2,2,approve,2025-08-04 00:00:00,48,13.63,SLA breach
APR001584,PR,PR00987,EMP014,1,1,approve,2025-11-14 00:00:00,24,2.25,ok
APR001585,PR,PR00987,EMP036,2,2,approve,2025-11-15 00:00:00,48,32.35,ok
APR001586,PR,PR00987,EMP032,3,3,approve,2025-11-15 00:00:00,48,7.28,ok
APR001587,PR,PR00988,EMP013,1,1,approve,2025-03-04 00:00:00,24,11.58,ok
APR001588,PR,PR00990,EMP030,1,1,approve,2025-04-11 00:00:00,24,6.86,ok
APR001589,PR,PR00990,EMP021,2,2,approve,2025-04-12 00:00:00,48,42.25,ok
APR001590,PR,PR00991,EMP021,1,1,approve,2024-12-15 00:00:00,24,45.83,SLA breach
APR001591,PR,PR00991,EMP009,2,2,approve,2024-12-15 00:00:00,48,1.55,SLA breach
APR001592,PR,PR00993,EMP003,1,1,approve,2024-12-19 00:00:00,24,13.6,ok
APR001593,PR,PR00995,EMP025,1,1,approve,2025-03-29 00:00:00,24,19.87,ok
APR001594,PR,PR00995,EMP007,2,2,approve,2025-03-30 00:00:00,48,34.33,ok
APR001595,PR,PR00996,EMP002,1,1,approve,2024-06-04 00:00:00,24,4.16,ok
APR001596,PR,PR00996,EMP020,2,2,approve,2024-06-04 00:00:00,48,2.02,ok
APR001597,PR,PR00997,EMP024,1,1,approve,2025-06-05 00:00:00,24,77.25,SLA breach
APR001598,PR,PR00997,EMP026,2,2,approve,2025-06-11 00:00:00,48,155.09,SLA breach
APR001599,PR,PR00999,EMP023,1,1,approve,2025-10-02 00:00:00,24,68.76,SLA breach
APR001600,PR,PR00999,EMP034,2,2,approve,2025-10-02 00:00:00,48,11.91,SLA breach
APR001601,PR,PR01000,EMP021,1,1,approve,2024-08-02 00:00:00,24,7.87,ok
APR001602,PR,PR01001,EMP001,1,1,approve,2024-05-07 00:00:00,24,9.26,ok
APR001603,PR,PR01001,EMP029,2,2,approve,2024-05-07 00:00:00,48,15.01,ok
APR001604,PR,PR01002,EMP015,1,1,approve,2024-06-30 00:00:00,24,79.04,SLA breach
APR001605,PR,PR01003,EMP005,1,1,approve,2025-02-03 00:00:00,24,2.08,ok
APR001606,PR,PR01004,EMP030,1,1,approve,2024-03-02 00:00:00,24,11.43,ok
APR001607,PR,PR01004,EMP004,2,2,approve,2024-03-03 00:00:00,48,35.8,ok
APR001608,PR,PR01006,EMP024,1,1,approve,2024-11-09 00:00:00,24,4.23,ok
APR001609,PR,PR01007,EMP038,1,1,approve,2024-02-13 00:00:00,24,21.09,ok
APR001610,PR,PR01008,EMP037,1,1,approve,2025-11-05 00:00:00,24,4.4,ok
APR001611,PR,PR01008,EMP017,2,2,approve,2025-11-05 00:00:00,48,17.01,ok
APR001612,PR,PR01008,EMP009,3,3,approve,2025-11-08 00:00:00,48,87.44,SLA breach
APR001613,PR,PR01009,EMP005,1,1,approve,2024-09-18 00:00:00,24,14.44,ok
APR001614,PR,PR01009,EMP022,2,2,approve,2024-09-18 00:00:00,48,11.1,ok
APR001615,PR,PR01009,EMP021,3,3,approve,2024-09-18 00:00:00,48,13.34,ok
APR001616,PR,PR01010,EMP026,1,1,approve,2024-04-16 00:00:00,24,15.86,ok
APR001617,PR,PR01010,EMP014,2,2,approve,2024-04-16 00:00:00,48,17.24,ok
APR001618,PR,PR01011,EMP037,1,1,approve,2024-05-27 00:00:00,24,15.8,ok
APR001619,PR,PR01011,EMP010,2,2,approve,2024-05-30 00:00:00,48,91.87,SLA breach
APR001620,PR,PR01011,EMP027,3,3,approve,2024-05-30 00:00:00,48,1.75,SLA breach
APR001621,PR,PR01013,EMP004,1,1,approve,2025-02-04 00:00:00,24,19.08,ok
APR001622,PR,PR01013,EMP009,2,2,approve,2025-02-04 00:00:00,48,15.81,ok
APR001623,PR,PR01014,EMP020,1,1,approve,2024-07-21 00:00:00,24,16.1,ok
APR001624,PR,PR01014,EMP039,2,2,approve,2024-07-21 00:00:00,48,13.65,ok
APR001625,PR,PR01015,EMP007,1,1,approve,2024-12-31 00:00:00,24,57.31,SLA breach
APR001626,PR,PR01016,EMP001,1,1,approve,2025-01-02 00:00:00,24,39.52,SLA breach
APR001627,PR,PR01016,EMP002,2,2,approve,2025-01-02 00:00:00,48,14.69,SLA breach
APR001628,PR,PR01016,EMP010,3,3,approve,2025-01-03 00:00:00,48,34.83,SLA breach
APR001629,PR,PR01017,EMP030,1,1,approve,2025-12-17 00:00:00,24,5.54,ok
APR001630,PR,PR01018,EMP033,1,1,approve,2025-05-14 00:00:00,24,11.47,ok
APR001631,PR,PR01018,EMP030,2,2,approve,2025-05-20 00:00:00,48,165.32,SLA breach
APR001632,PR,PR01019,EMP018,1,1,approve,2024-11-19 00:00:00,24,20.92,ok
APR001633,PR,PR01019,EMP035,2,2,approve,2024-11-22 00:00:00,48,91.13,SLA breach
APR001634,PR,PR01020,EMP029,1,1,approve,2025-04-11 00:00:00,24,1.54,ok
APR001635,PR,PR01020,EMP020,2,2,approve,2025-04-11 00:00:00,48,13.82,ok
APR001636,PR,PR01020,EMP023,3,3,approve,2025-04-11 00:00:00,48,12.04,ok
APR001637,PR,PR01024,EMP007,1,1,approve,2024-07-31 00:00:00,24,6.44,ok
APR001638,PR,PR01024,EMP023,2,2,approve,2024-08-01 00:00:00,48,25.89,ok
APR001639,PR,PR01025,EMP026,1,1,approve,2025-06-21 00:00:00,24,7.98,ok
APR001640,PR,PR01026,EMP021,1,1,approve,2024-06-19 00:00:00,24,78.57,SLA breach
APR001641,PR,PR01026,EMP003,2,2,approve,2024-06-20 00:00:00,48,31.4,SLA breach
APR001642,PR,PR01027,EMP006,1,1,approve,2025-02-27 00:00:00,24,20.3,ok
APR001643,PR,PR01027,EMP024,2,2,approve,2025-02-28 00:00:00,48,42.93,ok
APR001644,PR,PR01029,EMP011,1,1,approve,2025-12-22 00:00:00,24,8.9,ok
APR001645,PR,PR01030,EMP032,1,1,approve,2025-09-30 00:00:00,24,66.41,SLA breach
APR001646,PR,PR01030,EMP004,2,2,approve,2025-09-30 00:00:00,48,5.47,SLA breach
APR001647,PR,PR01032,EMP019,1,1,approve,2024-03-26 00:00:00,24,14.64,ok
APR001648,PR,PR01032,EMP014,2,2,approve,2024-03-27 00:00:00,48,33.49,ok
APR001649,PR,PR01033,EMP030,1,1,approve,2024-02-09 00:00:00,24,10.73,ok
APR001650,PR,PR01033,EMP015,2,2,approve,2024-02-12 00:00:00,48,82.98,SLA breach
APR001651,PR,PR01033,EMP025,3,3,approve,2024-02-15 00:00:00,48,91.14,SLA breach
APR001652,PR,PR01034,EMP009,1,1,approve,2024-08-18 00:00:00,24,8.85,ok
APR001653,PR,PR01035,EMP010,1,1,approve,2024-07-28 00:00:00,24,63.93,SLA breach
APR001654,PR,PR01035,EMP019,2,2,approve,2024-07-28 00:00:00,48,7.61,SLA breach
APR001655,PR,PR01035,EMP037,3,3,approve,2024-07-29 00:00:00,48,30.38,SLA breach
APR001656,PR,PR01036,EMP016,1,1,approve,2024-04-30 00:00:00,24,9.55,ok
APR001657,PR,PR01036,EMP025,2,2,approve,2024-04-30 00:00:00,48,3.11,ok
APR001658,PR,PR01037,EMP007,1,1,approve,2024-12-02 00:00:00,24,4.32,ok
APR001659,PR,PR01037,EMP039,2,2,approve,2024-12-03 00:00:00,48,33.19,ok
APR001660,PR,PR01037,EMP001,3,3,approve,2024-12-07 00:00:00,48,97.63,SLA breach
APR001661,PR,PR01038,EMP036,1,1,approve,2024-02-12 00:00:00,24,6.3,ok
APR001662,PR,PR01039,EMP009,1,1,approve,2024-12-22 00:00:00,24,17.72,ok
APR001663,PR,PR01039,EMP006,2,2,approve,2024-12-22 00:00:00,48,9.57,ok
APR001664,PR,PR01039,EMP002,3,3,approve,2024-12-28 00:00:00,48,166.0,SLA breach
APR001665,PR,PR01040,EMP003,1,1,approve,2025-02-02 00:00:00,24,58.2,SLA breach
APR001666,PR,PR01041,EMP023,1,1,approve,2025-03-09 00:00:00,24,12.43,ok
APR001667,PR,PR01042,EMP003,1,1,approve,2024-09-18 00:00:00,24,17.67,ok
APR001668,PR,PR01044,EMP030,1,1,approve,2025-08-08 00:00:00,24,7.48,ok
APR001669,PR,PR01044,EMP012,2,2,approve,2025-08-09 00:00:00,48,24.77,ok
APR001670,PR,PR01045,EMP006,1,1,approve,2024-02-27 00:00:00,24,15.85,ok
APR001671,PR,PR01046,EMP023,1,1,approve,2025-08-11 00:00:00,24,20.86,ok
APR001672,PR,PR01046,EMP020,2,2,approve,2025-08-11 00:00:00,48,18.62,ok
APR001673,PR,PR01048,EMP035,1,1,approve,2025-05-27 00:00:00,24,1.7,ok
APR001674,PR,PR01050,EMP012,1,1,approve,2024-08-07 00:00:00,24,1.7,ok
APR001675,PR,PR01050,EMP005,2,2,approve,2024-08-11 00:00:00,48,119.7,SLA breach
APR001676,PR,PR01051,EMP012,1,1,approve,2024-09-01 00:00:00,24,20.89,ok
APR001677,PR,PR01051,EMP034,2,2,approve,2024-09-02 00:00:00,48,28.27,ok
APR001678,PR,PR01051,EMP023,3,3,approve,2024-09-07 00:00:00,48,123.08,SLA breach
APR001679,PR,PR01053,EMP009,1,1,approve,2025-08-11 00:00:00,24,16.6,ok
APR001680,PR,PR01055,EMP016,1,1,approve,2025-12-19 00:00:00,24,20.19,ok
APR001681,PR,PR01055,EMP024,2,2,approve,2025-12-19 00:00:00,48,21.07,ok
APR001682,PR,PR01055,EMP033,3,3,approve,2025-12-19 00:00:00,48,4.61,ok
APR001683,PR,PR01056,EMP034,1,1,approve,2025-06-30 00:00:00,24,95.17,SLA breach
APR001684,PR,PR01056,EMP038,2,2,approve,2025-07-04 00:00:00,48,111.94,SLA breach
APR001685,PR,PR01057,EMP014,1,1,approve,2025-03-20 00:00:00,24,16.37,ok
APR001686,PR,PR01057,EMP006,2,2,approve,2025-03-20 00:00:00,48,9.72,ok
APR001687,PR,PR01057,EMP003,3,3,approve,2025-03-21 00:00:00,48,27.27,ok
APR001688,PR,PR01058,EMP028,1,1,approve,2023-12-30 00:00:00,24,17.04,ok
APR001689,PR,PR01059,EMP035,1,1,approve,2024-11-14 00:00:00,24,88.26,SLA breach
APR001690,PR,PR01060,EMP021,1,1,approve,2024-05-01 00:00:00,24,47.84,SLA breach
APR001691,PR,PR01060,EMP040,2,2,approve,2024-05-01 00:00:00,48,19.55,SLA breach
APR001692,PR,PR01061,EMP025,1,1,approve,2024-04-06 00:00:00,24,88.22,SLA breach
APR001693,PR,PR01061,EMP038,2,2,approve,2024-04-06 00:00:00,48,20.75,SLA breach
APR001694,PR,PR01062,EMP003,1,1,approve,2024-08-26 00:00:00,24,7.67,ok
APR001695,PR,PR01064,EMP002,1,1,approve,2025-05-01 00:00:00,24,10.68,ok
APR001696,PR,PR01064,EMP040,2,2,approve,2025-05-06 00:00:00,48,141.09,SLA breach
APR001697,PR,PR01065,EMP026,1,1,approve,2025-02-10 00:00:00,24,51.17,SLA breach
APR001698,PR,PR01065,EMP037,2,2,approve,2025-02-11 00:00:00,48,35.82,SLA breach
APR001699,PR,PR01066,EMP019,1,1,approve,2025-06-18 00:00:00,24,7.62,ok
APR001700,PR,PR01066,EMP028,2,2,approve,2025-06-18 00:00:00,48,17.85,ok
APR001701,PR,PR01068,EMP032,1,1,approve,2024-10-17 00:00:00,24,14.11,ok
APR001702,PR,PR01070,EMP030,1,1,approve,2024-08-15 00:00:00,24,6.84,ok
APR001703,PR,PR01070,EMP016,2,2,approve,2024-08-16 00:00:00,48,36.74,ok
APR001704,PR,PR01070,EMP003,3,3,approve,2024-08-16 00:00:00,48,11.86,ok
APR001705,PR,PR01071,EMP015,1,1,approve,2025-10-14 00:00:00,24,8.8,ok
APR001706,PR,PR01074,EMP029,1,1,approve,2025-01-16 00:00:00,24,8.28,ok
APR001707,PR,PR01074,EMP012,2,2,approve,2025-01-16 00:00:00,48,23.4,ok
APR001708,PR,PR01074,EMP001,3,3,approve,2025-01-16 00:00:00,48,23.34,ok
APR001709,PR,PR01077,EMP018,1,1,approve,2025-08-04 00:00:00,24,19.46,ok
APR001710,PR,PR01077,EMP007,2,2,approve,2025-08-09 00:00:00,48,129.32,SLA breach
APR001711,PR,PR01078,EMP013,1,1,approve,2025-11-22 00:00:00,24,19.56,ok
APR001712,PR,PR01079,EMP032,1,1,approve,2024-11-18 00:00:00,24,14.26,ok
APR001713,PR,PR01080,EMP038,1,1,approve,2024-02-15 00:00:00,24,7.6,ok
APR001714,PR,PR01080,EMP032,2,2,approve,2024-02-16 00:00:00,48,39.88,ok
APR001715,PR,PR01082,EMP023,1,1,approve,2024-10-16 00:00:00,24,2.09,ok
APR001716,PR,PR01082,EMP012,2,2,approve,2024-10-16 00:00:00,48,4.79,ok
APR001717,PR,PR01082,EMP016,3,3,approve,2024-10-17 00:00:00,48,41.37,ok
APR001718,PR,PR01083,EMP009,1,1,approve,2024-11-03 00:00:00,24,19.8,ok
APR001719,PR,PR01083,EMP027,2,2,approve,2024-11-06 00:00:00,48,90.27,SLA breach
APR001720,PR,PR01083,EMP029,3,3,approve,2024-11-07 00:00:00,48,35.95,SLA breach
APR001721,PR,PR01085,EMP031,1,1,approve,2025-05-01 00:00:00,24,14.41,ok
APR001722,PR,PR01085,EMP017,2,2,approve,2025-05-01 00:00:00,48,2.27,ok
APR001723,PR,PR01087,EMP013,1,1,approve,2024-08-07 00:00:00,24,9.19,ok
APR001724,PR,PR01087,EMP035,2,2,approve,2024-08-14 00:00:00,48,183.61,SLA breach
APR001725,PR,PR01088,EMP034,1,1,approve,2025-05-31 00:00:00,24,3.89,ok
APR001726,PR,PR01089,EMP030,1,1,approve,2025-04-18 00:00:00,24,6.38,ok
APR001727,PR,PR01089,EMP009,2,2,approve,2025-04-19 00:00:00,48,31.17,ok
APR001728,PR,PR01089,EMP026,3,3,approve,2025-04-20 00:00:00,48,36.65,ok
APR001729,PR,PR01090,EMP028,1,1,approve,2025-10-16 00:00:00,24,4.68,ok
APR001730,PR,PR01090,EMP016,2,2,approve,2025-10-21 00:00:00,48,136.29,SLA breach
APR001731,PR,PR01091,EMP016,1,1,approve,2025-03-06 00:00:00,24,11.43,ok
APR001732,PR,PR01091,EMP017,2,2,approve,2025-03-06 00:00:00,48,14.22,ok
APR001733,PR,PR01092,EMP007,1,1,approve,2025-10-07 00:00:00,24,60.14,SLA breach
APR001734,PR,PR01092,EMP021,2,2,approve,2025-10-08 00:00:00,48,33.23,SLA breach
APR001735,PR,PR01093,EMP031,1,1,approve,2024-02-05 00:00:00,24,18.82,ok
APR001736,PR,PR01095,EMP032,1,1,approve,2025-11-30 00:00:00,24,17.89,ok
APR001737,PR,PR01095,EMP021,2,2,approve,2025-11-30 00:00:00,48,12.37,ok
APR001738,PR,PR01096,EMP011,1,1,approve,2024-11-13 00:00:00,24,13.92,ok
APR001739,PR,PR01096,EMP039,2,2,approve,2024-11-13 00:00:00,48,8.9,ok
APR001740,PR,PR01098,EMP024,1,1,approve,2024-02-14 00:00:00,24,15.37,ok
APR001741,PR,PR01098,EMP002,2,2,approve,2024-02-14 00:00:00,48,18.79,ok
APR001742,PR,PR01100,EMP027,1,1,approve,2024-05-23 00:00:00,24,1.76,ok
APR001743,PR,PR01100,EMP020,2,2,approve,2024-05-24 00:00:00,48,28.05,ok
APR001744,PR,PR01100,EMP033,3,3,approve,2024-05-25 00:00:00,48,29.48,ok
APR001745,PR,PR01101,EMP026,1,1,approve,2024-12-03 00:00:00,24,11.82,ok
APR001746,PR,PR01101,EMP031,2,2,approve,2024-12-04 00:00:00,48,42.07,ok
APR001747,PR,PR01101,EMP004,3,3,approve,2024-12-07 00:00:00,48,77.4,SLA breach
APR001748,PR,PR01102,EMP034,1,1,approve,2024-08-03 00:00:00,24,4.67,ok
APR001749,PR,PR01102,EMP016,2,2,approve,2024-08-04 00:00:00,48,29.07,ok
APR001750,PR,PR01103,EMP017,1,1,approve,2024-04-18 00:00:00,24,41.96,SLA breach
APR001751,PR,PR01103,EMP018,2,2,approve,2024-04-18 00:00:00,48,18.54,SLA breach
APR001752,PR,PR01104,EMP002,1,1,approve,2025-12-19 00:00:00,24,95.57,SLA breach
APR001753,PR,PR01105,EMP007,1,1,approve,2025-12-04 00:00:00,24,11.3,ok
APR001754,PR,PR01106,EMP025,1,1,approve,2025-06-09 00:00:00,24,19.26,ok
APR001755,PR,PR01107,EMP011,1,1,approve,2025-11-18 00:00:00,24,4.17,ok
APR001756,PR,PR01107,EMP024,2,2,approve,2025-11-19 00:00:00,48,38.62,ok
APR001757,PR,PR01108,EMP014,1,1,approve,2025-06-19 00:00:00,24,12.46,ok
APR001758,PR,PR01109,EMP032,1,1,approve,2024-11-23 00:00:00,24,18.87,ok
APR001759,PR,PR01109,EMP009,2,2,approve,2024-11-24 00:00:00,48,32.6,ok
APR001760,PR,PR01110,EMP022,1,1,approve,2024-10-28 00:00:00,24,14.1,ok
APR001761,PR,PR01111,EMP035,1,1,approve,2025-04-27 00:00:00,24,6.89,ok
APR001762,PR,PR01111,EMP039,2,2,approve,2025-04-28 00:00:00,48,38.91,ok
APR001763,PR,PR01113,EMP011,1,1,approve,2024-06-25 00:00:00,24,52.76,SLA breach
APR001764,PR,PR01113,EMP011,2,2,approve,2024-06-25 00:00:00,48,7.99,SLA breach
APR001765,PR,PR01113,EMP013,3,3,approve,2024-06-26 00:00:00,48,37.04,SLA breach
APR001766,PR,PR01114,EMP024,1,1,approve,2024-06-21 00:00:00,24,6.18,ok
APR001767,PR,PR01115,EMP022,1,1,approve,2024-07-01 00:00:00,24,13.55,ok
APR001768,PR,PR01115,EMP018,2,2,approve,2024-07-01 00:00:00,48,2.36,ok
APR001769,PR,PR01116,EMP025,1,1,approve,2024-12-01 00:00:00,24,74.28,SLA breach
APR001770,PR,PR01116,EMP009,2,2,approve,2024-12-02 00:00:00,48,29.04,SLA breach
APR001771,PR,PR01116,EMP001,3,3,approve,2024-12-03 00:00:00,48,40.61,SLA breach
APR001772,PR,PR01117,EMP013,1,1,approve,2025-11-24 00:00:00,24,7.69,ok
APR001773,PR,PR01117,EMP028,2,2,approve,2025-11-24 00:00:00,48,7.58,ok
APR001774,PR,PR01117,EMP015,3,3,approve,2025-11-25 00:00:00,48,36.88,ok
APR001775,PR,PR01119,EMP006,1,1,approve,2025-09-10 00:00:00,24,10.48,ok
APR001776,PR,PR01119,EMP003,2,2,approve,2025-09-11 00:00:00,48,31.88,ok
APR001777,PR,PR01119,EMP019,3,3,approve,2025-09-15 00:00:00,48,107.32,SLA breach
APR001778,PR,PR01120,EMP014,1,1,approve,2025-08-24 00:00:00,24,15.11,ok
APR001779,PR,PR01121,EMP008,1,1,approve,2024-03-28 00:00:00,24,56.1,SLA breach
APR001780,PR,PR01121,EMP012,2,2,approve,2024-04-03 00:00:00,48,157.12,SLA breach
APR001781,PR,PR01123,EMP018,1,1,approve,2025-10-12 00:00:00,24,3.03,ok
APR001782,PR,PR01123,EMP039,2,2,approve,2025-10-12 00:00:00,48,2.09,ok
APR001783,PR,PR01123,EMP011,3,3,approve,2025-10-12 00:00:00,48,22.31,ok
APR001784,PR,PR01124,EMP005,1,1,approve,2025-12-11 00:00:00,24,1.77,ok
APR001785,PR,PR01124,EMP009,2,2,approve,2025-12-11 00:00:00,48,8.22,ok
APR001786,PR,PR01125,EMP002,1,1,approve,2024-03-22 00:00:00,24,14.24,ok
APR001787,PR,PR01126,EMP039,1,1,approve,2024-10-19 00:00:00,24,84.97,SLA breach
APR001788,PR,PR01126,EMP026,2,2,approve,2024-10-19 00:00:00,48,15.62,SLA breach
APR001789,PR,PR01126,EMP032,3,3,approve,2024-10-19 00:00:00,48,18.07,SLA breach
APR001790,PR,PR01127,EMP033,1,1,approve,2025-07-27 00:00:00,24,16.7,ok
APR001791,PR,PR01127,EMP020,2,2,approve,2025-08-03 00:00:00,48,179.79,SLA breach
APR001792,PR,PR01128,EMP036,1,1,approve,2024-01-20 00:00:00,24,68.3,SLA breach
APR001793,PR,PR01128,EMP038,2,2,approve,2024-01-21 00:00:00,48,39.28,SLA breach
APR001794,PR,PR01130,EMP023,1,1,approve,2025-11-07 00:00:00,24,17.62,ok
APR001795,PR,PR01130,EMP006,2,2,approve,2025-11-12 00:00:00,48,120.07,SLA breach
APR001796,PR,PR01131,EMP034,1,1,approve,2025-04-13 00:00:00,24,19.6,ok
APR001797,PR,PR01131,EMP033,2,2,approve,2025-04-13 00:00:00,48,17.17,ok
APR001798,PR,PR01132,EMP014,1,1,approve,2024-09-29 00:00:00,24,3.16,ok
APR001799,PR,PR01132,EMP037,2,2,approve,2024-09-29 00:00:00,48,8.58,ok
APR001800,PR,PR01133,EMP024,1,1,approve,2025-03-27 00:00:00,24,3.67,ok
APR001801,PR,PR01133,EMP009,2,2,approve,2025-03-27 00:00:00,48,16.21,ok
APR001802,PR,PR01134,EMP007,1,1,approve,2024-10-08 00:00:00,24,17.44,ok
APR001803,PR,PR01135,EMP009,1,1,approve,2025-08-28 00:00:00,24,11.84,ok
APR001804,PR,PR01135,EMP023,2,2,approve,2025-08-31 00:00:00,48,96.0,SLA breach
APR001805,PR,PR01135,EMP004,3,3,approve,2025-08-31 00:00:00,48,3.51,SLA breach
APR001806,PR,PR01136,EMP005,1,1,approve,2025-05-12 00:00:00,24,12.24,ok
APR001807,PR,PR01136,EMP029,2,2,approve,2025-05-12 00:00:00,48,7.83,ok
APR001808,PR,PR01137,EMP015,1,1,approve,2024-03-16 00:00:00,24,1.0,ok
APR001809,PR,PR01137,EMP008,2,2,approve,2024-03-17 00:00:00,48,43.09,ok
APR001810,PR,PR01138,EMP038,1,1,approve,2024-12-01 00:00:00,24,77.15,SLA breach
APR001811,PR,PR01138,EMP017,2,2,approve,2024-12-01 00:00:00,48,2.42,SLA breach
APR001812,PR,PR01139,EMP030,1,1,approve,2025-04-26 00:00:00,24,13.77,ok
APR001813,PR,PR01140,EMP027,1,1,approve,2025-12-14 00:00:00,24,2.75,ok
APR001814,PR,PR01140,EMP011,2,2,approve,2025-12-21 00:00:00,48,177.99,SLA breach
APR001815,PR,PR01141,EMP009,1,1,approve,2024-07-07 00:00:00,24,13.98,ok
APR001816,PR,PR01141,EMP036,2,2,approve,2024-07-07 00:00:00,48,18.08,ok
APR001817,PR,PR01142,EMP029,1,1,approve,2024-04-06 00:00:00,24,7.86,ok
APR001818,PR,PR01142,EMP001,2,2,approve,2024-04-12 00:00:00,48,144.44,SLA breach
APR001819,PR,PR01143,EMP038,1,1,approve,2024-11-22 00:00:00,24,2.42,ok
APR001820,PR,PR01143,EMP037,2,2,approve,2024-11-23 00:00:00,48,26.54,ok
APR001821,PR,PR01145,EMP017,1,1,approve,2024-05-08 00:00:00,24,6.49,ok
APR001822,PR,PR01146,EMP028,1,1,approve,2024-02-12 00:00:00,24,9.77,ok
APR001823,PR,PR01146,EMP025,2,2,approve,2024-02-13 00:00:00,48,32.73,ok
APR001824,PR,PR01146,EMP003,3,3,approve,2024-02-14 00:00:00,48,41.09,ok
APR001825,PR,PR01147,EMP005,1,1,approve,2024-04-11 00:00:00,24,58.76,SLA breach
APR001826,PR,PR01147,EMP037,2,2,approve,2024-04-11 00:00:00,48,18.57,SLA breach
APR001827,PR,PR01148,EMP028,1,1,approve,2025-11-27 00:00:00,24,8.08,ok
APR001828,PR,PR01150,EMP033,1,1,approve,2024-07-07 00:00:00,24,18.15,ok
APR001829,PR,PR01152,EMP007,1,1,approve,2025-07-05 00:00:00,24,40.31,SLA breach
APR001830,PR,PR01153,EMP017,1,1,approve,2024-09-05 00:00:00,24,44.74,SLA breach
APR001831,PR,PR01153,EMP008,2,2,approve,2024-09-12 00:00:00,48,168.76,SLA breach
APR001832,PR,PR01154,EMP016,1,1,approve,2024-03-25 00:00:00,24,10.57,ok
APR001833,PR,PR01154,EMP013,2,2,approve,2024-03-30 00:00:00,48,137.8,SLA breach
APR001834,PR,PR01155,EMP004,1,1,approve,2025-09-08 00:00:00,24,3.52,ok
APR001835,PR,PR01155,EMP006,2,2,approve,2025-09-08 00:00:00,48,16.73,ok
APR001836,PR,PR01156,EMP040,1,1,approve,2025-04-05 00:00:00,24,89.47,SLA breach
APR001837,PR,PR01157,EMP030,1,1,approve,2025-02-14 00:00:00,24,52.92,SLA breach
APR001838,PR,PR01157,EMP002,2,2,approve,2025-02-14 00:00:00,48,22.19,SLA breach
APR001839,PR,PR01157,EMP040,3,3,approve,2025-02-14 00:00:00,48,16.67,SLA breach
APR001840,PR,PR01158,EMP003,1,1,approve,2025-03-10 00:00:00,24,11.42,ok
APR001841,PR,PR01160,EMP008,1,1,approve,2025-12-21 00:00:00,24,47.84,SLA breach
APR001842,PR,PR01161,EMP017,1,1,approve,2025-04-14 00:00:00,24,65.24,SLA breach
APR001843,PR,PR01162,EMP007,1,1,approve,2024-06-04 00:00:00,24,5.99,ok
APR001844,PR,PR01162,EMP034,2,2,approve,2024-06-05 00:00:00,48,36.01,ok
APR001845,PR,PR01162,EMP021,3,3,approve,2024-06-10 00:00:00,48,121.85,SLA breach
APR001846,PR,PR01163,EMP025,1,1,approve,2024-12-05 00:00:00,24,12.42,ok
APR001847,PR,PR01163,EMP004,2,2,approve,2024-12-05 00:00:00,48,6.37,ok
APR001848,PR,PR01164,EMP029,1,1,approve,2024-06-01 00:00:00,24,13.83,ok
APR001849,PR,PR01164,EMP024,2,2,approve,2024-06-01 00:00:00,48,19.53,ok
APR001850,PR,PR01165,EMP003,1,1,approve,2025-07-31 00:00:00,24,9.32,ok
APR001851,PR,PR01165,EMP027,2,2,approve,2025-08-01 00:00:00,48,40.99,ok
APR001852,PR,PR01166,EMP032,1,1,approve,2024-02-16 00:00:00,24,16.12,ok
APR001853,PR,PR01166,EMP026,2,2,approve,2024-02-16 00:00:00,48,7.94,ok
APR001854,PR,PR01166,EMP026,3,3,approve,2024-02-21 00:00:00,48,130.34,SLA breach
APR001855,PR,PR01167,EMP036,1,1,approve,2024-08-19 00:00:00,24,13.55,ok
APR001856,PR,PR01168,EMP027,1,1,approve,2024-02-23 00:00:00,24,4.44,ok
APR001857,PR,PR01168,EMP022,2,2,approve,2024-02-24 00:00:00,48,38.08,ok
APR001858,PR,PR01169,EMP005,1,1,approve,2024-11-21 00:00:00,24,94.05,SLA breach
APR001859,PR,PR01169,EMP009,2,2,approve,2024-11-21 00:00:00,48,13.29,SLA breach
APR001860,PR,PR01170,EMP037,1,1,approve,2025-04-02 00:00:00,24,3.32,ok
APR001861,PR,PR01171,EMP032,1,1,approve,2024-07-15 00:00:00,24,17.97,ok
APR001862,PR,PR01171,EMP012,2,2,approve,2024-07-15 00:00:00,48,10.61,ok
APR001863,PR,PR01171,EMP033,3,3,approve,2024-07-16 00:00:00,48,29.92,ok
APR001864,PR,PR01172,EMP012,1,1,approve,2025-09-06 00:00:00,24,59.64,SLA breach
APR001865,PR,PR01174,EMP001,1,1,approve,2024-04-18 00:00:00,24,9.78,ok
APR001866,PR,PR01175,EMP027,1,1,approve,2025-12-15 00:00:00,24,16.19,ok
APR001867,PR,PR01175,EMP040,2,2,approve,2025-12-15 00:00:00,48,16.22,ok
APR001868,PR,PR01175,EMP005,3,3,approve,2025-12-16 00:00:00,48,32.74,ok
APR001869,PR,PR01176,EMP020,1,1,approve,2024-07-15 00:00:00,24,47.16,SLA breach
APR001870,PR,PR01177,EMP005,1,1,approve,2025-05-24 00:00:00,24,2.6,ok
APR001871,PR,PR01178,EMP007,1,1,approve,2025-03-13 00:00:00,24,9.6,ok
APR001872,PR,PR01178,EMP033,2,2,approve,2025-03-14 00:00:00,48,29.01,ok
APR001873,PR,PR01179,EMP024,1,1,approve,2024-05-02 00:00:00,24,19.84,ok
APR001874,PR,PR01180,EMP010,1,1,approve,2025-09-09 00:00:00,24,13.52,ok
APR001875,PR,PR01180,EMP008,2,2,approve,2025-09-09 00:00:00,48,15.54,ok
APR001876,PR,PR01180,EMP001,3,3,approve,2025-09-09 00:00:00,48,15.13,ok
APR001877,PR,PR01181,EMP028,1,1,approve,2024-10-15 00:00:00,24,73.06,SLA breach
APR001878,PR,PR01182,EMP022,1,1,approve,2024-12-02 00:00:00,24,8.06,ok
APR001879,PR,PR01182,EMP018,2,2,approve,2024-12-02 00:00:00,48,9.24,ok
APR001880,PR,PR01182,EMP028,3,3,approve,2024-12-03 00:00:00,48,35.05,ok
APR001881,PR,PR01183,EMP010,1,1,approve,2025-09-05 00:00:00,24,7.41,ok
APR001882,PR,PR01183,EMP032,2,2,approve,2025-09-06 00:00:00,48,41.18,ok
APR001883,PR,PR01184,EMP027,1,1,approve,2025-03-24 00:00:00,24,5.71,ok
APR001884,PR,PR01185,EMP025,1,1,approve,2025-09-12 00:00:00,24,6.84,ok
APR001885,PR,PR01185,EMP016,2,2,approve,2025-09-12 00:00:00,48,9.89,ok
APR001886,PR,PR01187,EMP013,1,1,approve,2024-08-06 00:00:00,24,19.22,ok
APR001887,PR,PR01187,EMP005,2,2,approve,2024-08-07 00:00:00,48,41.58,ok
APR001888,PR,PR01187,EMP034,3,3,approve,2024-08-07 00:00:00,48,16.88,ok
APR001889,PR,PR01188,EMP033,1,1,approve,2024-11-27 00:00:00,24,45.41,SLA breach
APR001890,PR,PR01188,EMP010,2,2,approve,2024-11-28 00:00:00,48,41.84,SLA breach
APR001891,PR,PR01189,EMP020,1,1,approve,2025-09-28 00:00:00,24,46.68,SLA breach
APR001892,PR,PR01189,EMP040,2,2,approve,2025-09-28 00:00:00,48,17.51,SLA breach
APR001893,PR,PR01190,EMP039,1,1,approve,2024-03-23 00:00:00,24,19.48,ok
APR001894,PR,PR01190,EMP037,2,2,approve,2024-03-23 00:00:00,48,23.35,ok
APR001895,PR,PR01191,EMP035,1,1,approve,2024-12-22 00:00:00,24,10.0,ok
APR001896,PR,PR01192,EMP012,1,1,approve,2024-06-12 00:00:00,24,16.67,ok
APR001897,PR,PR01192,EMP019,2,2,approve,2024-06-12 00:00:00,48,18.62,ok
APR001898,PR,PR01192,EMP028,3,3,approve,2024-06-12 00:00:00,48,15.93,ok
APR001899,PR,PR01193,EMP003,1,1,approve,2024-12-22 00:00:00,24,13.72,ok
APR001900,PR,PR01193,EMP020,2,2,approve,2024-12-23 00:00:00,48,24.02,ok
APR001901,PR,PR01194,EMP006,1,1,approve,2024-01-25 00:00:00,24,18.57,ok
APR001902,PR,PR01194,EMP039,2,2,approve,2024-01-25 00:00:00,48,5.12,ok
APR001903,PR,PR01195,EMP030,1,1,approve,2024-12-17 00:00:00,24,16.53,ok
APR001904,PR,PR01196,EMP033,1,1,approve,2024-01-18 00:00:00,24,17.76,ok
APR001905,PR,PR01196,EMP027,2,2,approve,2024-01-24 00:00:00,48,147.26,SLA breach
APR001906,PR,PR01197,EMP024,1,1,approve,2025-01-17 00:00:00,24,7.45,ok
APR001907,PR,PR01198,EMP017,1,1,approve,2025-06-20 00:00:00,24,5.23,ok
APR001908,PR,PR01198,EMP036,2,2,approve,2025-06-21 00:00:00,48,38.17,ok
APR001909,PR,PR01199,EMP030,1,1,approve,2025-07-04 00:00:00,24,1.26,ok
APR001910,PR,PR01200,EMP010,1,1,approve,2024-11-19 00:00:00,24,17.51,ok
