invoice_id,invoice_number,invoice_date,po_id,gr_id,vendor_id,invoice_amount,tax_amount,due_date,payment_date,payment_status,variance_amount
INV00001,INV/2024/00001,2024-11-04,PO00001,GR00001,VEN005,184248.03,20267.28,2024-11-19,,overdue,883.11
INV00002,INV/2025/00002,2025-07-14,PO00002,GR00002,VEN015,61470.47,6761.75,2025-07-14,2025-08-01,paid,-1794.32
INV00003,INV/2024/00003,2024-12-04,PO00003,GR00003,VEN001,52653.58,5791.89,2025-03-04,2025-01-11,paid,-855.09
INV00004,INV/2024/00004,2024-12-14,PO00004,GR00004,VEN013,881038.97,96914.29,2024-12-29,2025-01-30,paid,876606.29
INV00005,INV/2024/00005,2024-03-19,PO00005,GR00005,VEN002,382105.80,42031.64,2024-05-18,2024-06-10,paid,-189.88
INV00006,INV/2025/00006,2025-07-08,PO00006,GR00006,VEN020,361374.36,39751.18,2025-10-06,2025-08-01,paid,-3647.89
INV00007,INV/2024/00007,2024-03-28,PO00007,GR00007,VEN021,1068973.98,117587.14,2024-06-26,,overdue,15240.25
INV00008,INV/2024/00008,2024-03-16,PO00009,GR00008,VEN003,12257.38,1348.31,2024-03-16,2024-03-19,paid,16.96
INV00009,INV/2025/00009,2025-10-08,PO00010,GR00009,VEN012,875926.47,96351.91,2025-11-07,2025-11-19,paid,848303.19
INV00010,INV/2024/00010,2024-10-15,PO00011,GR00010,VEN028,1083297.12,119162.68,2024-12-14,2024-12-28,paid,18498.55
INV00011,INV/2025/00011,2025-05-27,PO00013,GR00011,VEN014,79330.96,8726.41,2025-05-27,2025-07-02,paid,-644.97
INV00012,INV/2024/00012,2024-04-13,PO00014,GR00012,VEN015,886446.08,97509.07,2024-04-13,2024-05-04,paid,811856.50
INV00013,INV/2025/00013,2025-05-07,PO00015,GR00013,VEN005,1165065.48,128157.20,2025-05-22,2025-06-11,paid,11459.00
INV00014,INV/2024/00014,2024-05-14,PO00016,GR00014,VEN030,32928.54,3622.14,2024-05-14,2024-06-01,paid,276.85
INV00015,INV/2025/00015,2025-08-07,PO00017,GR00015,VEN017,80346.37,8838.10,2025-09-21,2025-10-18,paid,-2034.23
INV00016,INV/2024/00016,2024-07-29,PO00018,GR00016,VEN018,42953.49,4724.88,2024-09-12,2024-09-28,paid,207.91
INV00017,INV/2025/00017,2025-07-17,PO00019,GR00017,VEN028,219165.97,24108.26,2025-08-16,2025-09-03,paid,-1968.59
INV00018,INV/2024/00018,2024-07-27,PO00020,GR00018,VEN017,1361894.92,149808.44,2024-08-26,,overdue,-35401.74
INV00019,INV/2026/00019,2026-01-02,PO00021,GR00019,VEN005,1694328.35,186376.12,2026-01-17,,unpaid,-7752.11
INV00020,INV/2025/00020,2025-01-09,PO00022,GR00020,VEN017,444937.21,48943.09,2025-04-09,2025-02-22,paid,-2668.87
INV00021,INV/2025/00021,2025-01-22,PO00023,GR00021,VEN004,223859.16,24624.51,2025-03-08,2025-03-23,paid,1643.06
INV00022,INV/2025/00022,2025-07-06,PO00024,GR00022,VEN011,198357.37,21819.31,2025-09-04,2025-09-23,paid,-5432.17
INV00023,INV/2025/00023,2025-01-08,PO00025,GR00023,VEN002,136227.34,14985.01,2025-02-07,2025-02-19,paid,715.42
INV00024,INV/2024/00024,2024-05-11,PO00026,GR00024,VEN011,321532.97,35368.63,2024-06-10,2024-07-20,paid,2897.10
INV00025,INV/2025/00025,2025-11-21,PO00027,GR00025,VEN030,36322.15,3995.44,2025-11-21,2025-12-09,paid,-661.28
INV00026,INV/2025/00026,2025-05-23,PO00028,GR00026,VEN028,25242.65,2776.69,2025-05-23,2025-05-30,paid,454.87
INV00027,INV/2025/00027,2025-05-12,PO00029,GR00027,VEN002,594458.94,65390.48,2025-06-26,,overdue,14866.80
INV00028,INV/2024/00028,2024-10-07,PO00030,GR00028,VEN021,148198.12,16301.79,2024-10-22,2024-11-20,paid,-3106.38
INV00029,INV/2025/00029,2025-05-18,PO00031,GR00029,VEN009,151537.56,16669.13,2025-07-02,2025-07-21,paid,1961.69
INV00030,INV/2026/00030,2026-01-12,PO00033,GR00030,VEN023,37475.68,4122.32,2026-01-12,,unpaid,466.88
INV00031,INV/2024/00031,2024-07-24,PO00034,GR00031,VEN025,2147994.87,236279.44,2024-08-23,2024-09-26,paid,33849.28
INV00032,INV/2024/00032,2024-08-05,PO00035,GR00032,VEN025,2168246.04,238507.06,2024-09-04,2024-09-17,paid,-5993.66
INV00033,INV/2024/00033,2024-07-30,PO00036,GR00033,VEN025,2052638.80,225790.27,2024-07-30,,overdue,-40436.87
INV00034,INV/2024/00034,2024-09-23,PO00037,GR00034,VEN010,119989.19,13198.81,2024-09-23,,overdue,3022.43
INV00035,INV/2025/00035,2025-06-10,PO00038,GR00035,VEN010,136063.71,14967.01,2025-07-10,2025-06-21,paid,2467.53
INV00036,INV/2025/00036,2025-05-12,PO00039,GR00036,VEN013,303529.66,33388.26,2025-05-12,2025-05-25,paid,8219.09
INV00037,INV/2025/00037,2025-01-28,PO00040,GR00037,VEN014,1835126.14,201863.88,2025-01-28,,overdue,45290.25
INV00038,INV/2024/00038,2024-11-01,PO00041,GR00038,VEN014,26508.43,2915.93,2024-12-16,,overdue,-260.62
INV00039,INV/2024/00039,2024-10-04,PO00042,GR00039,VEN026,13322.64,1465.49,2024-11-18,2024-10-05,paid,272.94
INV00040,INV/2024/00040,2024-11-29,PO00043,GR00040,VEN009,42536.81,4679.05,2025-01-13,2024-12-01,paid,932.47
INV00041,INV/2024/00041,2024-06-18,PO00044,GR00041,VEN021,114857.79,12634.36,2024-07-03,,overdue,-1679.84
INV00042,INV/2025/00042,2025-11-10,PO00045,GR00042,VEN010,198501.11,21835.12,2026-02-08,2026-03-18,paid,-1165.01
INV00043,INV/2025/00043,2025-06-07,PO00046,GR00043,VEN012,697692.56,76746.18,2025-08-06,,overdue,11582.20
INV00044,INV/2025/00044,2025-07-13,PO00047,GR00044,VEN019,63302.56,6963.28,2025-08-12,2025-09-17,paid,-1150.25
INV00045,INV/2024/00045,2024-12-14,PO00048,GR00045,VEN018,29095.78,3200.54,2025-01-28,2025-03-05,paid,-401.21
INV00046,INV/2024/00046,2024-03-20,PO00049,GR00046,VEN019,3511867.36,386305.41,2024-04-04,2024-05-13,paid,54447.16
INV00047,INV/2025/00047,2025-01-18,PO00050,GR00047,VEN027,2258.69,248.46,2025-03-19,2025-01-27,paid,21.46
INV00048,INV/2024/00048,2024-06-27,PO00051,GR00048,VEN028,1031935.43,113512.90,2024-07-12,2024-07-25,paid,18704.62
INV00049,INV/2024/00049,2024-07-28,PO00052,GR00049,VEN021,340903.59,37499.39,2024-08-27,2024-09-19,paid,1207.78
INV00050,INV/2025/00050,2025-03-07,PO00053,GR00050,VEN029,185431.91,20397.51,2025-04-21,2025-04-14,paid,3015.30
INV00051,INV/2025/00051,2025-03-08,PO00054,GR00051,VEN023,595942.46,65553.67,2025-06-06,2025-06-09,paid,-7583.56
INV00052,INV/2024/00052,2024-05-30,PO00055,GR00052,VEN023,68913.91,7580.53,2024-06-14,2024-07-01,paid,-744.69
INV00053,INV/2025/00053,2025-03-02,PO00056,GR00053,VEN021,6269.70,689.67,2025-03-02,2025-03-25,paid,-184.04
INV00054,INV/2025/00054,2025-07-19,PO00057,GR00054,VEN026,16029.93,1763.29,2025-09-17,2025-08-18,paid,-26.97
INV00055,INV/2024/00055,2024-10-19,PO00058,GR00055,VEN025,3070.89,337.80,2024-12-18,2024-12-09,paid,12.51
INV00056,INV/2024/00056,2024-04-15,PO00059,GR00056,VEN023,133444.31,14678.87,2024-04-15,2024-04-29,paid,291.23
INV00057,INV/2025/00057,2025-04-09,PO00060,GR00057,VEN013,816388.03,89802.68,2025-07-08,2025-07-21,paid,344252.46
INV00058,INV/2024/00058,2024-08-04,PO00061,GR00058,VEN020,2155119.31,237063.12,2024-11-02,2024-09-23,paid,-54164.60
INV00059,INV/2024/00059,2024-05-08,PO00062,GR00059,VEN014,1431319.06,157445.10,2024-06-22,,overdue,24583.53
INV00060,INV/2024/00060,2024-04-21,PO00063,GR00060,VEN022,8083.08,889.14,2024-06-05,2024-06-03,paid,200.26
INV00061,INV/2025/00061,2025-11-05,PO00064,GR00061,VEN017,168576.35,18543.40,2025-12-20,2025-12-01,paid,-2577.90
INV00062,INV/2025/00062,2025-02-20,PO00065,GR00062,VEN014,76831.91,8451.51,2025-05-21,2025-05-27,paid,-39.42
INV00063,INV/2025/00063,2025-10-28,PO00066,GR00063,VEN014,1691.82,186.10,2025-12-27,2025-11-08,paid,14.53
INV00064,INV/2024/00064,2024-06-28,PO00067,GR00064,VEN023,84293.60,9272.30,2024-09-26,2024-07-27,paid,1019.51
INV00065,INV/2024/00065,2024-10-18,PO00068,GR00065,VEN013,4894903.53,538439.39,2024-11-17,2024-11-18,paid,30462.55
INV00066,INV/2025/00066,2025-04-28,PO00069,GR00066,VEN017,78682.60,8655.09,2025-05-28,,overdue,1538.35
INV00067,INV/2024/00067,2024-08-24,PO00070,GR00067,VEN029,895355.49,98489.10,2024-09-23,2024-10-04,paid,717008.57
INV00068,INV/2025/00068,2025-11-27,PO00071,GR00068,VEN004,1262.30,138.85,2025-11-27,2025-12-01,paid,25.82
INV00069,INV/2024/00069,2024-12-05,PO00072,GR00069,VEN018,145822.78,16040.51,2025-01-19,2025-01-29,paid,-3567.92
INV00070,INV/2024/00070,2024-06-15,PO00073,GR00070,VEN006,407691.89,44846.11,2024-06-30,2024-07-30,paid,-6841.42
INV00071,INV/2024/00071,2024-08-19,PO00074,GR00071,VEN010,608849.02,66973.39,2024-10-03,,overdue,224.52
INV00072,INV/2025/00072,2025-12-17,PO00075,GR00072,VEN002,969401.05,106634.12,2025-12-17,2025-12-22,paid,-1961254.75
INV00073,INV/2025/00073,2025-02-01,PO00076,GR00073,VEN020,2428324.85,267115.73,2025-03-18,2025-02-14,paid,28859.17
INV00074,INV/2025/00074,2025-03-29,PO00077,GR00074,VEN018,1156248.37,127187.32,2025-05-28,2025-06-19,paid,30230.52
INV00075,INV/2025/00075,2025-01-09,PO00079,GR00075,VEN007,22362.85,2459.91,2025-04-09,2025-03-19,paid,-169.93
INV00076,INV/2024/00076,2024-06-23,PO00081,GR00076,VEN001,888609.66,97747.06,2024-08-22,2024-07-18,paid,-14666.45
INV00077,INV/2025/00077,2025-11-05,PO00082,GR00077,VEN013,86858.48,9554.43,2026-01-04,2026-02-08,paid,871.64
INV00078,INV/2025/00078,2025-03-03,PO00083,GR00078,VEN007,989312.39,108824.36,2025-03-18,2025-03-14,paid,837152.65
INV00079,INV/2025/00079,2025-03-12,PO00084,GR00079,VEN013,37540.28,4129.43,2025-04-11,2025-03-20,paid,-539.12
INV00080,INV/2024/00080,2024-08-26,PO00085,GR00080,VEN006,54060.23,5946.63,2024-11-24,2024-10-14,paid,-1115.93
INV00081,INV/2025/00081,2025-06-16,PO00086,GR00081,VEN004,5877.75,646.55,2025-07-16,2025-08-25,paid,-7.45
INV00082,INV/2024/00082,2024-06-04,PO00087,GR00082,VEN017,2486.75,273.54,2024-08-03,2024-07-19,paid,57.30
INV00083,INV/2026/00083,2026-01-18,PO00088,GR00083,VEN026,12078.61,1328.65,2026-03-04,2026-03-28,paid,-85.26
INV00084,INV/2024/00084,2024-10-18,PO00089,GR00084,VEN004,881603.33,96976.37,2024-10-18,2024-11-17,paid,727854.61
INV00085,INV/2025/00085,2025-07-07,PO00090,GR00085,VEN014,4514.20,496.56,2025-07-22,2025-08-17,paid,-136.46
INV00086,INV/2025/00086,2025-07-11,PO00091,GR00086,VEN024,157910.48,17370.15,2025-08-25,,overdue,-1334.64
INV00087,INV/2026/00087,2026-01-19,PO00092,GR00087,VEN008,25128.28,2764.11,2026-03-20,2026-03-12,paid,691.58
INV00088,INV/2025/00088,2025-01-14,PO00093,GR00088,VEN013,2034389.34,223782.83,2025-03-15,2025-01-19,paid,-42907.68
INV00089,INV/2025/00089,2025-01-24,PO00094,GR00089,VEN007,375681.02,41324.91,2025-03-10,2025-01-26,paid,10209.59
INV00090,INV/2026/00090,2026-01-02,PO00095,GR00090,VEN024,1170565.07,128762.16,2026-03-03,,unpaid,22604.66
INV00091,INV/2025/00091,2025-12-24,PO00096,GR00091,VEN004,39590.40,4354.94,2026-02-07,2026-03-11,paid,-840.87
INV00092,INV/2025/00092,2025-08-22,PO00097,GR00092,VEN018,19300.74,2123.08,2025-09-06,2025-08-28,paid,-410.33
INV00093,INV/2024/00093,2024-05-24,PO00098,GR00093,VEN006,41092.14,4520.14,2024-06-23,2024-07-21,paid,-726.91
INV00094,INV/2024/00094,2024-01-24,PO00099,GR00094,VEN021,22947493.57,2524224.29,2024-03-09,2024-02-19,paid,17412.94
INV00095,INV/2024/00095,2024-01-31,PO00100,GR00095,VEN021,22212747.64,2443402.24,2024-03-31,2024-02-05,paid,-197774.42
INV00096,INV/2025/00096,2025-04-08,PO00101,GR00096,VEN012,5430675.89,597374.35,2025-06-07,2025-06-30,paid,141621.12
INV00097,INV/2024/00097,2024-12-27,PO00102,GR00097,VEN026,23090.12,2539.91,2024-12-27,2025-01-26,paid,374.28
INV00098,INV/2025/00098,2025-11-02,PO00103,GR00098,VEN002,4016.26,441.79,2026-01-31,2026-03-08,paid,40.14
INV00099,INV/2024/00099,2024-10-03,PO00104,GR00099,VEN023,370028.68,40703.15,2024-11-02,,overdue,9759.57
INV00100,INV/2024/00100,2024-09-29,PO00105,GR00100,VEN014,49065.59,5397.21,2024-09-29,2024-10-10,paid,679.13
INV00101,INV/2026/00101,2026-01-02,PO00106,GR00101,VEN004,230190.45,25320.95,2026-04-02,2026-04-02,paid,-2730.74
INV00102,INV/2024/00102,2024-11-29,PO00107,GR00102,VEN027,3899287.26,428921.60,2025-02-27,2025-02-08,paid,88709.09
INV00103,INV/2025/00103,2025-10-06,PO00109,GR00103,VEN026,20280.12,2230.81,2025-12-05,2025-12-18,paid,97.27
INV00104,INV/2025/00104,2025-10-19,PO00110,GR00104,VEN019,9157.57,1007.33,2025-11-18,2025-12-28,paid,-8.95
INV00105,INV/2024/00105,2024-07-23,PO00111,GR00105,VEN006,88071.37,9687.85,2024-08-22,2024-09-26,paid,-1194.90
INV00106,INV/2025/00106,2025-03-31,PO00112,GR00106,VEN013,38592.78,4245.21,2025-04-30,2025-05-24,paid,-935.80
INV00107,INV/2024/00107,2024-10-17,PO00113,GR00107,VEN015,884961.26,97345.74,2024-10-17,2024-11-17,paid,814982.24
INV00108,INV/2025/00108,2025-10-28,PO00114,GR00108,VEN026,191077.23,21018.49,2025-11-27,2025-12-01,paid,2237.95
INV00109,INV/2025/00109,2025-01-30,PO00115,GR00109,VEN023,144826.15,15930.88,2025-03-16,2025-03-21,paid,1563.92
INV00110,INV/2026/00110,2026-02-01,PO00116,GR00110,VEN004,5460183.65,600620.20,2026-02-16,,unpaid,50379.01
INV00111,INV/2025/00111,2025-03-25,PO00117,GR00111,VEN022,325653.54,35821.89,2025-05-24,2025-03-28,paid,9077.68
INV00112,INV/2024/00112,2024-10-20,PO00118,GR00112,VEN027,7321007.72,805310.85,2024-12-19,2024-12-28,paid,132581.90
INV00113,INV/2025/00113,2025-01-23,PO00119,GR00113,VEN002,141044.64,15514.91,2025-02-22,2025-02-22,paid,1094.45
INV00114,INV/2026/00114,2026-02-08,PO00120,GR00114,VEN019,40552.00,4460.72,2026-04-09,,unpaid,-71.45
INV00115,INV/2025/00115,2025-02-25,PO00121,GR00115,VEN030,111292.04,12242.12,2025-03-12,2025-04-18,paid,-2074.45
INV00116,INV/2024/00116,2024-12-26,PO00122,GR00116,VEN023,66926.72,7361.94,2024-12-26,,overdue,1568.11
INV00117,INV/2025/00117,2025-04-20,PO00123,GR00117,VEN023,1416.75,155.84,2025-05-05,,overdue,18.76
INV00118,INV/2024/00118,2024-01-30,PO00124,GR00118,VEN022,1033677.33,113704.51,2024-01-30,2024-02-14,paid,26540.37
INV00119,INV/2024/00119,2024-05-21,PO00125,GR00119,VEN025,789573.50,86853.08,2024-07-20,2024-07-26,paid,-16604.34
INV00120,INV/2024/00120,2024-03-29,PO00126,GR00120,VEN011,1002051.69,110225.69,2024-04-28,2024-04-28,paid,8211.98
INV00121,INV/2025/00121,2025-11-26,PO00127,GR00121,VEN018,45882.11,5047.03,2026-01-25,2025-12-02,paid,1107.81
INV00122,INV/2024/00122,2024-10-07,PO00128,GR00122,VEN014,3219896.04,354188.56,2024-10-07,2024-10-10,paid,-16818.89
INV00123,INV/2025/00123,2025-07-16,PO00129,GR00123,VEN002,22872.73,2516.00,2025-07-31,2025-08-02,paid,329.34
INV00124,INV/2024/00124,2024-12-28,PO00130,GR00124,VEN014,8773.67,965.10,2025-01-27,2025-01-27,paid,-224.66
INV00125,INV/2025/00125,2025-04-14,PO00131,GR00125,VEN027,25593.80,2815.32,2025-05-29,2025-05-22,paid,-565.25
INV00126,INV/2025/00126,2025-06-16,PO00132,GR00126,VEN030,34103.02,3751.33,2025-08-15,2025-09-07,paid,-273.76
INV00127,INV/2025/00127,2025-10-06,PO00133,GR00127,VEN009,84713.04,9318.43,2026-01-04,2025-12-27,paid,-628.23
INV00128,INV/2024/00128,2024-08-19,PO00134,GR00128,VEN023,20200.13,2222.01,2024-10-03,,overdue,176.87
INV00129,INV/2025/00129,2025-12-24,PO00135,GR00129,VEN021,358939.06,39483.30,2026-03-24,2026-04-07,paid,4721.06
INV00130,INV/2024/00130,2024-07-22,PO00136,GR00130,VEN005,204562.78,22501.91,2024-08-21,2024-08-08,paid,-2386.76
INV00131,INV/2026/00131,2026-01-09,PO00137,GR00131,VEN005,28954.78,3185.03,2026-04-09,2026-02-26,paid,-426.24
INV00132,INV/2025/00132,2025-10-26,PO00138,GR00132,VEN013,81107.21,8921.79,2026-01-24,,unpaid,-796.70
INV00133,INV/2024/00133,2024-06-03,PO00139,GR00133,VEN003,2791358.35,307049.42,2024-09-01,2024-08-26,paid,-18957.17
INV00134,INV/2025/00134,2025-04-07,PO00140,GR00134,VEN016,33770.41,3714.74,2025-06-06,2025-07-10,paid,663.92
INV00135,INV/2024/00135,2024-07-29,PO00141,GR00135,VEN017,1289333.09,141826.64,2024-08-13,2024-08-02,paid,-17110.71
INV00136,INV/2025/00136,2025-06-05,PO00142,GR00136,VEN025,18938.06,2083.19,2025-08-04,2025-09-06,paid,-539.58
INV00137,INV/2025/00137,2025-04-24,PO00143,GR00137,VEN009,141671.24,15583.84,2025-06-08,2025-07-11,paid,-4218.49
INV00138,INV/2025/00138,2025-02-02,PO00144,GR00138,VEN030,199394.92,21933.44,2025-02-02,2025-02-04,paid,1475.67
INV00139,INV/2025/00139,2025-02-14,PO00145,GR00139,VEN013,28516.68,3136.83,2025-03-01,2025-03-28,paid,-366.69
INV00140,INV/2025/00140,2025-08-25,PO00146,GR00140,VEN014,111183.51,12230.19,2025-10-09,2025-10-29,paid,-377.17
INV00141,INV/2025/00141,2025-01-04,PO00147,GR00141,VEN014,1622736.61,178501.03,2025-02-03,,overdue,21330.18
INV00142,INV/2024/00142,2024-09-22,PO00148,GR00142,VEN009,84066.10,9247.27,2024-11-21,2024-10-22,paid,-1821.54
INV00143,INV/2025/00143,2025-01-01,PO00149,GR00143,VEN028,27501.06,3025.12,2025-01-31,2025-03-09,paid,601.39
INV00144,INV/2024/00144,2024-07-10,PO00150,GR00144,VEN008,152484.34,16773.28,2024-09-08,2024-09-05,paid,631.67
INV00145,INV/2025/00145,2025-10-27,PO00151,GR00145,VEN001,48474.16,5332.16,2025-10-27,2025-11-10,paid,920.33
INV00146,INV/2025/00146,2025-01-10,PO00152,GR00146,VEN004,61676.06,6784.37,2025-01-25,2025-03-01,paid,1686.94
INV00147,INV/2024/00147,2024-04-10,PO00154,GR00147,VEN009,31949.29,3514.42,2024-04-25,2024-05-24,paid,-346.34
INV00148,INV/2025/00148,2025-09-16,PO00155,GR00148,VEN017,69920.20,7691.22,2025-10-31,2025-11-07,paid,-678.55
INV00149,INV/2025/00149,2025-10-11,PO00156,GR00149,VEN001,79299.68,8722.96,2025-11-25,,overdue,2022.96
INV00150,INV/2025/00150,2025-05-26,PO00157,GR00150,VEN001,21488.43,2363.73,2025-06-25,,overdue,-28.43
INV00151,INV/2025/00151,2025-03-03,PO00158,GR00151,VEN028,37887.06,4167.58,2025-04-17,2025-03-23,paid,720.84
INV00152,INV/2024/00152,2024-06-22,PO00159,GR00152,VEN016,321770.86,35394.79,2024-09-20,2024-07-17,paid,-7341.87
INV00153,INV/2024/00153,2024-09-10,PO00160,GR00153,VEN005,264148.99,29056.39,2024-12-09,,overdue,2116.65
INV00154,INV/2025/00154,2025-01-27,PO00161,GR00154,VEN016,1469995.22,161699.47,2025-01-27,2025-02-04,paid,-33722.85
INV00155,INV/2024/00155,2024-06-21,PO00164,GR00155,VEN024,252358.27,27759.41,2024-07-06,2024-07-06,paid,-1126.83
INV00156,INV/2025/00156,2025-11-28,PO00165,GR00156,VEN022,42228.81,4645.17,2025-12-13,2026-01-01,paid,-390.47
INV00157,INV/2025/00157,2025-12-14,PO00166,GR00157,VEN019,956217.38,105183.91,2025-12-14,2025-12-27,paid,895860.50
INV00158,INV/2025/00158,2025-10-14,PO00168,GR00158,VEN011,7718.72,849.06,2026-01-12,2026-01-14,paid,-31.94
INV00159,INV/2026/00159,2026-01-19,PO00169,GR00159,VEN019,18559870.27,2041585.73,2026-02-18,2026-01-23,paid,492939.14
INV00160,INV/2024/00160,2024-02-12,PO00171,GR00160,VEN024,6476548.33,712420.32,2024-03-13,,overdue,-131427.44
INV00161,INV/2025/00161,2025-01-10,PO00172,GR00161,VEN026,2597537.95,285729.17,2025-02-09,2025-01-25,paid,65124.53
INV00162,INV/2024/00162,2024-11-25,PO00173,GR00162,VEN027,848920.03,93381.20,2024-12-25,2025-01-05,paid,832454.02
INV00163,INV/2024/00163,2024-03-08,PO00174,GR00163,VEN013,107023.90,11772.63,2024-03-23,,overdue,-829.71
INV00164,INV/2025/00164,2025-10-30,PO00175,GR00164,VEN029,21739.49,2391.34,2025-11-14,2025-12-18,paid,-284.36
INV00165,INV/2024/00165,2024-10-29,PO00176,GR00165,VEN015,589887.68,64887.65,2024-11-28,2024-12-10,paid,-3205.40
INV00166,INV/2024/00166,2024-05-01,PO00177,GR00166,VEN013,58287.02,6411.57,2024-05-16,2024-05-25,paid,1575.58
INV00167,INV/2025/00167,2025-01-19,PO00178,GR00167,VEN014,150799.37,16587.93,2025-03-05,2025-03-18,paid,-2637.45
INV00168,INV/2024/00168,2024-08-30,PO00179,GR00168,VEN029,14953.21,1644.85,2024-08-30,2024-09-09,paid,309.80
INV00169,INV/2025/00169,2025-01-31,PO00180,GR00169,VEN019,37782.09,4156.03,2025-02-15,2025-02-02,paid,952.29
INV00170,INV/2024/00170,2024-04-09,PO00181,GR00170,VEN006,7254.80,798.03,2024-04-09,2024-05-01,paid,-205.71
INV00171,INV/2025/00171,2025-11-04,PO00182,GR00171,VEN001,1138182.90,125200.12,2025-11-19,2025-12-22,paid,18731.34
INV00172,INV/2024/00172,2024-11-10,PO00183,GR00172,VEN028,35323.44,3885.58,2024-11-10,,overdue,-469.35
INV00173,INV/2025/00173,2025-01-08,PO00184,GR00173,VEN020,1155832.70,127141.60,2025-01-08,2025-01-10,paid,-24598.91
INV00174,INV/2025/00174,2025-11-27,PO00185,GR00174,VEN001,58426.91,6426.96,2025-11-27,2025-12-11,paid,375.54
INV00175,INV/2024/00175,2024-12-25,PO00186,GR00175,VEN021,61268.60,6739.55,2025-02-23,2024-12-28,paid,-982.25
INV00176,INV/2025/00176,2025-02-16,PO00187,GR00176,VEN019,329111.51,36202.27,2025-04-17,2025-04-06,paid,4585.45
INV00177,INV/2024/00177,2024-11-14,PO00188,GR00177,VEN001,85116.45,9362.81,2025-01-13,,overdue,333.79
INV00178,INV/2026/00178,2026-01-05,PO00189,GR00178,VEN030,14400.91,1584.10,2026-02-04,2026-01-23,paid,-246.96
INV00179,INV/2025/00179,2025-02-13,PO00190,GR00179,VEN001,69211.00,7613.21,2025-02-28,2025-03-27,paid,-1618.45
INV00180,INV/2024/00180,2024-09-13,PO00191,GR00180,VEN013,131671.24,14483.84,2024-11-12,,overdue,759.86
INV00181,INV/2024/00181,2024-05-06,PO00192,GR00181,VEN020,16091999.38,1770119.93,2024-06-20,2024-06-10,paid,214168.78
INV00182,INV/2025/00182,2025-07-16,PO00193,GR00182,VEN007,130057.70,14306.35,2025-07-16,2025-08-09,paid,760.65
INV00183,INV/2025/00183,2025-09-10,PO00194,GR00183,VEN014,17694.25,1946.37,2025-10-10,,overdue,492.55
INV00184,INV/2025/00184,2025-03-12,PO00195,GR00184,VEN018,800162.18,88017.84,2025-04-26,,overdue,-104710.24
INV00185,INV/2024/00185,2024-09-11,PO00196,GR00185,VEN003,15047.69,1655.25,2024-09-26,2024-10-06,paid,107.78
INV00186,INV/2025/00186,2025-07-10,PO00197,GR00186,VEN003,81386.81,8952.55,2025-08-09,2025-07-31,paid,956.56
INV00187,INV/2025/00187,2025-02-08,PO00198,GR00187,VEN027,987019.78,108572.18,2025-02-08,,overdue,752095.08
INV00188,INV/2024/00188,2024-10-17,PO00199,GR00188,VEN016,3119.61,343.16,2024-11-16,2024-11-25,paid,-74.21
INV00189,INV/2025/00189,2025-05-25,PO00200,GR00189,VEN023,680464.66,74851.11,2025-08-23,2025-09-07,paid,13461.69
INV00190,INV/2025/00190,2025-12-21,PO00201,GR00190,VEN025,56072.74,6168.00,2026-01-05,2026-01-07,paid,1554.51
INV00191,INV/2024/00191,2024-11-12,PO00202,GR00191,VEN011,1633.73,179.71,2024-11-27,,overdue,9.56
INV00192,INV/2025/00192,2025-11-28,PO00203,GR00192,VEN008,885351.69,97388.69,2026-02-26,2026-03-17,paid,216324.08
INV00193,INV/2024/00193,2024-04-22,PO00204,GR00193,VEN020,13478.80,1482.67,2024-05-22,2024-06-01,paid,329.49
INV00194,INV/2024/00194,2024-09-27,PO00205,GR00194,VEN014,870493.29,95754.26,2024-12-26,2024-10-14,paid,23412.72
INV00195,INV/2025/00195,2025-09-30,PO00206,GR00195,VEN001,11125.78,1223.84,2025-10-30,2025-10-24,paid,-31.40
INV00196,INV/2025/00196,2025-10-03,PO00207,GR00196,VEN025,1289.68,141.86,2025-11-17,2025-10-12,paid,16.31
INV00197,INV/2024/00197,2024-12-14,PO00208,GR00197,VEN022,1054249.49,115967.44,2024-12-14,,overdue,9345.91
INV00198,INV/2024/00198,2024-08-31,PO00209,GR00198,VEN016,883712.29,97208.35,2024-11-29,2024-12-27,paid,840988.55
INV00199,INV/2025/00199,2025-02-17,PO00210,GR00199,VEN019,102591.95,11285.11,2025-03-19,,overdue,2932.54
INV00200,INV/2024/00200,2024-04-27,PO00211,GR00200,VEN026,181722.05,19989.43,2024-04-27,2024-05-23,paid,-1893.22
INV00201,INV/2024/00201,2024-05-22,PO00212,GR00201,VEN008,946801.49,104148.16,2024-06-21,2024-06-22,paid,23696.23
INV00202,INV/2024/00202,2024-07-30,PO00213,GR00202,VEN011,18745.84,2062.04,2024-08-14,2024-09-21,paid,354.69
INV00203,INV/2025/00203,2025-10-11,PO00214,GR00203,VEN003,50427.26,5547.00,2026-01-09,,unpaid,-1089.01
INV00204,INV/2024/00204,2024-10-28,PO00217,GR00204,VEN002,3778825.70,415670.83,2024-11-12,,overdue,-111891.37
INV00205,INV/2024/00205,2024-12-06,PO00218,GR00205,VEN006,24197.15,2661.69,2024-12-06,2024-12-12,paid,629.18
INV00206,INV/2025/00206,2025-02-19,PO00219,GR00206,VEN007,2225140.72,244765.48,2025-04-05,2025-04-14,paid,-68290.81
INV00207,INV/2024/00207,2024-04-27,PO00221,GR00207,VEN014,58927.74,6482.05,2024-06-11,2024-06-20,paid,-1447.43
INV00208,INV/2024/00208,2024-04-27,PO00222,GR00208,VEN019,3588.87,394.78,2024-05-12,,overdue,-97.46
INV00209,INV/2025/00209,2025-07-29,PO00223,GR00209,VEN013,610891.97,67198.12,2025-08-28,,overdue,-14754.48
INV00210,INV/2025/00210,2025-11-16,PO00224,GR00210,VEN011,624723.48,68719.58,2025-12-31,2025-12-22,paid,3225.00
INV00211,INV/2024/00211,2024-10-14,PO00225,GR00211,VEN028,17853.95,1963.93,2024-10-14,2024-10-29,paid,-154.64
INV00212,INV/2024/00212,2024-04-20,PO00226,GR00212,VEN008,189362.37,20829.86,2024-06-04,2024-06-22,paid,465.54
INV00213,INV/2024/00213,2024-06-14,PO00227,GR00213,VEN008,873780.48,96115.85,2024-08-13,2024-08-22,paid,836949.76
INV00214,INV/2024/00214,2024-04-18,PO00228,GR00214,VEN003,34074.59,3748.20,2024-07-17,2024-05-18,paid,-256.40
INV00215,INV/2024/00215,2024-09-13,PO00229,GR00215,VEN028,10342377.73,1137661.55,2024-12-12,,overdue,-267263.08
INV00216,INV/2024/00216,2024-10-26,PO00230,GR00216,VEN001,1210.31,133.13,2024-10-26,2024-11-14,paid,3.32
INV00217,INV/2025/00217,2025-12-15,PO00232,GR00217,VEN027,931548.45,102470.33,2025-12-15,,overdue,411713.52
INV00218,INV/2025/00218,2025-03-14,PO00233,GR00218,VEN024,418561.53,46041.77,2025-03-29,,overdue,-4058.91
INV00219,INV/2024/00219,2024-02-03,PO00234,GR00219,VEN013,286204.97,31482.55,2024-04-03,,overdue,3869.98
INV00220,INV/2026/00220,2026-01-19,PO00235,GR00220,VEN015,220817.09,24289.88,2026-02-18,2026-03-03,paid,4164.27
INV00221,INV/2024/00221,2024-05-31,PO00236,GR00221,VEN030,232432.14,25567.54,2024-06-30,2024-08-04,paid,4310.76
INV00222,INV/2024/00222,2024-10-17,PO00237,GR00222,VEN012,26449.95,2909.49,2024-12-01,2024-12-14,paid,180.48
INV00223,INV/2024/00223,2024-04-28,PO00238,GR00223,VEN019,96469.54,10611.65,2024-06-27,,overdue,2554.24
INV00224,INV/2024/00224,2024-10-29,PO00239,GR00224,VEN025,265790.01,29236.90,2024-10-29,2024-11-25,paid,5252.00
INV00225,INV/2024/00225,2024-10-18,PO00241,GR00225,VEN013,42888.27,4717.71,2024-11-02,2024-11-08,paid,-1108.44
INV00226,INV/2024/00226,2024-07-06,PO00242,GR00226,VEN007,255672.79,28124.01,2024-08-20,2024-08-09,paid,999.66
INV00227,INV/2024/00227,2024-05-25,PO00243,GR00227,VEN015,337518.02,37126.98,2024-07-24,2024-06-21,paid,-1399.87
INV00228,INV/2025/00228,2025-04-11,PO00244,GR00228,VEN028,9020.22,992.22,2025-07-10,,overdue,-197.09
INV00229,INV/2025/00229,2025-12-03,PO00245,GR00229,VEN014,149653.33,16461.87,2025-12-03,2026-01-11,paid,1702.56
INV00230,INV/2024/00230,2024-11-21,PO00246,GR00230,VEN029,282915.66,31120.72,2024-12-06,2024-12-19,paid,-127.86
INV00231,INV/2024/00231,2024-06-24,PO00247,GR00231,VEN007,2214476.39,243592.40,2024-08-23,2024-07-12,paid,56230.62
INV00232,INV/2025/00232,2025-04-19,PO00248,GR00232,VEN022,125054.63,13756.01,2025-05-19,2025-05-05,paid,2390.93
INV00233,INV/2024/00233,2024-04-23,PO00249,GR00233,VEN030,954123.51,104953.59,2024-06-07,,overdue,-12558.43
INV00234,INV/2025/00234,2025-02-17,PO00250,GR00234,VEN020,253344.15,27867.86,2025-05-18,2025-04-30,paid,97.85
INV00235,INV/2024/00235,2024-06-27,PO00251,GR00235,VEN003,7708.71,847.96,2024-07-27,2024-08-29,paid,159.05
INV00236,INV/2025/00236,2025-04-18,PO00252,GR00236,VEN024,6240.78,686.49,2025-05-03,2025-05-23,paid,-129.90
INV00237,INV/2025/00237,2025-06-20,PO00253,GR00237,VEN006,126358.87,13899.48,2025-06-20,2025-07-02,paid,3441.35
INV00238,INV/2024/00238,2024-08-03,PO00254,GR00238,VEN026,164128.57,18054.14,2024-08-18,2024-09-19,paid,-2387.46
INV00239,INV/2025/00239,2025-09-19,PO00255,GR00239,VEN015,13934.46,1532.79,2025-10-04,2025-11-05,paid,297.52
INV00240,INV/2025/00240,2025-09-18,PO00256,GR00240,VEN011,2157027.34,237273.01,2025-09-18,2025-09-26,paid,17113.83
INV00241,INV/2025/00241,2025-05-18,PO00257,GR00241,VEN002,659663.03,72562.93,2025-06-02,,overdue,10770.91
INV00242,INV/2024/00242,2024-05-16,PO00258,GR00242,VEN022,126276.19,13890.38,2024-05-31,2024-06-20,paid,-2772.91
INV00243,INV/2024/00243,2024-06-14,PO00259,GR00243,VEN009,988134.37,108694.78,2024-07-14,2024-07-21,paid,-14372.22
INV00244,INV/2024/00244,2024-06-20,PO00260,GR00244,VEN030,736777.02,81045.47,2024-08-19,2024-07-03,paid,13287.47
INV00245,INV/2024/00245,2024-05-12,PO00261,GR00245,VEN017,306750.35,33742.54,2024-06-11,2024-07-19,paid,-9002.94
INV00246,INV/2025/00246,2025-04-07,PO00262,GR00246,VEN009,434027.07,47742.98,2025-07-06,,overdue,-373.92
INV00247,INV/2025/00247,2025-12-17,PO00263,GR00247,VEN018,159739.21,17571.31,2026-03-17,2025-12-30,paid,4249.10
INV00248,INV/2024/00248,2024-11-13,PO00264,GR00248,VEN013,825670.06,90823.71,2024-11-28,2024-11-23,paid,3530.06
INV00249,INV/2024/00249,2024-06-16,PO00265,GR00249,VEN017,45478.93,5002.68,2024-06-16,2024-07-12,paid,162.29
INV00250,INV/2024/00250,2024-12-21,PO00266,GR00250,VEN008,227511.80,25026.30,2025-03-21,2025-02-23,paid,2724.57
INV00251,INV/2025/00251,2025-05-21,PO00267,GR00251,VEN017,898329.37,98816.23,2025-07-20,2025-06-18,paid,666889.43
INV00252,INV/2025/00252,2025-11-17,PO00268,GR00252,VEN021,5710918.83,628201.07,2025-12-02,2026-01-01,paid,39567.75
INV00253,INV/2025/00253,2025-10-24,PO00269,GR00253,VEN016,59562.50,6551.88,2026-01-22,2026-02-03,paid,577.47
INV00254,INV/2025/00254,2025-09-08,PO00270,GR00254,VEN023,93940.80,10333.49,2025-09-08,2025-09-12,paid,-2309.97
INV00255,INV/2025/00255,2025-07-27,PO00271,GR00255,VEN015,95480.60,10502.87,2025-08-11,2025-08-27,paid,-1899.45
INV00256,INV/2025/00256,2025-05-08,PO00272,GR00256,VEN020,7336.80,807.05,2025-05-23,2025-06-18,paid,-164.31
INV00257,INV/2024/00257,2024-05-07,PO00273,GR00257,VEN007,1181160.06,129927.61,2024-07-06,2024-06-20,paid,-17661.18
INV00258,INV/2025/00258,2025-12-31,PO00274,GR00258,VEN014,697861.45,76764.76,2026-02-14,2026-02-20,paid,-21057.93
INV00259,INV/2025/00259,2025-01-03,PO00275,GR00259,VEN027,5347.12,588.18,2025-02-17,,overdue,87.23
INV00260,INV/2024/00260,2024-12-30,PO00276,GR00260,VEN027,164029.45,18043.24,2025-02-13,2025-03-14,paid,-2903.73
INV00261,INV/2024/00261,2024-07-27,PO00277,GR00261,VEN001,98415.54,10825.71,2024-09-25,2024-08-21,paid,1661.28
INV00262,INV/2025/00262,2025-11-19,PO00278,GR00262,VEN002,913377.63,100471.54,2025-12-19,2026-01-19,paid,-9752.07
INV00263,INV/2024/00263,2024-04-29,PO00279,GR00263,VEN025,2996.39,329.60,2024-07-28,,overdue,60.58
INV00264,INV/2025/00264,2025-10-31,PO00280,GR00264,VEN003,840918.93,92501.08,2025-11-30,2025-11-18,paid,-948054.75
INV00265,INV/2024/00265,2024-04-01,PO00281,GR00265,VEN030,2277.79,250.56,2024-04-01,2024-04-05,paid,-61.92
INV00266,INV/2025/00266,2025-03-20,PO00282,GR00266,VEN019,329417.78,36235.96,2025-06-18,2025-07-04,paid,6029.16
INV00267,INV/2025/00267,2025-02-03,PO00283,GR00267,VEN009,984353.78,108278.92,2025-02-18,2025-03-13,paid,978041.52
INV00268,INV/2024/00268,2024-11-10,PO00284,GR00268,VEN007,499830.06,54981.31,2025-02-08,2024-12-07,paid,-198.48
INV00269,INV/2024/00269,2024-05-27,PO00285,GR00269,VEN013,249051.47,27395.66,2024-06-26,2024-06-20,paid,-6455.01
INV00270,INV/2025/00270,2025-10-17,PO00286,GR00270,VEN002,13914.54,1530.60,2025-12-16,,overdue,92.53
INV00271,INV/2025/00271,2025-08-25,PO00287,GR00271,VEN008,40076.07,4408.37,2025-08-25,2025-09-03,paid,658.19
INV00272,INV/2025/00272,2025-08-18,PO00288,GR00272,VEN019,805712.61,88628.39,2025-10-17,2025-08-24,paid,-620729.69
INV00273,INV/2025/00273,2025-10-29,PO00289,GR00273,VEN018,470063.56,51706.99,2025-10-29,2025-11-21,paid,8239.12
INV00274,INV/2024/00274,2024-11-29,PO00290,GR00274,VEN029,115844.00,12742.84,2025-01-28,2025-01-16,paid,-2801.83
INV00275,INV/2024/00275,2024-11-29,PO00291,GR00275,VEN023,114327.28,12576.00,2025-01-28,,overdue,-2613.91
INV00276,INV/2024/00276,2024-07-27,PO00292,GR00276,VEN009,153967.39,16936.41,2024-09-10,2024-09-19,paid,-4356.16
INV00277,INV/2024/00277,2024-11-01,PO00293,GR00277,VEN022,280085.02,30809.35,2024-11-16,2024-11-06,paid,-4300.91
INV00278,INV/2024/00278,2024-07-24,PO00294,GR00278,VEN026,43399.70,4773.97,2024-09-22,2024-08-18,paid,-284.34
INV00279,INV/2024/00279,2024-07-15,PO00295,GR00279,VEN022,311645.74,34281.03,2024-09-13,2024-08-31,paid,8620.02
INV00280,INV/2024/00280,2024-11-18,PO00296,GR00280,VEN025,18603.39,2046.37,2025-01-02,2025-02-02,paid,-52.39
INV00281,INV/2025/00281,2025-03-10,PO00297,GR00281,VEN002,196970.07,21666.71,2025-03-25,2025-03-21,paid,-632.71
INV00282,INV/2024/00282,2024-08-13,PO00298,GR00282,VEN026,501692.44,55186.17,2024-08-28,,overdue,9314.54
INV00283,INV/2025/00283,2025-04-04,PO00299,GR00283,VEN022,63433.10,6977.64,2025-05-04,2025-05-19,paid,381.84
INV00284,INV/2024/00284,2024-12-25,PO00300,GR00284,VEN023,57585.54,6334.41,2024-12-25,2025-01-30,paid,-508.13
INV00285,INV/2025/00285,2025-08-08,PO00301,GR00285,VEN030,2138504.24,235235.47,2025-10-07,2025-10-31,paid,40415.84
INV00286,INV/2025/00286,2025-10-20,PO00302,GR00286,VEN028,408748.31,44962.31,2025-11-04,2025-12-13,paid,213.70
INV00287,INV/2025/00287,2025-03-09,PO00303,GR00287,VEN026,7702.26,847.25,2025-03-24,2025-04-06,paid,137.72
INV00288,INV/2025/00288,2025-12-02,PO00304,GR00288,VEN004,9503.90,1045.43,2026-01-01,2026-01-25,paid,257.33
INV00289,INV/2025/00289,2025-06-19,PO00305,GR00289,VEN001,93214.64,10253.61,2025-08-18,,overdue,646.82
INV00290,INV/2025/00290,2025-11-09,PO00306,GR00290,VEN005,4611.83,507.30,2026-01-08,2025-12-17,paid,43.16
INV00291,INV/2026/00291,2026-02-11,PO00307,GR00291,VEN026,7896.04,868.56,2026-03-28,2026-04-14,paid,-213.51
INV00292,INV/2025/00292,2025-02-04,PO00308,GR00292,VEN012,18206.26,2002.69,2025-03-06,2025-04-06,paid,-119.18
INV00293,INV/2025/00293,2025-08-19,PO00309,GR00293,VEN009,3159.46,347.54,2025-11-17,2025-09-25,paid,-91.15
INV00294,INV/2025/00294,2025-09-01,PO00310,GR00294,VEN029,2524611.10,277707.22,2025-10-16,2025-10-01,paid,-46112.32
INV00295,INV/2024/00295,2024-06-23,PO00311,GR00295,VEN004,69146.19,7606.08,2024-07-08,,overdue,-2010.71
INV00296,INV/2025/00296,2025-08-24,PO00312,GR00296,VEN026,155414.56,17095.60,2025-08-24,2025-09-05,paid,-3764.22
INV00297,INV/2025/00297,2025-01-17,PO00313,GR00297,VEN018,4746.34,522.10,2025-02-01,2025-03-06,paid,55.42
INV00298,INV/2024/00298,2024-08-26,PO00314,GR00298,VEN016,316301.13,34793.12,2024-09-25,,overdue,-17.16
INV00299,INV/2025/00299,2025-06-05,PO00315,GR00299,VEN014,616343.90,67797.83,2025-06-05,2025-06-15,paid,-3033.93
INV00300,INV/2026/00300,2026-01-01,PO00316,GR00300,VEN014,7575471.04,833301.81,2026-01-31,2026-01-07,paid,100398.31
INV00301,INV/2025/00301,2025-07-26,PO00317,GR00301,VEN023,686.64,75.53,2025-07-26,2025-08-29,paid,2.87
INV00302,INV/2025/00302,2025-07-31,PO00318,GR00302,VEN021,10229.88,1125.29,2025-09-29,2025-10-16,paid,-32.94
INV00303,INV/2026/00303,2026-01-10,PO00319,GR00303,VEN014,15269.13,1679.60,2026-02-09,,unpaid,379.60
INV00304,INV/2025/00304,2025-09-02,PO00320,GR00304,VEN002,247416.06,27215.77,2025-09-02,2025-09-17,paid,-5228.96
INV00305,INV/2026/00305,2026-01-12,PO00321,GR00305,VEN024,1037182.18,114090.04,2026-03-13,2026-02-20,paid,4927.29
INV00306,INV/2026/00306,2026-02-03,PO00322,GR00306,VEN023,9871431.37,1085857.45,2026-02-18,2026-02-23,paid,-216247.94
INV00307,INV/2025/00307,2025-11-13,PO00323,GR00307,VEN018,1075865.74,118345.23,2026-02-11,2025-11-16,paid,17551.45
INV00308,INV/2025/00308,2025-03-19,PO00324,GR00308,VEN006,93892.98,10328.23,2025-05-18,,overdue,-866.29
INV00309,INV/2024/00309,2024-06-28,PO00326,GR00309,VEN020,23077.89,2538.57,2024-09-26,2024-07-13,paid,312.33
INV00310,INV/2024/00310,2024-06-10,PO00327,GR00310,VEN030,888515.94,97736.75,2024-07-25,2024-08-26,paid,709517.50
INV00311,INV/2025/00311,2025-06-01,PO00328,GR00311,VEN008,85279.00,9380.69,2025-08-30,2025-10-01,paid,2088.63
INV00312,INV/2025/00312,2025-09-28,PO00329,GR00312,VEN013,58828.71,6471.16,2025-11-27,2025-12-11,paid,-988.84
INV00313,INV/2024/00313,2024-10-13,PO00330,GR00313,VEN002,2779.95,305.79,2024-12-12,2024-12-15,paid,-56.03
INV00314,INV/2024/00314,2024-09-02,PO00331,GR00314,VEN014,15692.11,1726.13,2024-11-01,2024-10-27,paid,72.25
INV00315,INV/2025/00315,2025-03-15,PO00332,GR00315,VEN024,908792.32,99967.15,2025-03-15,2025-04-14,paid,-1058494.37
INV00316,INV/2024/00316,2024-12-30,PO00333,GR00316,VEN016,84448.94,9289.38,2025-03-30,2025-01-29,paid,-64.18
INV00317,INV/2025/00317,2025-11-09,PO00334,GR00317,VEN018,13904.15,1529.46,2026-01-08,2026-02-06,paid,-3.92
INV00318,INV/2025/00318,2025-07-17,PO00335,GR00318,VEN020,29121.11,3203.32,2025-08-16,2025-08-13,paid,157.53
INV00319,INV/2025/00319,2025-11-17,PO00336,GR00319,VEN008,2424948.17,266744.30,2025-12-17,2025-12-22,paid,-66276.99
INV00320,INV/2024/00320,2024-12-21,PO00337,GR00320,VEN027,801924.00,88211.64,2025-02-19,2025-01-03,paid,669584.94
INV00321,INV/2024/00321,2024-04-20,PO00338,GR00321,VEN018,888129.16,97694.21,2024-07-19,,overdue,859999.70
INV00322,INV/2025/00322,2025-07-25,PO00339,GR00322,VEN021,922146.52,101436.12,2025-09-08,2025-08-05,paid,919070.39
INV00323,INV/2024/00323,2024-11-24,PO00340,GR00323,VEN026,6240.25,686.43,2024-12-09,2025-01-08,paid,-125.77
INV00324,INV/2025/00324,2025-06-04,PO00341,GR00324,VEN024,46365.68,5100.22,2025-06-19,2025-07-01,paid,11.60
INV00325,INV/2024/00325,2024-03-18,PO00342,GR00325,VEN018,945432.72,103997.60,2024-06-16,2024-07-05,paid,482510.92
INV00326,INV/2024/00326,2024-07-11,PO00344,GR00326,VEN023,143463.07,15780.94,2024-09-09,2024-07-31,paid,-459.93
INV00327,INV/2025/00327,2025-08-11,PO00345,GR00327,VEN016,1052.27,115.75,2025-09-25,,overdue,-13.63
INV00328,INV/2024/00328,2024-03-16,PO00346,GR00328,VEN006,102271.51,11249.87,2024-03-31,2024-05-08,paid,1424.54
INV00329,INV/2024/00329,2024-06-21,PO00348,GR00329,VEN024,47181.72,5189.99,2024-08-20,,overdue,185.05
INV00330,INV/2024/00330,2024-12-03,PO00349,GR00330,VEN010,3069573.16,337653.05,2025-01-02,2025-01-09,paid,64402.23
INV00331,INV/2024/00331,2024-04-19,PO00350,GR00331,VEN019,131224.49,14434.69,2024-06-03,,overdue,-911.34
INV00332,INV/2026/00332,2026-02-18,PO00351,GR00332,VEN015,184677.88,20314.57,2026-03-05,2026-03-14,paid,3749.57
INV00333,INV/2024/00333,2024-07-03,PO00352,GR00333,VEN025,85564.12,9412.05,2024-08-02,,overdue,-691.76
INV00334,INV/2024/00334,2024-07-29,PO00353,GR00334,VEN007,569168.59,62608.55,2024-07-29,,overdue,13165.57
INV00335,INV/2025/00335,2025-05-22,PO00354,GR00335,VEN007,3581678.92,393984.68,2025-07-21,2025-06-21,paid,45178.47
INV00336,INV/2024/00336,2024-10-13,PO00355,GR00336,VEN024,20016.40,2201.80,2024-12-12,,overdue,-440.21
INV00337,INV/2025/00337,2025-05-23,PO00356,GR00337,VEN015,394683.00,43415.13,2025-06-07,2025-06-20,paid,383.13
INV00338,INV/2025/00338,2025-06-05,PO00357,GR00338,VEN022,7002.40,770.26,2025-08-04,,overdue,115.77
INV00339,INV/2024/00339,2024-02-26,PO00358,GR00339,VEN025,88869.45,9775.64,2024-05-26,2024-03-31,paid,1802.69
INV00340,INV/2024/00340,2024-03-05,PO00359,GR00340,VEN005,147908.52,16269.94,2024-06-03,2024-06-19,paid,3097.32
INV00341,INV/2025/00341,2025-03-06,PO00360,GR00341,VEN028,1257353.05,138308.84,2025-06-04,,overdue,-15390.13
INV00342,INV/2025/00342,2025-03-21,PO00361,GR00342,VEN013,18068.26,1987.51,2025-04-20,2025-04-21,paid,427.73
INV00343,INV/2024/00343,2024-11-30,PO00362,GR00343,VEN019,5313.95,584.53,2024-12-30,2025-01-07,paid,-99.51
INV00344,INV/2025/00344,2025-11-03,PO00363,GR00344,VEN026,351094.21,38620.36,2026-02-01,2025-12-26,paid,-6823.65
INV00345,INV/2024/00345,2024-06-16,PO00364,GR00345,VEN021,104795.33,11527.49,2024-07-01,2024-07-15,paid,-1275.96
INV00346,INV/2024/00346,2024-11-16,PO00365,GR00346,VEN012,35637.20,3920.09,2024-12-31,,overdue,350.42
INV00347,INV/2025/00347,2025-08-12,PO00366,GR00347,VEN026,991931.31,109112.44,2025-10-11,2025-09-27,paid,-19197.27
INV00348,INV/2024/00348,2024-12-07,PO00367,GR00348,VEN014,900187.61,99020.64,2025-01-06,2024-12-14,paid,814909.57
INV00349,INV/2024/00349,2024-10-24,PO00368,GR00349,VEN023,32234.91,3545.84,2024-11-08,2024-10-30,paid,-340.94
INV00350,INV/2024/00350,2024-08-31,PO00369,GR00350,VEN028,38162.33,4197.86,2024-09-30,2024-10-27,paid,-61.05
INV00351,INV/2025/00351,2025-09-30,PO00370,GR00351,VEN023,691764.26,76094.07,2025-11-29,,overdue,-19570.42
INV00352,INV/2024/00352,2024-05-15,PO00371,GR00352,VEN008,7166.11,788.27,2024-06-14,2024-05-24,paid,-162.08
INV00353,INV/2025/00353,2025-07-22,PO00372,GR00353,VEN024,45872.38,5045.96,2025-10-20,,overdue,-46.71
INV00354,INV/2025/00354,2025-04-03,PO00373,GR00354,VEN018,1282098.15,141030.80,2025-04-03,2025-04-23,paid,22582.11
INV00355,INV/2024/00355,2024-06-11,PO00374,GR00355,VEN009,237827.43,26161.02,2024-07-11,2024-07-11,paid,-5043.18
INV00356,INV/2024/00356,2024-02-14,PO00375,GR00356,VEN020,59789.34,6576.83,2024-03-15,2024-03-20,paid,-879.22
INV00357,INV/2025/00357,2025-11-20,PO00376,GR00357,VEN023,162310.32,17854.14,2025-12-20,2025-12-10,paid,4169.99
INV00358,INV/2025/00358,2025-04-20,PO00377,GR00358,VEN001,980021.82,107802.40,2025-05-05,2025-06-06,paid,820201.88
INV00359,INV/2024/00359,2024-07-07,PO00378,GR00359,VEN013,5382.45,592.07,2024-10-05,2024-10-11,paid,98.44
INV00360,INV/2024/00360,2024-01-31,PO00379,GR00360,VEN008,58090.21,6389.92,2024-03-31,2024-04-06,paid,1596.17
INV00361,INV/2025/00361,2025-04-07,PO00380,GR00361,VEN020,313882.31,34527.05,2025-07-06,2025-06-10,paid,2934.80
INV00362,INV/2025/00362,2025-05-17,PO00381,GR00362,VEN018,32540.53,3579.46,2025-05-17,2025-05-22,paid,818.33
INV00363,INV/2025/00363,2025-08-07,PO00382,GR00363,VEN027,129039.73,14194.37,2025-09-06,2025-08-08,paid,-2744.25
INV00364,INV/2025/00364,2025-07-15,PO00383,GR00364,VEN014,928102.84,102091.31,2025-07-30,2025-08-13,paid,764065.32
INV00365,INV/2025/00365,2025-11-17,PO00384,GR00365,VEN021,75512.99,8306.43,2026-01-16,2026-01-07,paid,-490.68
INV00366,INV/2024/00366,2024-02-10,PO00385,GR00366,VEN019,29171.65,3208.88,2024-02-25,,overdue,277.51
INV00367,INV/2025/00367,2025-01-01,PO00386,GR00367,VEN003,67881.34,7466.95,2025-01-01,2025-01-26,paid,-1703.97
INV00368,INV/2025/00368,2025-08-23,PO00387,GR00368,VEN018,918227.92,101005.07,2025-10-22,2025-09-24,paid,912101.78
INV00369,INV/2025/00369,2025-08-07,PO00388,GR00369,VEN012,168219.13,18504.10,2025-08-22,,overdue,-4575.23
INV00370,INV/2024/00370,2024-04-05,PO00390,GR00370,VEN020,3466.76,381.34,2024-04-20,2024-05-03,paid,-84.69
INV00371,INV/2024/00371,2024-12-09,PO00391,GR00371,VEN025,24788.16,2726.70,2025-01-08,2025-01-19,paid,340.20
INV00372,INV/2025/00372,2025-07-07,PO00393,GR00372,VEN018,421886.38,46407.50,2025-08-21,2025-09-21,paid,10725.65
INV00373,INV/2024/00373,2024-09-03,PO00394,GR00373,VEN020,16397.56,1803.73,2024-11-02,,overdue,184.87
INV00374,INV/2025/00374,2025-06-02,PO00395,GR00374,VEN023,902073.15,99228.05,2025-07-17,,overdue,517365.54
INV00375,INV/2025/00375,2025-02-14,PO00396,GR00375,VEN020,12709.25,1398.02,2025-02-14,2025-03-09,paid,155.61
INV00376,INV/2026/00376,2026-01-13,PO00397,GR00376,VEN026,2038616.59,224247.83,2026-02-27,,unpaid,7602.28
INV00377,INV/2026/00377,2026-01-24,PO00398,GR00377,VEN014,12216.12,1343.77,2026-03-10,2026-02-19,paid,16.22
INV00378,INV/2025/00378,2025-11-27,PO00399,GR00378,VEN015,549445.67,60439.02,2025-12-27,2026-01-31,paid,-13547.08
INV00379,INV/2025/00379,2025-06-16,PO00400,GR00379,VEN013,437269.48,48099.64,2025-07-31,2025-06-17,paid,6966.78
INV00380,INV/2025/00380,2025-08-05,PO00401,GR00380,VEN014,51844964.70,5702946.12,2025-09-04,2025-09-30,paid,-909729.92
INV00381,INV/2025/00381,2025-06-09,PO00402,GR00381,VEN029,88552.14,9740.74,2025-09-07,,overdue,-2484.44
INV00382,INV/2024/00382,2024-10-22,PO00403,GR00382,VEN015,37342.86,4107.72,2024-12-06,,overdue,-779.59
INV00383,INV/2024/00383,2024-08-08,PO00404,GR00383,VEN013,3413.66,375.50,2024-11-06,2024-10-17,paid,-93.30
INV00384,INV/2025/00384,2025-12-20,PO00405,GR00384,VEN026,29503.50,3245.38,2026-01-19,2026-02-26,paid,9.78
INV00385,INV/2026/00385,2026-01-13,PO00406,GR00385,VEN005,8181.64,899.98,2026-04-13,2026-05-05,paid,52.04
INV00386,INV/2025/00386,2025-04-22,PO00407,GR00386,VEN023,250301.26,27533.14,2025-07-21,2025-05-19,paid,-7029.57
INV00387,INV/2025/00387,2025-12-02,PO00409,GR00387,VEN008,1647.11,181.18,2026-01-31,2025-12-12,paid,-42.90
INV00388,INV/2024/00388,2024-08-23,PO00410,GR00388,VEN027,528074.14,58088.16,2024-10-07,2024-09-17,paid,-3686.03
INV00389,INV/2025/00389,2025-07-17,PO00411,GR00389,VEN014,51186.50,5630.52,2025-08-31,2025-08-02,paid,-535.64
INV00390,INV/2025/00390,2025-08-24,PO00412,GR00390,VEN025,226145.73,24876.03,2025-08-24,,overdue,4976.37
INV00391,INV/2025/00391,2025-08-10,PO00413,GR00391,VEN010,49545.16,5449.97,2025-10-09,2025-08-18,paid,-925.68
INV00392,INV/2024/00392,2024-10-19,PO00414,GR00392,VEN019,14533.82,1598.72,2025-01-17,,overdue,-112.23
INV00393,INV/2024/00393,2024-03-29,PO00415,GR00393,VEN023,142861.12,15714.72,2024-06-27,2024-04-06,paid,-2759.31
INV00394,INV/2024/00394,2024-05-15,PO00416,GR00394,VEN018,11647.84,1281.26,2024-06-29,2024-05-22,paid,58.17
INV00395,INV/2025/00395,2025-01-23,PO00417,GR00395,VEN013,36691.16,4036.03,2025-04-23,,overdue,112.90
INV00396,INV/2024/00396,2024-08-15,PO00418,GR00396,VEN016,20266.03,2229.26,2024-08-15,2024-09-17,paid,209.17
INV00397,INV/2024/00397,2024-05-29,PO00419,GR00397,VEN016,919113.75,101102.51,2024-08-27,2024-08-14,paid,5364.51
INV00398,INV/2025/00398,2025-09-19,PO00420,GR00398,VEN022,556806.40,61248.70,2025-09-19,2025-10-16,paid,-7716.74
INV00399,INV/2025/00399,2025-07-11,PO00421,GR00399,VEN002,201910.51,22210.16,2025-08-25,,overdue,1230.83
INV00400,INV/2024/00400,2024-09-07,PO00422,GR00400,VEN010,9505.32,1045.58,2024-10-22,2024-09-19,paid,-197.01
INV00401,INV/2024/00401,2024-05-27,PO00423,GR00401,VEN028,14479.75,1592.77,2024-07-26,2024-06-03,paid,-377.86
INV00402,INV/2024/00402,2024-04-08,PO00425,GR00402,VEN019,21370.77,2350.78,2024-05-08,2024-05-12,paid,11.85
INV00403,INV/2024/00403,2024-04-26,PO00426,GR00403,VEN021,184545.54,20300.01,2024-06-10,2024-07-13,paid,-4627.91
INV00404,INV/2024/00404,2024-04-28,PO00427,GR00404,VEN012,12845.44,1413.00,2024-05-28,2024-05-11,paid,-130.08
INV00405,INV/2025/00405,2025-05-12,PO00428,GR00405,VEN010,22677.70,2494.55,2025-06-26,2025-06-26,paid,102.55
INV00406,INV/2025/00406,2025-09-13,PO00429,GR00406,VEN018,2355933.11,259152.64,2025-10-13,,overdue,-28782.43
INV00407,INV/2024/00407,2024-08-26,PO00430,GR00407,VEN009,487681.71,53644.99,2024-11-24,2025-01-01,paid,9914.00
INV00408,INV/2024/00408,2024-08-11,PO00431,GR00408,VEN002,18548.28,2040.31,2024-11-09,2024-09-13,paid,-328.55
INV00409,INV/2024/00409,2024-05-21,PO00432,GR00409,VEN006,140573.73,15463.11,2024-06-05,2024-07-07,paid,119.02
INV00410,INV/2024/00410,2024-02-18,PO00433,GR00410,VEN024,11350.80,1248.59,2024-02-18,2024-03-12,paid,-49.31
INV00411,INV/2024/00411,2024-05-02,PO00434,GR00411,VEN006,2718854.46,299073.99,2024-07-31,2024-08-05,paid,58892.31
INV00412,INV/2024/00412,2024-05-08,PO00435,GR00412,VEN020,1086680.04,119534.80,2024-08-06,2024-06-13,paid,24372.60
INV00413,INV/2024/00413,2024-12-04,PO00436,GR00413,VEN027,3984483.21,438293.15,2025-01-18,2025-02-16,paid,-49985.82
INV00414,INV/2025/00414,2025-03-21,PO00437,GR00414,VEN029,20220.66,2224.27,2025-03-21,,overdue,-256.41
INV00415,INV/2024/00415,2024-09-02,PO00438,GR00415,VEN005,457395.92,50313.55,2024-09-02,2024-09-19,paid,-5775.43
INV00416,INV/2024/00416,2024-09-13,PO00439,GR00416,VEN022,303965.93,33436.25,2024-09-28,2024-10-14,paid,-7907.00
INV00417,INV/2025/00417,2025-07-20,PO00440,GR00417,VEN017,377900.73,41569.08,2025-09-03,2025-08-30,paid,3129.23
INV00418,INV/2026/00418,2026-01-15,PO00441,GR00418,VEN004,143407.50,15774.82,2026-01-15,2026-02-22,paid,389.86
INV00419,INV/2024/00419,2024-12-21,PO00442,GR00419,VEN022,108367.75,11920.45,2025-02-04,,overdue,889.73
INV00420,INV/2025/00420,2025-01-26,PO00443,GR00420,VEN021,390406.19,42944.68,2025-03-27,2025-04-15,paid,1924.48
INV00421,INV/2024/00421,2024-05-16,PO00445,GR00421,VEN003,34866.12,3835.27,2024-07-15,2024-06-29,paid,126.16
INV00422,INV/2024/00422,2024-09-11,PO00446,GR00422,VEN017,53308.27,5863.91,2024-10-26,2024-11-26,paid,-1170.24
INV00423,INV/2025/00423,2025-01-10,PO00447,GR00423,VEN023,13376.49,1471.41,2025-02-09,2025-01-22,paid,78.41
INV00424,INV/2025/00424,2025-10-14,PO00448,GR00424,VEN019,180708.80,19877.97,2025-10-29,2025-11-27,paid,128.34
INV00425,INV/2024/00425,2024-04-22,PO00449,GR00425,VEN010,20552262.48,2260748.87,2024-06-21,2024-07-20,paid,312663.08
INV00426,INV/2024/00426,2024-04-10,PO00450,GR00426,VEN029,71164.44,7828.09,2024-04-10,2024-05-19,paid,-99.96
INV00427,INV/2025/00427,2025-05-25,PO00451,GR00427,VEN023,823398.61,90573.85,2025-06-09,,overdue,73586.02
INV00428,INV/2025/00428,2025-08-05,PO00452,GR00428,VEN016,1172796.13,129007.57,2025-11-03,2025-11-08,paid,26421.39
INV00429,INV/2024/00429,2024-03-12,PO00453,GR00429,VEN029,3821842.15,420402.64,2024-05-11,,overdue,74174.67
INV00430,INV/2025/00430,2025-09-13,PO00454,GR00430,VEN025,1646655.23,181132.08,2025-12-12,2025-12-08,paid,-25922.70
INV00431,INV/2025/00431,2025-02-13,PO00455,GR00431,VEN023,65836.62,7242.03,2025-03-15,2025-03-30,paid,-261.23
INV00432,INV/2025/00432,2025-02-19,PO00456,GR00432,VEN007,101345.83,11148.04,2025-05-20,2025-06-08,paid,2060.31
INV00433,INV/2024/00433,2024-11-16,PO00457,GR00433,VEN013,96467.54,10611.43,2025-02-14,2025-01-14,paid,2523.21
INV00434,INV/2024/00434,2024-12-21,PO00458,GR00434,VEN022,5926.65,651.93,2025-03-21,2025-02-23,paid,137.31
INV00435,INV/2024/00435,2024-04-16,PO00459,GR00435,VEN014,318753.75,35062.91,2024-05-31,2024-06-17,paid,5393.18
INV00436,INV/2024/00436,2024-05-29,PO00460,GR00436,VEN016,78199.08,8601.90,2024-07-28,2024-08-25,paid,-1083.63
INV00437,INV/2024/00437,2024-08-12,PO00461,GR00437,VEN004,851293.89,93642.33,2024-08-12,2024-08-19,paid,824244.77
INV00438,INV/2025/00438,2025-06-12,PO00462,GR00438,VEN009,153656.91,16902.26,2025-09-10,2025-10-19,paid,-498.10
INV00439,INV/2025/00439,2025-05-12,PO00463,GR00439,VEN013,71115.97,7822.76,2025-06-11,,overdue,-1410.31
INV00440,INV/2026/00440,2026-02-05,PO00464,GR00440,VEN014,30543.93,3359.83,2026-02-05,2026-02-20,paid,75.47
INV00441,INV/2025/00441,2025-01-30,PO00465,GR00441,VEN013,1929884.99,212287.35,2025-03-16,2025-04-07,paid,-19336.38
INV00442,INV/2025/00442,2025-02-25,PO00467,GR00442,VEN013,1062868.29,116915.51,2025-05-26,2025-03-07,paid,-27686.01
INV00443,INV/2024/00443,2024-04-12,PO00468,GR00443,VEN014,315280.06,34680.81,2024-06-11,2024-05-06,paid,7353.84
INV00444,INV/2024/00444,2024-03-26,PO00469,GR00444,VEN013,766445.29,84308.98,2024-03-26,2024-04-02,paid,2859.02
INV00445,INV/2024/00445,2024-12-12,PO00470,GR00445,VEN014,409115.07,45002.66,2025-02-10,,overdue,-1629.52
INV00446,INV/2025/00446,2025-08-17,PO00471,GR00446,VEN010,4193601.97,461296.22,2025-10-16,2025-09-28,paid,-45806.21
INV00447,INV/2024/00447,2024-08-24,PO00472,GR00447,VEN022,1214.91,133.64,2024-08-24,,overdue,23.99
INV00448,INV/2025/00448,2025-12-02,PO00473,GR00448,VEN010,18189.18,2000.81,2026-01-01,2026-01-15,paid,59.27
INV00449,INV/2025/00449,2025-08-27,PO00474,GR00449,VEN026,249632.23,27459.55,2025-09-26,2025-10-22,paid,2153.90
INV00450,INV/2024/00450,2024-02-25,PO00475,GR00450,VEN015,10189.48,1120.84,2024-03-11,2024-04-06,paid,-183.98
INV00451,INV/2024/00451,2024-02-18,PO00476,GR00451,VEN011,122849.33,13513.43,2024-03-04,2024-04-07,paid,1891.24
INV00452,INV/2024/00452,2024-04-06,PO00477,GR00452,VEN023,16785.30,1846.38,2024-04-21,2024-04-26,paid,-464.07
INV00453,INV/2025/00453,2025-11-13,PO00478,GR00453,VEN017,17027.19,1872.99,2026-01-12,2026-01-30,paid,198.53
INV00454,INV/2024/00454,2024-02-04,PO00479,GR00454,VEN016,5328.01,586.08,2024-02-04,2024-02-21,paid,-46.09
INV00455,INV/2025/00455,2025-02-22,PO00480,GR00455,VEN012,342060.15,37626.62,2025-04-23,2025-05-29,paid,974.52
INV00456,INV/2025/00456,2025-06-09,PO00481,GR00456,VEN016,897043.01,98674.73,2025-09-07,2025-08-22,paid,-227419.10
INV00457,INV/2025/00457,2025-05-25,PO00482,GR00457,VEN019,12320.23,1355.23,2025-07-09,2025-06-23,paid,300.25
INV00458,INV/2025/00458,2025-08-02,PO00483,GR00458,VEN012,14703.01,1617.33,2025-08-02,2025-08-06,paid,324.64
INV00459,INV/2024/00459,2024-04-18,PO00484,GR00459,VEN016,4469582.07,491654.03,2024-05-18,2024-06-13,paid,-53440.64
INV00460,INV/2024/00460,2024-12-26,PO00485,GR00460,VEN024,9446.40,1039.10,2024-12-26,2025-01-22,paid,-212.10
INV00461,INV/2026/00461,2026-01-30,PO00486,GR00461,VEN012,1307261.23,143798.74,2026-02-14,2026-03-19,paid,31600.84
INV00462,INV/2026/00462,2026-01-01,PO00487,GR00462,VEN002,817992.84,89979.21,2026-01-16,2026-01-02,paid,769412.88
INV00463,INV/2024/00463,2024-10-27,PO00488,GR00463,VEN029,11566.00,1272.26,2024-11-11,2024-12-19,paid,308.88
INV00464,INV/2024/00464,2024-06-04,PO00489,GR00464,VEN016,517630.23,56939.32,2024-07-04,2024-08-07,paid,5576.52
INV00465,INV/2025/00465,2025-03-25,PO00490,GR00465,VEN008,7133.63,784.70,2025-04-24,2025-04-23,paid,121.96
INV00466,INV/2025/00466,2025-01-15,PO00491,GR00466,VEN025,101079.99,11118.80,2025-01-30,2025-02-27,paid,1548.66
INV00467,INV/2025/00467,2025-03-15,PO00492,GR00467,VEN019,51000.93,5610.10,2025-05-14,,overdue,403.74
INV00468,INV/2025/00468,2025-01-05,PO00493,GR00468,VEN030,7946.04,874.06,2025-01-20,2025-02-07,paid,-136.99
INV00469,INV/2024/00469,2024-02-25,PO00494,GR00469,VEN019,6014.76,661.62,2024-04-25,2024-05-28,paid,140.24
INV00470,INV/2025/00470,2025-10-27,PO00495,GR00470,VEN025,7670.98,843.81,2025-11-26,2025-12-28,paid,74.39
INV00471,INV/2025/00471,2025-03-23,PO00496,GR00471,VEN011,822907.93,90519.87,2025-05-22,2025-05-30,paid,7515.69
INV00472,INV/2025/00472,2025-04-07,PO00497,GR00472,VEN024,910192.93,100121.22,2025-06-06,2025-07-03,paid,-41293.86
INV00473,INV/2025/00473,2025-04-18,PO00498,GR00473,VEN015,109163.13,12007.94,2025-04-18,,overdue,-609.11
INV00474,INV/2025/00474,2025-08-26,PO00499,GR00474,VEN025,5908.68,649.95,2025-10-10,2025-10-24,paid,71.31
INV00475,INV/2024/00475,2024-07-31,PO00500,GR00475,VEN013,912138.08,100335.19,2024-09-29,,overdue,895021.53
INV00476,INV/2024/00476,2024-01-31,PO00501,GR00476,VEN002,235688.78,25925.77,2024-03-01,2024-04-02,paid,-259.31
INV00477,INV/2025/00477,2025-12-05,PO00502,GR00477,VEN004,131649.74,14481.47,2026-03-05,2026-01-02,paid,2296.12
INV00478,INV/2024/00478,2024-04-10,PO00503,GR00478,VEN020,9382.27,1032.05,2024-07-09,2024-07-07,paid,76.83
INV00479,INV/2024/00479,2024-06-29,PO00504,GR00479,VEN019,3621182.61,398330.09,2024-08-28,,overdue,-43034.43
INV00480,INV/2025/00480,2025-08-31,PO00505,GR00480,VEN019,359352.87,39528.82,2025-09-30,2025-10-04,paid,1942.81
INV00481,INV/2025/00481,2025-06-07,PO00506,GR00481,VEN028,767527.14,84427.99,2025-09-05,2025-08-02,paid,-9158.50
INV00482,INV/2025/00482,2025-06-17,PO00507,GR00482,VEN016,375131.19,41264.43,2025-08-01,2025-09-09,paid,4965.37
INV00483,INV/2024/00483,2024-09-24,PO00508,GR00483,VEN026,1153462.68,126880.90,2024-11-23,,overdue,-23734.88
INV00484,INV/2025/00484,2025-03-16,PO00509,GR00484,VEN007,194203.23,21362.36,2025-03-16,2025-04-06,paid,5250.09
INV00485,INV/2025/00485,2025-07-28,PO00511,GR00485,VEN017,14297567.03,1572732.37,2025-08-27,,overdue,195140.24
INV00486,INV/2025/00486,2025-07-13,PO00512,GR00486,VEN009,60693.46,6676.28,2025-09-11,2025-07-25,paid,-1051.51
INV00487,INV/2025/00487,2025-10-06,PO00513,GR00487,VEN013,1144588.12,125904.69,2025-11-05,2025-11-01,paid,31361.68
INV00488,INV/2024/00488,2024-11-19,PO00514,GR00488,VEN029,8445783.58,929036.19,2025-02-17,2025-03-18,paid,-156096.79
INV00489,INV/2025/00489,2025-09-18,PO00515,GR00489,VEN012,8669.42,953.64,2025-12-17,2025-10-24,paid,-111.70
INV00490,INV/2024/00490,2024-01-15,PO00517,GR00490,VEN009,826050.53,90865.56,2024-03-15,2024-04-15,paid,735262.81
INV00491,INV/2024/00491,2024-11-13,PO00518,GR00491,VEN003,596157.22,65577.29,2025-01-12,2025-02-10,paid,8439.92
INV00492,INV/2025/00492,2025-05-25,PO00519,GR00492,VEN008,3607.01,396.77,2025-07-24,,overdue,-28.06
INV00493,INV/2024/00493,2024-11-02,PO00520,GR00493,VEN016,2619.93,288.19,2024-11-02,2024-11-11,paid,24.47
INV00494,INV/2025/00494,2025-04-07,PO00521,GR00494,VEN002,836914.23,92060.57,2025-07-06,2025-05-07,paid,7782.74
INV00495,INV/2026/00495,2026-02-14,PO00522,GR00495,VEN003,45151.94,4966.71,2026-03-16,2026-03-15,paid,-92.00
INV00496,INV/2025/00496,2025-04-10,PO00523,GR00496,VEN025,872094.88,95930.44,2025-05-10,,overdue,656182.31
INV00497,INV/2024/00497,2024-03-14,PO00524,GR00497,VEN027,465685.58,51225.41,2024-06-12,2024-03-23,paid,4378.29
INV00498,INV/2024/00498,2024-12-09,PO00526,GR00498,VEN025,37434.64,4117.81,2025-01-08,2025-01-12,paid,-970.55
INV00499,INV/2025/00499,2025-06-18,PO00527,GR00499,VEN011,13864.61,1525.11,2025-06-18,,overdue,-216.01
INV00500,INV/2025/00500,2025-02-26,PO00528,GR00500,VEN027,13599.35,1495.93,2025-02-26,2025-04-03,paid,-297.66
INV00501,INV/2024/00501,2024-04-01,PO00529,GR00501,VEN009,8167.68,898.44,2024-04-01,2024-04-26,paid,-241.28
INV00502,INV/2024/00502,2024-06-06,PO00530,GR00502,VEN015,241185.70,26530.43,2024-06-21,2024-06-11,paid,-1066.48
INV00503,INV/2025/00503,2025-06-12,PO00531,GR00503,VEN008,770560.15,84761.62,2025-06-12,,overdue,19000.33
INV00504,INV/2024/00504,2024-05-04,PO00532,GR00504,VEN021,924.28,101.67,2024-07-03,2024-06-03,paid,26.13
INV00505,INV/2026/00505,2026-02-23,PO00533,GR00505,VEN024,17390.25,1912.93,2026-05-24,2026-04-27,paid,330.30
INV00506,INV/2025/00506,2025-12-06,PO00534,GR00506,VEN015,1574.91,173.24,2026-01-20,2026-02-21,paid,-18.91
INV00507,INV/2024/00507,2024-11-23,PO00535,GR00507,VEN012,35702.20,3927.24,2024-12-23,2024-12-04,paid,606.00
INV00508,INV/2024/00508,2024-03-05,PO00536,GR00508,VEN017,33732.13,3710.53,2024-04-04,2024-05-12,paid,-892.89
INV00509,INV/2024/00509,2024-03-24,PO00537,GR00509,VEN017,86448.05,9509.29,2024-04-08,2024-04-28,paid,814.83
INV00510,INV/2024/00510,2024-05-31,PO00538,GR00510,VEN008,855618.72,94118.06,2024-06-15,,overdue,-1241057.80
INV00511,INV/2025/00511,2025-11-17,PO00539,GR00511,VEN001,125681.30,13824.94,2025-11-17,2025-12-16,paid,-3348.73
INV00512,INV/2024/00512,2024-05-28,PO00540,GR00512,VEN010,2605.19,286.57,2024-07-12,2024-07-05,paid,-42.98
INV00513,INV/2024/00513,2024-08-30,PO00541,GR00513,VEN001,65675.02,7224.25,2024-10-29,2024-09-22,paid,1041.57
INV00514,INV/2024/00514,2024-09-21,PO00542,GR00514,VEN005,117274.80,12900.23,2024-12-20,2024-10-08,paid,2466.95
INV00515,INV/2024/00515,2024-04-23,PO00544,GR00515,VEN023,74384.28,8182.27,2024-06-22,2024-05-16,paid,1464.91
INV00516,INV/2024/00516,2024-04-04,PO00545,GR00516,VEN018,29477.12,3242.48,2024-04-19,,overdue,-97.74
INV00517,INV/2024/00517,2024-09-21,PO00546,GR00517,VEN020,1292672.93,142194.02,2024-10-06,2024-11-04,paid,32883.62
INV00518,INV/2024/00518,2024-07-16,PO00547,GR00518,VEN028,74973.46,8247.08,2024-07-31,2024-07-31,paid,1080.98
INV00519,INV/2025/00519,2025-09-20,PO00548,GR00519,VEN001,149141.63,16405.58,2025-09-20,2025-09-27,paid,2692.07
INV00520,INV/2025/00520,2025-12-16,PO00549,GR00520,VEN016,121499.45,13364.94,2026-01-15,2026-01-22,paid,-1941.28
INV00521,INV/2024/00521,2024-10-17,PO00550,GR00521,VEN007,109789.87,12076.89,2024-11-16,,overdue,-2646.02
INV00522,INV/2025/00522,2025-12-01,PO00551,GR00522,VEN027,38644.49,4250.89,2025-12-01,2025-12-10,paid,243.57
INV00523,INV/2025/00523,2025-08-26,PO00552,GR00523,VEN009,11439.24,1258.32,2025-09-10,2025-09-03,paid,-329.65
INV00524,INV/2025/00524,2025-08-14,PO00553,GR00524,VEN025,3322.86,365.51,2025-08-29,2025-09-19,paid,-1.80
INV00525,INV/2024/00525,2024-10-06,PO00554,GR00525,VEN027,2188363.53,240719.99,2024-11-05,2024-12-14,paid,-6182.22
INV00526,INV/2025/00526,2025-08-20,PO00555,GR00526,VEN017,77814.06,8559.55,2025-09-04,2025-08-30,paid,2131.59
INV00527,INV/2024/00527,2024-05-21,PO00556,GR00527,VEN005,23267.74,2559.45,2024-06-05,2024-07-07,paid,-304.10
INV00528,INV/2026/00528,2026-01-30,PO00557,GR00528,VEN014,1027146.91,112986.16,2026-02-14,2026-03-13,paid,17599.79
INV00529,INV/2025/00529,2025-11-12,PO00558,GR00529,VEN028,44516.17,4896.78,2025-11-27,2025-11-13,paid,-141.24
INV00530,INV/2025/00530,2025-06-09,PO00559,GR00530,VEN010,221757.49,24393.32,2025-07-09,2025-06-23,paid,3468.86
INV00531,INV/2026/00531,2026-01-06,PO00560,GR00531,VEN012,4394816.34,483429.80,2026-02-05,2026-03-14,paid,-43958.12
INV00532,INV/2024/00532,2024-07-26,PO00561,GR00532,VEN016,343244.89,37756.94,2024-09-24,2024-09-25,paid,3042.49
INV00533,INV/2025/00533,2025-01-27,PO00562,GR00533,VEN025,5283.95,581.23,2025-03-13,,overdue,148.27
INV00534,INV/2024/00534,2024-06-15,PO00563,GR00534,VEN028,20565.90,2262.25,2024-06-30,,overdue,436.70
INV00535,INV/2024/00535,2024-05-07,PO00564,GR00535,VEN016,660172.32,72618.96,2024-05-07,2024-05-19,paid,3519.60
INV00536,INV/2026/00536,2026-02-12,PO00565,GR00536,VEN015,10057.00,1106.27,2026-03-29,2026-03-04,paid,17.58
INV00537,INV/2025/00537,2025-04-12,PO00566,GR00537,VEN015,13692.95,1506.22,2025-07-11,,overdue,223.02
INV00538,INV/2025/00538,2025-01-24,PO00567,GR00538,VEN030,26310.81,2894.19,2025-03-25,2025-03-21,paid,712.52
INV00539,INV/2025/00539,2025-12-04,PO00568,GR00539,VEN014,298115.98,32792.76,2025-12-04,2025-12-18,paid,-8495.77
INV00540,INV/2024/00540,2024-09-17,PO00569,GR00540,VEN001,1192005.86,131120.64,2024-11-16,2024-10-24,paid,-4082.70
INV00541,INV/2025/00541,2025-01-11,PO00571,GR00541,VEN006,32274.05,3550.15,2025-01-26,,overdue,802.66
INV00542,INV/2026/00542,2026-01-14,PO00572,GR00542,VEN007,893798.08,98317.79,2026-02-13,2026-03-02,paid,878615.00
INV00543,INV/2025/00543,2025-04-08,PO00573,GR00543,VEN025,782.15,86.04,2025-05-23,2025-04-28,paid,12.47
INV00544,INV/2024/00544,2024-09-29,PO00574,GR00544,VEN025,23500.13,2585.01,2024-12-28,2025-01-26,paid,498.62
INV00545,INV/2024/00545,2024-05-31,PO00575,GR00545,VEN017,206384.15,22702.26,2024-07-30,2024-08-28,paid,-4528.63
INV00546,INV/2024/00546,2024-12-22,PO00576,GR00546,VEN011,10392.34,1143.16,2025-01-21,,overdue,-43.37
INV00547,INV/2024/00547,2024-10-02,PO00577,GR00547,VEN005,76529.03,8418.19,2024-12-01,2024-10-05,paid,-1933.35
INV00548,INV/2026/00548,2026-01-29,PO00578,GR00548,VEN012,23864.64,2625.11,2026-01-29,2026-02-13,paid,203.76
INV00549,INV/2025/00549,2025-05-18,PO00579,GR00549,VEN023,6588984.08,724788.25,2025-07-17,2025-08-11,paid,-131977.97
INV00550,INV/2025/00550,2025-05-28,PO00580,GR00550,VEN023,6609875.89,727086.35,2025-07-27,2025-06-14,paid,133124.23
INV00551,INV/2025/00551,2025-07-14,PO00581,GR00551,VEN004,602690.98,66296.01,2025-10-12,2025-08-03,paid,-7918.26
INV00552,INV/2024/00552,2024-11-19,PO00582,GR00552,VEN010,7840891.84,862498.10,2024-12-04,,overdue,64025.55
INV00553,INV/2024/00553,2024-06-14,PO00583,GR00553,VEN005,9617.83,1057.96,2024-07-14,2024-07-08,paid,234.90
INV00554,INV/2024/00554,2024-11-09,PO00584,GR00554,VEN015,109142.59,12005.68,2024-11-24,2024-12-22,paid,-266.69
INV00555,INV/2024/00555,2024-01-21,PO00585,GR00555,VEN023,171124.01,18823.64,2024-01-21,2024-02-08,paid,-4648.13
INV00556,INV/2025/00556,2025-09-18,PO00586,GR00556,VEN007,65040.80,7154.49,2025-11-17,2025-11-01,paid,894.61
INV00557,INV/2025/00557,2025-06-14,PO00587,GR00557,VEN012,155894.42,17148.39,2025-08-13,2025-09-16,paid,-4470.87
INV00558,INV/2025/00558,2025-07-20,PO00588,GR00558,VEN005,1636061.77,179966.79,2025-08-04,2025-09-13,paid,15434.06
INV00559,INV/2025/00559,2025-11-04,PO00590,GR00559,VEN008,33267.89,3659.47,2025-12-19,2025-12-13,paid,-561.94
INV00560,INV/2024/00560,2024-10-29,PO00591,GR00560,VEN012,60738.49,6681.23,2024-12-28,2024-12-24,paid,228.30
INV00561,INV/2024/00561,2024-05-06,PO00592,GR00561,VEN016,33723.32,3709.57,2024-05-06,2024-05-08,paid,-404.70
INV00562,INV/2024/00562,2024-07-29,PO00593,GR00562,VEN030,331325.41,36445.80,2024-08-13,2024-08-30,paid,-1290.64
INV00563,INV/2025/00563,2025-05-04,PO00594,GR00563,VEN024,233701.53,25707.17,2025-07-03,2025-07-30,paid,-3707.23
INV00564,INV/2025/00564,2025-09-25,PO00595,GR00564,VEN014,59003.84,6490.42,2025-09-25,,overdue,-208.56
INV00565,INV/2024/00565,2024-05-27,PO00596,GR00565,VEN013,2237994.09,246179.35,2024-05-27,,overdue,37678.78
INV00566,INV/2024/00566,2024-04-20,PO00597,GR00566,VEN026,1076668.44,118433.53,2024-05-05,2024-05-29,paid,2337.83
INV00567,INV/2025/00567,2025-02-15,PO00598,GR00567,VEN020,23185.57,2550.41,2025-04-01,,overdue,56.76
INV00568,INV/2024/00568,2024-07-31,PO00599,GR00568,VEN024,182560.38,20081.64,2024-09-14,2024-08-18,paid,912.42
INV00569,INV/2024/00569,2024-09-22,PO00600,GR00569,VEN027,98389.34,10822.83,2024-11-06,2024-11-25,paid,1966.08
INV00570,INV/2025/00570,2025-09-01,PO00601,GR00570,VEN014,30240.70,3326.48,2025-09-01,,overdue,195.39
INV00571,INV/2025/00571,2025-03-06,PO00602,GR00571,VEN003,22050.26,2425.53,2025-03-06,2025-04-14,paid,127.28
INV00572,INV/2024/00572,2024-04-15,PO00603,GR00572,VEN011,46658.27,5132.41,2024-04-15,,overdue,-1002.53
INV00573,INV/2024/00573,2024-10-04,PO00604,GR00573,VEN023,695907.87,76549.87,2024-10-04,2024-10-26,paid,11189.27
INV00574,INV/2025/00574,2025-05-23,PO00605,GR00574,VEN028,41109.98,4522.10,2025-06-07,2025-06-03,paid,132.81
INV00575,INV/2025/00575,2025-04-08,PO00606,GR00575,VEN030,249127.70,27404.05,2025-06-07,,overdue,-3687.18
INV00576,INV/2024/00576,2024-06-16,PO00607,GR00576,VEN003,837917.44,92170.92,2024-08-15,2024-07-25,paid,592474.04
INV00577,INV/2026/00577,2026-01-17,PO00608,GR00577,VEN027,37325.76,4105.83,2026-03-18,2026-04-21,paid,-1121.63
INV00578,INV/2025/00578,2025-03-09,PO00609,GR00578,VEN015,267592.60,29435.19,2025-04-08,,overdue,889.67
INV00579,INV/2025/00579,2025-09-08,PO00611,GR00579,VEN025,180253.76,19827.91,2025-12-07,2025-11-01,paid,731.98
INV00580,INV/2024/00580,2024-09-26,PO00612,GR00580,VEN019,134999.34,14849.93,2024-10-26,2024-10-17,paid,1990.22
INV00581,INV/2025/00581,2025-10-15,PO00613,GR00581,VEN028,89051.77,9795.70,2026-01-13,2026-01-16,paid,359.81
INV00582,INV/2025/00582,2025-12-29,PO00614,GR00582,VEN012,1537225.43,169094.80,2025-12-29,2026-01-12,paid,-11288.46
INV00583,INV/2024/00583,2024-11-21,PO00615,GR00583,VEN002,276124.31,30373.67,2024-12-06,2024-12-09,paid,-80.29
INV00584,INV/2025/00584,2025-04-17,PO00616,GR00584,VEN021,913517.13,100486.88,2025-06-01,2025-05-20,paid,904488.82
INV00585,INV/2024/00585,2024-10-26,PO00617,GR00585,VEN028,41570.17,4572.72,2024-11-25,2024-11-29,paid,1201.01
INV00586,INV/2025/00586,2025-04-16,PO00618,GR00586,VEN009,132146.06,14536.07,2025-04-16,2025-05-24,paid,-3022.01
INV00587,INV/2026/00587,2026-01-10,PO00619,GR00587,VEN030,9765972.71,1074257.00,2026-03-11,2026-01-11,paid,245456.01
INV00588,INV/2025/00588,2025-11-08,PO00622,GR00588,VEN003,36215.89,3983.75,2026-01-07,2025-11-28,paid,817.65
INV00589,INV/2025/00589,2025-07-14,PO00623,GR00589,VEN012,578983.20,63688.15,2025-08-13,2025-07-18,paid,-3241.06
INV00590,INV/2025/00590,2025-02-16,PO00624,GR00590,VEN020,848740.78,93361.49,2025-04-02,2025-03-25,paid,839735.18
INV00591,INV/2025/00591,2025-12-11,PO00625,GR00591,VEN029,590958.83,65005.47,2026-03-11,2026-03-16,paid,-3664.04
INV00592,INV/2024/00592,2024-06-01,PO00626,GR00592,VEN002,859106.27,94501.69,2024-06-01,2024-06-12,paid,839744.01
INV00593,INV/2024/00593,2024-10-11,PO00627,GR00593,VEN013,14146.61,1556.13,2024-11-10,,overdue,36.69
INV00594,INV/2025/00594,2025-11-20,PO00628,GR00594,VEN018,15711.07,1728.22,2026-01-19,2026-02-26,paid,-231.82
INV00595,INV/2025/00595,2025-05-13,PO00629,GR00595,VEN020,641855.34,70604.09,2025-06-12,2025-06-17,paid,9821.97
INV00596,INV/2025/00596,2025-03-19,PO00630,GR00596,VEN003,2614537.13,287599.08,2025-06-17,2025-06-11,paid,65496.43
INV00597,INV/2025/00597,2025-12-03,PO00632,GR00597,VEN026,44334.98,4876.85,2026-01-02,,unpaid,-1263.55
INV00598,INV/2024/00598,2024-11-09,PO00633,GR00598,VEN019,95105.43,10461.60,2025-01-08,2024-11-27,paid,-2477.77
INV00599,INV/2025/00599,2025-10-14,PO00634,GR00599,VEN026,34472.73,3792.00,2025-11-13,2025-10-21,paid,-351.54
INV00600,INV/2025/00600,2025-10-18,PO00635,GR00600,VEN005,23069.02,2537.59,2025-12-02,2025-12-11,paid,41.07
INV00601,INV/2025/00601,2025-04-17,PO00636,GR00601,VEN023,956998.33,105269.82,2025-04-17,2025-04-21,paid,829812.71
INV00602,INV/2025/00602,2025-02-28,PO00637,GR00602,VEN008,11392.37,1253.16,2025-03-15,2025-03-07,paid,-83.60
INV00603,INV/2024/00603,2024-12-03,PO00638,GR00603,VEN002,72005.71,7920.63,2025-02-01,,overdue,1491.34
INV00604,INV/2024/00604,2024-12-21,PO00639,GR00604,VEN016,63777.85,7015.56,2025-02-04,2025-02-11,paid,-1773.87
INV00605,INV/2024/00605,2024-03-12,PO00640,GR00605,VEN015,102152.62,11236.79,2024-06-10,2024-06-15,paid,-2919.41
INV00606,INV/2025/00606,2025-11-19,PO00642,GR00606,VEN018,865695.26,95226.48,2025-11-19,2025-12-10,paid,-13434.03
INV00607,INV/2024/00607,2024-07-05,PO00643,GR00607,VEN012,162278.07,17850.59,2024-08-04,2024-07-13,paid,656.10
INV00608,INV/2025/00608,2025-12-30,PO00644,GR00608,VEN025,18155.50,1997.10,2026-02-13,2026-01-25,paid,520.39
INV00609,INV/2024/00609,2024-06-01,PO00645,GR00609,VEN028,140119.14,15413.11,2024-07-31,2024-07-24,paid,-353.52
INV00610,INV/2024/00610,2024-08-21,PO00646,GR00610,VEN030,6417.82,705.96,2024-09-20,2024-10-06,paid,9.80
INV00611,INV/2025/00611,2025-01-24,PO00647,GR00611,VEN021,12247.72,1347.25,2025-03-25,2025-03-22,paid,290.41
INV00612,INV/2024/00612,2024-06-21,PO00648,GR00612,VEN009,42500.05,4675.00,2024-07-21,2024-07-30,paid,34.37
INV00613,INV/2024/00613,2024-08-04,PO00649,GR00613,VEN018,49033.41,5393.68,2024-08-19,2024-09-26,paid,-1024.41
INV00614,INV/2024/00614,2024-04-04,PO00650,GR00614,VEN020,20701749.66,2277192.46,2024-04-19,2024-05-26,paid,-84482.85
INV00615,INV/2026/00615,2026-01-27,PO00651,GR00615,VEN013,2090357.90,229939.37,2026-04-27,2026-02-15,paid,-54161.13
INV00616,INV/2025/00616,2025-06-24,PO00652,GR00616,VEN018,93889.91,10327.89,2025-08-08,2025-09-17,paid,-2502.42
INV00617,INV/2025/00617,2025-03-26,PO00656,GR00617,VEN018,40522.21,4457.44,2025-04-25,2025-04-14,paid,172.43
INV00618,INV/2025/00618,2025-09-14,PO00657,GR00618,VEN025,190184.69,20920.32,2025-09-14,2025-10-05,paid,-3192.76
INV00619,INV/2024/00619,2024-12-08,PO00658,GR00619,VEN008,34837.14,3832.08,2024-12-08,2024-12-21,paid,969.54
INV00620,INV/2024/00620,2024-02-28,PO00659,GR00620,VEN012,7600.29,836.03,2024-04-13,2024-03-22,paid,-87.48
INV00621,INV/2026/00621,2026-01-09,PO00660,GR00621,VEN018,28725.49,3159.80,2026-02-08,2026-03-18,paid,-447.62
INV00622,INV/2025/00622,2025-09-30,PO00661,GR00622,VEN025,18489.04,2033.79,2025-09-30,2025-11-08,paid,-458.26
INV00623,INV/2024/00623,2024-03-02,PO00662,GR00623,VEN029,820753.80,90282.92,2024-04-01,2024-04-26,paid,807390.07
INV00624,INV/2024/00624,2024-08-05,PO00663,GR00624,VEN011,1773682.63,195105.09,2024-08-20,2024-08-28,paid,-33079.62
INV00625,INV/2025/00625,2025-12-30,PO00664,GR00625,VEN029,14864.59,1635.10,2026-02-28,2026-02-24,paid,326.06
INV00626,INV/2025/00626,2025-01-21,PO00665,GR00626,VEN015,1203431.02,132377.41,2025-03-07,2025-01-29,paid,14739.41
INV00627,INV/2024/00627,2024-03-15,PO00666,GR00627,VEN024,1865.42,205.20,2024-03-30,2024-03-22,paid,20.05
INV00628,INV/2024/00628,2024-07-05,PO00667,GR00628,VEN029,58021.57,6382.37,2024-09-03,,overdue,617.11
INV00629,INV/2025/00629,2025-07-03,PO00668,GR00629,VEN015,359210.10,39513.11,2025-09-01,2025-08-16,paid,9574.69
INV00630,INV/2025/00630,2025-01-31,PO00669,GR00630,VEN008,204008.09,22440.89,2025-03-17,2025-03-25,paid,1686.16
INV00631,INV/2024/00631,2024-09-18,PO00670,GR00631,VEN019,42579.23,4683.72,2024-10-18,2024-11-20,paid,317.66
INV00632,INV/2024/00632,2024-12-23,PO00671,GR00632,VEN019,30975.66,3407.32,2025-02-06,2025-01-26,paid,737.80
INV00633,INV/2025/00633,2025-10-13,PO00672,GR00633,VEN029,5522961.70,607525.79,2026-01-11,2025-12-24,paid,-95527.92
INV00634,INV/2025/00634,2025-10-02,PO00673,GR00634,VEN029,5433316.31,597664.79,2025-10-17,2025-10-15,paid,-19500.62
INV00635,INV/2024/00635,2024-08-03,PO00674,GR00635,VEN004,44670.63,4913.77,2024-09-02,2024-09-04,paid,-812.74
INV00636,INV/2026/00636,2026-01-16,PO00675,GR00636,VEN017,935036.84,102854.05,2026-04-16,2026-02-06,paid,765904.66
INV00637,INV/2024/00637,2024-11-25,PO00676,GR00637,VEN009,112294.35,12352.38,2024-11-25,2024-12-06,paid,2435.69
INV00638,INV/2024/00638,2024-03-08,PO00677,GR00638,VEN007,202975.39,22327.29,2024-03-08,2024-04-03,paid,-102.96
INV00639,INV/2025/00639,2025-03-21,PO00678,GR00639,VEN016,9351.83,1028.70,2025-05-05,2025-05-16,paid,52.95
INV00640,INV/2024/00640,2024-04-22,PO00679,GR00640,VEN005,390362.93,42939.92,2024-04-22,2024-05-29,paid,-4267.15
INV00641,INV/2025/00641,2025-05-15,PO00680,GR00641,VEN015,13510.55,1486.16,2025-06-29,2025-05-22,paid,-255.02
INV00642,INV/2025/00642,2025-11-25,PO00681,GR00642,VEN027,439428.96,48337.19,2026-01-24,2025-12-26,paid,-2901.17
INV00643,INV/2024/00643,2024-04-08,PO00682,GR00643,VEN007,21726.14,2389.87,2024-07-07,,overdue,-304.24
INV00644,INV/2025/00644,2025-11-08,PO00683,GR00644,VEN004,30045.85,3305.04,2025-12-08,2025-11-25,paid,143.71
INV00645,INV/2025/00645,2025-04-25,PO00684,GR00645,VEN003,81610.84,8977.19,2025-05-25,2025-05-07,paid,2140.62
INV00646,INV/2024/00646,2024-03-05,PO00685,GR00646,VEN028,8056.07,886.17,2024-04-04,2024-05-09,paid,-165.17
INV00647,INV/2025/00647,2025-01-24,PO00687,GR00647,VEN018,673565.31,74092.18,2025-02-23,2025-03-15,paid,11426.19
INV00648,INV/2025/00648,2025-03-31,PO00688,GR00648,VEN001,17131.45,1884.46,2025-05-30,2025-05-07,paid,-282.26
INV00649,INV/2024/00649,2024-09-16,PO00689,GR00649,VEN019,59595.68,6555.53,2024-10-01,2024-10-29,paid,1468.80
INV00650,INV/2025/00650,2025-05-02,PO00690,GR00650,VEN002,86600.78,9526.09,2025-05-02,2025-05-13,paid,-1529.69
INV00651,INV/2025/00651,2025-03-12,PO00691,GR00651,VEN023,603005.27,66330.58,2025-06-10,2025-05-14,paid,16602.13
INV00652,INV/2025/00652,2025-07-07,PO00692,GR00652,VEN019,930957.91,102405.37,2025-07-22,,overdue,807723.86
INV00653,INV/2024/00653,2024-01-24,PO00693,GR00653,VEN019,6057.99,666.38,2024-04-23,2024-01-28,paid,48.89
INV00654,INV/2024/00654,2024-11-07,PO00695,GR00654,VEN019,3334.69,366.82,2024-12-22,2024-11-29,paid,-82.27
INV00655,INV/2025/00655,2025-03-24,PO00696,GR00655,VEN004,178711.38,19658.25,2025-03-24,,overdue,1154.13
INV00656,INV/2025/00656,2025-07-26,PO00697,GR00656,VEN015,76391.73,8403.09,2025-09-09,,overdue,1824.40
INV00657,INV/2024/00657,2024-07-28,PO00698,GR00657,VEN023,32948.61,3624.35,2024-08-27,2024-09-24,paid,-678.88
INV00658,INV/2026/00658,2026-01-28,PO00699,GR00658,VEN014,128206.72,14102.74,2026-03-14,,unpaid,-1379.35
INV00659,INV/2025/00659,2025-11-03,PO00700,GR00659,VEN029,662962.13,72925.83,2026-01-02,2025-12-13,paid,-1062.93
INV00660,INV/2024/00660,2024-03-24,PO00701,GR00660,VEN014,41987.75,4618.65,2024-04-08,2024-04-30,paid,-1018.60
INV00661,INV/2024/00661,2024-07-21,PO00702,GR00661,VEN021,16880.03,1856.80,2024-07-21,,overdue,310.17
INV00662,INV/2025/00662,2025-05-19,PO00703,GR00662,VEN006,173994.00,19139.34,2025-06-18,2025-05-28,paid,1111.32
INV00663,INV/2026/00663,2026-02-02,PO00704,GR00663,VEN011,912642.47,100390.67,2026-03-04,2026-02-21,paid,892135.69
INV00664,INV/2025/00664,2025-11-27,PO00705,GR00664,VEN020,102425.87,11266.85,2025-11-27,2026-01-05,paid,1199.71
INV00665,INV/2024/00665,2024-11-14,PO00706,GR00665,VEN016,742791.61,81707.08,2024-12-29,2025-01-13,paid,15474.17
INV00666,INV/2025/00666,2025-01-08,PO00707,GR00666,VEN014,72583.03,7984.13,2025-04-08,2025-04-09,paid,-61.72
INV00667,INV/2024/00667,2024-04-29,PO00708,GR00667,VEN027,58604.30,6446.47,2024-04-29,2024-05-26,paid,-559.13
INV00668,INV/2025/00668,2025-01-29,PO00709,GR00668,VEN011,9060067.85,996607.46,2025-02-28,2025-02-07,paid,85622.50
INV00669,INV/2025/00669,2025-01-10,PO00710,GR00669,VEN011,8688044.30,955684.87,2025-01-25,,overdue,91289.06
INV00670,INV/2025/00670,2025-06-02,PO00711,GR00670,VEN011,77856.94,8564.26,2025-06-02,2025-06-04,paid,-891.47
INV00671,INV/2024/00671,2024-08-17,PO00712,GR00671,VEN010,82410.88,9065.20,2024-10-16,2024-08-28,paid,2184.02
INV00672,INV/2025/00672,2025-10-28,PO00713,GR00672,VEN009,132166.98,14538.37,2025-11-12,2025-11-05,paid,2046.22
INV00673,INV/2025/00673,2025-04-20,PO00714,GR00673,VEN019,121574.54,13373.20,2025-07-19,2025-06-05,paid,-1300.41
INV00674,INV/2024/00674,2024-10-19,PO00715,GR00674,VEN021,52502.60,5775.29,2024-10-19,2024-11-24,paid,182.21
INV00675,INV/2025/00675,2025-08-14,PO00716,GR00675,VEN021,5124772.14,563724.94,2025-09-28,2025-11-06,paid,98168.17
INV00676,INV/2025/00676,2025-12-25,PO00717,GR00676,VEN001,21686.29,2385.49,2026-01-24,2026-02-05,paid,-257.26
INV00677,INV/2025/00677,2025-04-20,PO00718,GR00677,VEN017,184039.69,20244.37,2025-07-19,2025-07-13,paid,-4831.66
INV00678,INV/2025/00678,2025-02-07,PO00719,GR00678,VEN016,1372822.39,151010.46,2025-02-07,,overdue,4552.15
INV00679,INV/2025/00679,2025-04-15,PO00720,GR00679,VEN028,111948.21,12314.30,2025-05-30,2025-06-27,paid,-2692.77
INV00680,INV/2025/00680,2025-07-16,PO00721,GR00680,VEN021,3076.26,338.39,2025-08-30,2025-09-22,paid,-74.47
INV00681,INV/2025/00681,2025-03-20,PO00722,GR00681,VEN008,407232.22,44795.54,2025-05-04,2025-05-14,paid,-12448.46
INV00682,INV/2024/00682,2024-09-08,PO00723,GR00682,VEN025,50640.62,5570.47,2024-11-07,2024-11-14,paid,1234.26
INV00683,INV/2025/00683,2025-04-27,PO00724,GR00683,VEN021,4367.39,480.41,2025-05-12,2025-06-09,paid,-52.98
INV00684,INV/2024/00684,2024-08-17,PO00725,GR00684,VEN020,12222.65,1344.49,2024-09-16,,overdue,-155.82
INV00685,INV/2024/00685,2024-06-11,PO00726,GR00685,VEN008,1055332.31,116086.55,2024-09-09,2024-10-02,paid,-28678.00
INV00686,INV/2025/00686,2025-07-02,PO00727,GR00686,VEN013,114254.06,12567.95,2025-07-17,2025-08-26,paid,3150.21
INV00687,INV/2025/00687,2025-12-10,PO00728,GR00687,VEN019,1969516.52,216646.82,2025-12-10,2025-12-14,paid,-38864.90
INV00688,INV/2025/00688,2025-03-12,PO00729,GR00688,VEN028,28800.55,3168.06,2025-03-27,2025-03-29,paid,690.29
INV00689,INV/2024/00689,2024-08-30,PO00730,GR00689,VEN007,23741435.31,2611557.88,2024-11-28,,overdue,-261685.49
INV00690,INV/2024/00690,2024-02-28,PO00731,GR00690,VEN012,11464.09,1261.05,2024-03-14,2024-04-03,paid,-140.61
INV00691,INV/2025/00691,2025-10-06,PO00732,GR00691,VEN018,660017.90,72601.97,2025-11-20,2025-11-06,paid,2798.30
INV00692,INV/2024/00692,2024-09-11,PO00733,GR00692,VEN023,222177.59,24439.53,2024-12-10,2024-09-27,paid,-6357.13
INV00693,INV/2024/00693,2024-07-18,PO00734,GR00693,VEN005,62571.89,6882.91,2024-07-18,2024-08-06,paid,-1261.20
INV00694,INV/2024/00694,2024-09-12,PO00735,GR00694,VEN009,165958.39,18255.42,2024-09-12,2024-10-18,paid,-2456.60
INV00695,INV/2024/00695,2024-08-24,PO00736,GR00695,VEN017,224355.77,24679.13,2024-10-08,2024-08-26,paid,-382.07
INV00696,INV/2025/00696,2025-02-10,PO00737,GR00696,VEN023,892470.42,98171.75,2025-02-10,,overdue,546022.21
INV00697,INV/2024/00697,2024-03-05,PO00738,GR00697,VEN025,93858.73,10324.46,2024-05-04,,overdue,556.54
INV00698,INV/2025/00698,2025-12-18,PO00739,GR00698,VEN007,8340.17,917.42,2025-12-18,2025-12-21,paid,-10.38
INV00699,INV/2024/00699,2024-03-07,PO00740,GR00699,VEN030,964055.21,106046.07,2024-04-06,2024-04-30,paid,2194.70
INV00700,INV/2025/00700,2025-02-15,PO00742,GR00700,VEN002,3894.03,428.34,2025-03-17,2025-04-19,paid,-107.83
INV00701,INV/2024/00701,2024-08-15,PO00743,GR00701,VEN017,36241.33,3986.55,2024-10-14,2024-11-15,paid,-692.48
INV00702,INV/2025/00702,2025-10-27,PO00746,GR00702,VEN019,7179.35,789.73,2025-11-26,2025-12-22,paid,124.02
INV00703,INV/2025/00703,2025-12-24,PO00747,GR00703,VEN024,856655.28,94232.08,2026-02-07,,unpaid,854379.92
INV00704,INV/2024/00704,2024-07-03,PO00748,GR00704,VEN002,234843.87,25832.83,2024-09-01,2024-07-12,paid,-358.14
INV00705,INV/2024/00705,2024-10-16,PO00749,GR00705,VEN026,31802.25,3498.25,2024-11-30,,overdue,360.30
INV00706,INV/2025/00706,2025-09-14,PO00750,GR00706,VEN025,803390.69,88372.98,2025-10-14,2025-11-20,paid,194066.41
INV00707,INV/2024/00707,2024-11-05,PO00751,GR00707,VEN027,20431.99,2247.52,2025-02-03,2024-11-30,paid,312.67
INV00708,INV/2025/00708,2025-08-28,PO00752,GR00708,VEN010,792658.58,87192.44,2025-08-28,2025-09-18,paid,-8625.27
INV00709,INV/2024/00709,2024-11-11,PO00753,GR00709,VEN017,334311.93,36774.31,2024-11-11,2024-12-20,paid,7945.87
INV00710,INV/2025/00710,2025-04-19,PO00754,GR00710,VEN012,969844.60,106682.91,2025-06-03,2025-05-07,paid,26032.34
INV00711,INV/2025/00711,2025-11-21,PO00755,GR00711,VEN001,885254.88,97378.04,2025-11-21,,overdue,790006.68
INV00712,INV/2024/00712,2024-05-01,PO00756,GR00712,VEN017,105098.19,11560.80,2024-05-01,2024-05-22,paid,-2380.86
INV00713,INV/2025/00713,2025-03-25,PO00757,GR00713,VEN019,185222.27,20374.45,2025-06-23,2025-06-24,paid,57.57
INV00714,INV/2025/00714,2025-10-13,PO00758,GR00714,VEN018,955147.93,105066.27,2025-10-13,2025-10-31,paid,914645.07
INV00715,INV/2025/00715,2025-12-23,PO00759,GR00715,VEN029,4997988.90,549778.78,2026-03-23,2025-12-26,paid,104008.96
INV00716,INV/2024/00716,2024-10-18,PO00760,GR00716,VEN029,142646.57,15691.12,2025-01-16,2024-11-02,paid,1935.86
INV00717,INV/2025/00717,2025-06-22,PO00761,GR00717,VEN010,157892.71,17368.20,2025-06-22,2025-06-26,paid,-2885.80
INV00718,INV/2024/00718,2024-12-02,PO00762,GR00718,VEN015,826933.26,90962.66,2024-12-02,2025-01-10,paid,737381.60
INV00719,INV/2024/00719,2024-07-06,PO00764,GR00719,VEN003,173081.81,19039.00,2024-08-20,,overdue,3598.42
INV00720,INV/2024/00720,2024-09-27,PO00765,GR00720,VEN021,41650.33,4581.54,2024-10-27,2024-10-11,paid,107.02
INV00721,INV/2025/00721,2025-10-23,PO00766,GR00721,VEN009,822185.55,90440.41,2026-01-21,2026-02-28,paid,239110.38
INV00722,INV/2024/00722,2024-05-06,PO00767,GR00722,VEN014,296481.83,32613.00,2024-07-05,2024-07-13,paid,-2424.03
INV00723,INV/2025/00723,2025-09-18,PO00768,GR00723,VEN029,4011.70,441.29,2025-11-17,2025-11-05,paid,100.39
INV00724,INV/2024/00724,2024-07-27,PO00769,GR00724,VEN021,7032.18,773.54,2024-09-10,2024-09-26,paid,-54.49
INV00725,INV/2025/00725,2025-03-17,PO00770,GR00725,VEN014,80815.39,8889.69,2025-05-01,2025-04-24,paid,2032.29
INV00726,INV/2025/00726,2025-05-09,PO00771,GR00726,VEN013,1441260.46,158538.65,2025-08-07,2025-09-04,paid,4621.59
INV00727,INV/2026/00727,2026-01-07,PO00772,GR00727,VEN016,24912.09,2740.33,2026-04-07,2026-02-16,paid,533.96
INV00728,INV/2024/00728,2024-08-14,PO00773,GR00728,VEN016,2903.25,319.36,2024-09-13,2024-09-15,paid,-22.58
INV00729,INV/2024/00729,2024-04-19,PO00774,GR00729,VEN024,104754.26,11522.97,2024-05-04,,overdue,499.51
INV00730,INV/2026/00730,2026-02-05,PO00775,GR00730,VEN003,231679.33,25484.73,2026-02-05,2026-03-10,paid,1708.43
INV00731,INV/2024/00731,2024-08-28,PO00776,GR00731,VEN010,23323.80,2565.62,2024-09-27,2024-10-16,paid,469.21
INV00732,INV/2024/00732,2024-09-11,PO00777,GR00732,VEN010,161471.13,17761.82,2024-12-10,,overdue,4169.91
INV00733,INV/2025/00733,2025-02-05,PO00778,GR00733,VEN009,223256.07,24558.17,2025-04-06,2025-04-17,paid,-199.69
INV00734,INV/2025/00734,2025-10-15,PO00779,GR00734,VEN024,4808186.28,528900.49,2025-12-14,2025-12-01,paid,-85794.89
INV00735,INV/2025/00735,2025-08-23,PO00780,GR00735,VEN030,68008.96,7480.99,2025-10-07,2025-10-18,paid,-1563.83
INV00736,INV/2025/00736,2025-06-26,PO00781,GR00736,VEN021,180252.83,19827.81,2025-07-11,2025-06-29,paid,4199.55
INV00737,INV/2024/00737,2024-05-18,PO00782,GR00737,VEN028,17301.78,1903.20,2024-05-18,2024-06-22,paid,-153.31
INV00738,INV/2024/00738,2024-11-04,PO00783,GR00738,VEN028,41117.51,4522.93,2024-11-04,,overdue,-405.22
INV00739,INV/2025/00739,2025-07-31,PO00784,GR00739,VEN011,357138.01,39285.18,2025-07-31,2025-08-13,paid,544.61
INV00740,INV/2025/00740,2025-11-22,PO00785,GR00740,VEN001,2687699.19,295646.91,2026-01-06,2025-12-07,paid,27235.86
INV00741,INV/2025/00741,2025-12-24,PO00786,GR00741,VEN016,979692.09,107766.13,2025-12-24,2026-01-06,paid,963102.38
INV00742,INV/2024/00742,2024-05-12,PO00787,GR00742,VEN026,14323.23,1575.56,2024-06-26,,overdue,-256.25
INV00743,INV/2025/00743,2025-03-08,PO00788,GR00743,VEN008,8556.63,941.23,2025-04-07,2025-03-20,paid,152.57
INV00744,INV/2025/00744,2025-02-25,PO00789,GR00744,VEN008,1250828.06,137591.09,2025-04-26,2025-04-30,paid,15809.80
INV00745,INV/2025/00745,2025-03-26,PO00790,GR00745,VEN017,194410.44,21385.15,2025-05-25,2025-05-17,paid,-4873.59
INV00746,INV/2025/00746,2025-10-03,PO00792,GR00746,VEN009,325034.38,35753.78,2025-10-18,2025-11-26,paid,7795.95
INV00747,INV/2024/00747,2024-05-16,PO00793,GR00747,VEN014,18355.74,2019.13,2024-05-16,2024-06-01,paid,463.08
INV00748,INV/2024/00748,2024-11-05,PO00795,GR00748,VEN016,285460.34,31400.64,2024-11-05,,overdue,-2984.53
INV00749,INV/2025/00749,2025-02-25,PO00796,GR00749,VEN005,829599.31,91255.92,2025-03-12,2025-04-04,paid,557257.15
INV00750,INV/2025/00750,2025-01-19,PO00797,GR00750,VEN004,119924.27,13191.67,2025-02-18,2025-02-25,paid,-945.57
INV00751,INV/2025/00751,2025-10-13,PO00798,GR00751,VEN008,20744.57,2281.90,2026-01-11,,unpaid,-418.35
INV00752,INV/2024/00752,2024-07-07,PO00799,GR00752,VEN016,13920.65,1531.27,2024-07-07,2024-07-12,paid,13.24
INV00753,INV/2024/00753,2024-10-15,PO00800,GR00753,VEN027,105620.15,11618.22,2024-12-14,2024-10-28,paid,118.91
INV00754,INV/2024/00754,2024-03-11,PO00801,GR00754,VEN013,41794.99,4597.45,2024-04-25,,overdue,-731.89
INV00755,INV/2024/00755,2024-03-28,PO00802,GR00755,VEN004,12920.08,1421.21,2024-05-12,2024-05-02,paid,-362.55
INV00756,INV/2024/00756,2024-12-11,PO00803,GR00756,VEN030,27953.44,3074.88,2024-12-26,2025-01-29,paid,-844.63
INV00757,INV/2024/00757,2024-05-10,PO00804,GR00757,VEN030,139059.90,15296.59,2024-05-25,,overdue,-2054.20
INV00758,INV/2026/00758,2026-02-03,PO00806,GR00758,VEN024,15739.52,1731.35,2026-02-18,2026-02-11,paid,178.13
INV00759,INV/2025/00759,2025-06-25,PO00807,GR00759,VEN010,949713.12,104468.44,2025-08-09,2025-06-28,paid,742639.24
INV00760,INV/2024/00760,2024-10-30,PO00808,GR00760,VEN012,967335.86,106406.94,2024-10-30,2024-12-07,paid,743023.15
INV00761,INV/2025/00761,2025-03-11,PO00809,GR00761,VEN023,129495.83,14244.54,2025-06-09,2025-07-05,paid,3769.43
INV00762,INV/2024/00762,2024-03-18,PO00810,GR00762,VEN026,425852.71,46843.80,2024-06-16,2024-03-24,paid,-2839.89
INV00763,INV/2025/00763,2025-02-05,PO00811,GR00763,VEN002,996386.45,109602.51,2025-03-22,2025-02-21,paid,818945.09
INV00764,INV/2024/00764,2024-07-17,PO00812,GR00764,VEN027,350484.27,38553.27,2024-08-16,2024-08-26,paid,-1191.88
INV00765,INV/2025/00765,2025-06-19,PO00813,GR00765,VEN026,27826.77,3060.94,2025-07-19,2025-08-09,paid,-228.23
INV00766,INV/2024/00766,2024-03-04,PO00814,GR00766,VEN012,14959.57,1645.55,2024-04-18,,overdue,293.74
INV00767,INV/2025/00767,2025-08-02,PO00815,GR00767,VEN028,30295.05,3332.46,2025-08-17,2025-09-20,paid,533.63
INV00768,INV/2025/00768,2025-05-25,PO00816,GR00768,VEN009,44073.09,4848.04,2025-08-23,2025-08-28,paid,162.71
INV00769,INV/2025/00769,2025-09-12,PO00817,GR00769,VEN012,155087.63,17059.64,2025-10-12,,overdue,4054.04
INV00770,INV/2024/00770,2024-04-13,PO00818,GR00770,VEN022,957576.97,105333.47,2024-07-12,2024-04-15,paid,-951795.53
INV00771,INV/2025/00771,2025-10-10,PO00819,GR00771,VEN010,4078476.84,448632.45,2025-10-25,2025-11-23,paid,98292.68
INV00772,INV/2025/00772,2025-12-25,PO00820,GR00772,VEN019,101243.15,11136.75,2026-01-24,2026-01-08,paid,2381.74
INV00773,INV/2025/00773,2025-04-13,PO00821,GR00773,VEN014,32085.28,3529.38,2025-04-13,2025-04-20,paid,608.80
INV00774,INV/2025/00774,2025-04-23,PO00822,GR00774,VEN027,1752128.72,192734.16,2025-07-22,2025-05-06,paid,19299.79
INV00775,INV/2025/00775,2025-01-19,PO00823,GR00775,VEN029,159674.48,17564.19,2025-03-20,2025-02-04,paid,2076.08
INV00776,INV/2025/00776,2025-01-12,PO00824,GR00776,VEN030,2244364.53,246880.10,2025-02-26,2025-02-08,paid,-27029.20
INV00777,INV/2024/00777,2024-07-09,PO00826,GR00777,VEN005,154017.49,16941.92,2024-10-07,2024-11-15,paid,2129.69
INV00778,INV/2025/00778,2025-07-15,PO00827,GR00778,VEN027,986808.65,108548.95,2025-07-30,,overdue,-63083.26
INV00779,INV/2025/00779,2025-10-27,PO00828,GR00779,VEN004,867031.62,95373.48,2025-12-26,2025-12-07,paid,668153.43
INV00780,INV/2024/00780,2024-09-01,PO00829,GR00780,VEN016,62558.84,6881.47,2024-09-16,2024-10-18,paid,1759.01
INV00781,INV/2024/00781,2024-06-22,PO00830,GR00781,VEN006,1069851.07,117683.62,2024-06-22,,overdue,3978.89
INV00782,INV/2024/00782,2024-07-23,PO00831,GR00782,VEN015,93381.37,10271.95,2024-09-06,2024-07-31,paid,-1788.92
INV00783,INV/2025/00783,2025-02-27,PO00832,GR00783,VEN002,7666.32,843.29,2025-04-28,2025-04-08,paid,-185.44
INV00784,INV/2024/00784,2024-03-23,PO00833,GR00784,VEN029,326354.52,35899.00,2024-05-07,2024-04-01,paid,-8867.61
INV00785,INV/2024/00785,2024-12-08,PO00834,GR00785,VEN025,2747939.34,302273.33,2024-12-08,2025-01-11,paid,28247.65
INV00786,INV/2024/00786,2024-03-31,PO00835,GR00786,VEN013,3542.78,389.71,2024-06-29,2024-08-02,paid,-51.36
INV00787,INV/2025/00787,2025-12-21,PO00836,GR00787,VEN019,20564.49,2262.09,2025-12-21,2026-01-24,paid,-37.61
INV00788,INV/2024/00788,2024-10-20,PO00837,GR00788,VEN029,7518.65,827.05,2024-11-04,2024-11-30,paid,61.38
INV00789,INV/2024/00789,2024-05-07,PO00838,GR00789,VEN025,256976.98,28267.47,2024-07-06,2024-07-13,paid,1859.98
INV00790,INV/2024/00790,2024-08-19,PO00839,GR00790,VEN023,712512.52,78376.38,2024-10-18,,overdue,9889.05
INV00791,INV/2025/00791,2025-02-26,PO00840,GR00791,VEN005,89769.84,9874.68,2025-03-28,2025-05-01,paid,-174.51
INV00792,INV/2024/00792,2024-08-28,PO00841,GR00792,VEN022,874467.11,96191.38,2024-09-27,2024-10-25,paid,731258.15
INV00793,INV/2025/00793,2025-01-09,PO00842,GR00793,VEN002,20060.10,2206.61,2025-03-10,2025-01-10,paid,257.10
INV00794,INV/2025/00794,2025-02-03,PO00843,GR00794,VEN015,6745342.93,741987.72,2025-05-04,2025-04-20,paid,-115372.00
INV00795,INV/2026/00795,2026-01-12,PO00844,GR00795,VEN005,115536.96,12709.07,2026-03-13,2026-04-02,paid,3226.16
INV00796,INV/2025/00796,2025-06-24,PO00845,GR00796,VEN027,183417.72,20175.95,2025-06-24,2025-06-29,paid,4011.97
INV00797,INV/2025/00797,2025-01-31,PO00846,GR00797,VEN001,17816.98,1959.87,2025-05-01,2025-05-07,paid,-239.92
INV00798,INV/2025/00798,2025-05-09,PO00847,GR00798,VEN026,396412.43,43605.37,2025-05-09,,overdue,-1575.67
INV00799,INV/2024/00799,2024-09-17,PO00848,GR00799,VEN024,3199.35,351.93,2024-11-01,2024-10-27,paid,37.44
INV00800,INV/2025/00800,2025-07-09,PO00849,GR00800,VEN019,894949.22,98444.41,2025-07-24,2025-07-20,paid,888836.71
INV00801,INV/2024/00801,2024-07-18,PO00850,GR00801,VEN023,201120.09,22123.21,2024-07-18,,overdue,919.40
INV00802,INV/2025/00802,2025-04-06,PO00851,GR00802,VEN014,78260.67,8608.67,2025-05-21,2025-06-08,paid,1615.00
INV00803,INV/2026/00803,2026-02-26,PO00852,GR00803,VEN022,909157.37,100007.31,2026-03-13,2026-04-19,paid,902288.58
INV00804,INV/2025/00804,2025-10-16,PO00853,GR00804,VEN002,14404.42,1584.49,2025-10-31,,overdue,159.47
INV00805,INV/2024/00805,2024-04-27,PO00854,GR00805,VEN015,13898.55,1528.84,2024-06-11,2024-05-27,paid,-362.88
INV00806,INV/2024/00806,2024-02-25,PO00855,GR00806,VEN019,726960.77,79965.68,2024-04-25,,overdue,-2285.31
INV00807,INV/2024/00807,2024-10-22,PO00856,GR00807,VEN028,921560.85,101371.69,2024-10-22,2024-10-27,paid,907932.05
INV00808,INV/2024/00808,2024-08-13,PO00857,GR00808,VEN021,969382.68,106632.09,2024-09-27,2024-09-29,paid,853336.75
INV00809,INV/2024/00809,2024-05-29,PO00858,GR00809,VEN001,34439.48,3788.34,2024-07-28,,overdue,371.34
INV00810,INV/2025/00810,2025-02-02,PO00859,GR00810,VEN021,3564.83,392.13,2025-03-04,2025-03-24,paid,97.58
INV00811,INV/2024/00811,2024-03-23,PO00860,GR00811,VEN029,3856.19,424.18,2024-04-22,2024-05-06,paid,-91.18
INV00812,INV/2025/00812,2025-01-28,PO00861,GR00812,VEN001,39816.09,4379.77,2025-03-29,2025-03-24,paid,-196.04
INV00813,INV/2025/00813,2025-02-15,PO00862,GR00813,VEN030,44232.99,4865.63,2025-02-15,2025-03-22,paid,312.11
INV00814,INV/2025/00814,2025-04-10,PO00863,GR00814,VEN026,922639.17,101490.31,2025-06-09,2025-06-30,paid,809.82
INV00815,INV/2024/00815,2024-10-10,PO00864,GR00815,VEN011,254231.50,27965.46,2025-01-08,2024-10-27,paid,2077.95
INV00816,INV/2025/00816,2025-09-15,PO00865,GR00816,VEN029,198345.36,21817.99,2025-09-30,2025-10-11,paid,-5141.96
INV00817,INV/2024/00817,2024-03-17,PO00866,GR00817,VEN007,932872.14,102615.94,2024-04-01,2024-04-30,paid,641327.19
INV00818,INV/2025/00818,2025-09-07,PO00867,GR00818,VEN003,935487.64,102903.64,2025-10-22,,overdue,891005.54
INV00819,INV/2025/00819,2025-06-28,PO00868,GR00819,VEN025,30768.05,3384.49,2025-09-26,2025-08-26,paid,37.06
INV00820,INV/2024/00820,2024-10-02,PO00869,GR00820,VEN021,869132.62,95604.59,2024-11-16,2024-10-12,paid,494780.55
INV00821,INV/2026/00821,2026-02-11,PO00872,GR00821,VEN019,40522.55,4457.48,2026-05-12,2026-04-02,paid,-1063.67
INV00822,INV/2025/00822,2025-08-04,PO00873,GR00822,VEN014,15763.43,1733.98,2025-09-03,2025-10-06,paid,309.72
INV00823,INV/2025/00823,2025-04-25,PO00874,GR00823,VEN001,3087.36,339.61,2025-06-24,,overdue,-22.76
INV00824,INV/2024/00824,2024-01-25,PO00875,GR00824,VEN022,223784.93,24616.34,2024-02-09,2024-03-03,paid,-2829.91
INV00825,INV/2025/00825,2025-01-11,PO00876,GR00825,VEN028,939375.83,103331.34,2025-01-11,2025-02-02,paid,918714.59
INV00826,INV/2024/00826,2024-05-22,PO00877,GR00826,VEN028,73541.71,8089.59,2024-08-20,2024-07-12,paid,615.36
INV00827,INV/2024/00827,2024-05-17,PO00878,GR00827,VEN010,204535.25,22498.88,2024-05-17,2024-06-15,paid,5094.89
INV00828,INV/2024/00828,2024-09-05,PO00879,GR00828,VEN016,170458.43,18750.43,2024-11-04,2024-10-28,paid,-2068.70
INV00829,INV/2025/00829,2025-06-17,PO00880,GR00829,VEN029,924062.91,101646.92,2025-07-02,2025-08-11,paid,909967.66
INV00830,INV/2025/00830,2025-03-02,PO00881,GR00830,VEN025,774.55,85.20,2025-05-01,,overdue,-18.61
INV00831,INV/2025/00831,2025-07-15,PO00882,GR00831,VEN023,4137.97,455.18,2025-08-14,2025-09-20,paid,-43.39
INV00832,INV/2024/00832,2024-11-16,PO00883,GR00832,VEN015,83242.71,9156.70,2025-01-15,2025-02-22,paid,-1903.14
INV00833,INV/2024/00833,2024-09-29,PO00884,GR00833,VEN027,48494.18,5334.36,2024-10-29,,overdue,-240.75
INV00834,INV/2025/00834,2025-12-19,PO00885,GR00834,VEN004,2781227.40,305935.01,2026-02-17,,unpaid,14022.59
INV00835,INV/2025/00835,2025-02-21,PO00886,GR00835,VEN018,125999.52,13859.95,2025-05-22,2025-02-26,paid,2643.81
INV00836,INV/2025/00836,2025-09-01,PO00887,GR00836,VEN010,1302526.70,143277.94,2025-09-01,2025-09-29,paid,18108.33
INV00837,INV/2025/00837,2025-12-30,PO00888,GR00837,VEN003,89122.23,9803.45,2026-01-14,2026-01-02,paid,1967.67
INV00838,INV/2024/00838,2024-12-12,PO00889,GR00838,VEN004,53470.81,5881.79,2024-12-12,2024-12-19,paid,510.65
INV00839,INV/2024/00839,2024-04-18,PO00890,GR00839,VEN009,843157.85,92747.36,2024-05-18,,overdue,780909.88
INV00840,INV/2024/00840,2024-11-18,PO00891,GR00840,VEN023,179029.03,19693.19,2024-12-18,,overdue,22.74
INV00841,INV/2025/00841,2025-05-20,PO00893,GR00841,VEN018,27218.01,2993.98,2025-05-20,,overdue,709.34
INV00842,INV/2024/00842,2024-09-14,PO00894,GR00842,VEN025,780551.33,85860.65,2024-09-29,2024-10-24,paid,-21104.22
INV00843,INV/2025/00843,2025-06-21,PO00895,GR00843,VEN004,440688.16,48475.70,2025-09-19,,overdue,-6307.65
INV00844,INV/2025/00844,2025-05-13,PO00896,GR00844,VEN004,3493.79,384.32,2025-06-12,2025-05-17,paid,26.83
INV00845,INV/2025/00845,2025-11-10,PO00897,GR00845,VEN009,314394.60,34583.41,2025-11-10,,overdue,7007.65
INV00846,INV/2025/00846,2025-03-21,PO00898,GR00846,VEN010,30370.78,3340.79,2025-04-05,,overdue,-210.69
INV00847,INV/2025/00847,2025-11-10,PO00899,GR00847,VEN004,25411.45,2795.26,2025-12-25,2026-01-02,paid,-405.84
INV00848,INV/2024/00848,2024-02-27,PO00900,GR00848,VEN001,1995302.21,219483.24,2024-03-13,2024-04-09,paid,51268.59
INV00849,INV/2026/00849,2026-01-19,PO00901,GR00849,VEN022,215408.26,23694.91,2026-02-03,2026-01-25,paid,1891.41
INV00850,INV/2024/00850,2024-12-16,PO00902,GR00850,VEN016,9217.43,1013.92,2024-12-31,2025-02-02,paid,7.36
INV00851,INV/2024/00851,2024-03-09,PO00903,GR00851,VEN012,196889.44,21657.84,2024-03-09,2024-03-12,paid,-2471.31
INV00852,INV/2024/00852,2024-06-23,PO00904,GR00852,VEN016,335030.71,36853.38,2024-07-23,2024-07-17,paid,9456.38
INV00853,INV/2025/00853,2025-01-01,PO00905,GR00853,VEN024,1308716.83,143958.85,2025-04-01,2025-03-27,paid,-16970.55
INV00854,INV/2024/00854,2024-05-22,PO00907,GR00854,VEN028,406471.13,44711.82,2024-06-06,2024-06-16,paid,4834.37
INV00855,INV/2026/00855,2026-01-07,PO00908,GR00855,VEN007,101254.41,11137.98,2026-02-06,2026-03-06,paid,96.20
INV00856,INV/2025/00856,2025-12-29,PO00909,GR00856,VEN019,15518.74,1707.06,2026-01-13,2026-01-28,paid,-348.64
INV00857,INV/2025/00857,2025-06-28,PO00910,GR00857,VEN013,11002.83,1210.31,2025-07-13,2025-08-22,paid,-154.65
INV00858,INV/2025/00858,2025-12-11,PO00911,GR00858,VEN030,20558.84,2261.47,2026-01-10,2026-01-02,paid,496.82
INV00859,INV/2025/00859,2025-08-12,PO00912,GR00859,VEN014,66586.23,7324.48,2025-10-11,2025-10-01,paid,-156.78
INV00860,INV/2024/00860,2024-12-11,PO00913,GR00860,VEN001,1371266.19,150839.28,2025-01-25,2025-01-11,paid,-2527.87
INV00861,INV/2024/00861,2024-11-08,PO00914,GR00861,VEN027,229106.78,25201.75,2024-12-23,2024-12-09,paid,-4609.36
INV00862,INV/2025/00862,2025-05-30,PO00915,GR00862,VEN011,3618.25,398.01,2025-07-29,,overdue,-56.00
INV00863,INV/2024/00863,2024-07-17,PO00917,GR00863,VEN025,1986165.35,218478.19,2024-08-01,,overdue,-36824.58
INV00864,INV/2024/00864,2024-08-21,PO00918,GR00864,VEN027,79104.34,8701.48,2024-08-21,2024-08-26,paid,-2375.92
INV00865,INV/2025/00865,2025-01-30,PO00919,GR00865,VEN013,924093.47,101650.28,2025-02-14,,overdue,-18208.71
INV00866,INV/2026/00866,2026-01-19,PO00920,GR00866,VEN029,384015.02,42241.65,2026-02-18,2026-01-25,paid,8772.35
INV00867,INV/2025/00867,2025-10-01,PO00921,GR00867,VEN018,123579.55,13593.75,2025-12-30,2025-11-20,paid,620.98
INV00868,INV/2025/00868,2025-09-26,PO00922,GR00868,VEN010,3343327.40,367766.01,2025-10-26,2025-10-30,paid,-11095.32
INV00869,INV/2024/00869,2024-04-25,PO00923,GR00869,VEN019,199822.87,21980.52,2024-06-09,2024-04-30,paid,5219.81
INV00870,INV/2025/00870,2025-11-28,PO00924,GR00870,VEN005,810639.69,89170.37,2026-02-26,2026-02-28,paid,-8084.20
INV00871,INV/2026/00871,2026-01-16,PO00925,GR00871,VEN005,3235.63,355.92,2026-03-17,2026-01-23,paid,-99.44
INV00872,INV/2024/00872,2024-04-28,PO00926,GR00872,VEN007,9285.30,1021.38,2024-06-12,2024-05-13,paid,226.24
INV00873,INV/2024/00873,2024-11-30,PO00927,GR00873,VEN020,859834.40,94581.78,2025-01-29,2025-01-07,paid,687213.14
INV00874,INV/2025/00874,2025-08-15,PO00928,GR00874,VEN028,1500.38,165.04,2025-11-13,2025-12-05,paid,29.44
INV00875,INV/2024/00875,2024-02-26,PO00929,GR00875,VEN009,31931.29,3512.44,2024-04-26,2024-05-13,paid,-469.07
INV00876,INV/2025/00876,2025-11-17,PO00930,GR00876,VEN017,4153745.90,456912.05,2026-01-16,2026-01-16,paid,-16471.46
INV00877,INV/2025/00877,2025-05-07,PO00931,GR00877,VEN009,32588.11,3584.69,2025-05-07,2025-05-13,paid,-645.61
INV00878,INV/2024/00878,2024-11-09,PO00932,GR00878,VEN022,334.29,36.77,2024-11-09,,overdue,-3.70
INV00879,INV/2025/00879,2025-04-25,PO00933,GR00879,VEN027,15761.67,1733.78,2025-06-24,2025-04-28,paid,229.72
INV00880,INV/2024/00880,2024-12-05,PO00934,GR00880,VEN002,13101.98,1441.22,2024-12-20,2024-12-10,paid,316.09
INV00881,INV/2025/00881,2025-09-17,PO00935,GR00881,VEN012,48806.85,5368.75,2025-12-16,2025-10-05,paid,-316.96
INV00882,INV/2025/00882,2025-06-14,PO00936,GR00882,VEN025,8053.71,885.91,2025-09-12,,overdue,126.47
INV00883,INV/2024/00883,2024-04-12,PO00937,GR00883,VEN005,134032.12,14743.53,2024-05-27,2024-05-05,paid,-2267.33
INV00884,INV/2025/00884,2025-01-16,PO00938,GR00884,VEN001,96597.32,10625.71,2025-04-16,,overdue,-670.62
INV00885,INV/2025/00885,2025-05-16,PO00939,GR00885,VEN017,382751.66,42102.68,2025-07-15,2025-07-27,paid,357.04
INV00886,INV/2026/00886,2026-01-17,PO00940,GR00886,VEN027,800296.36,88032.60,2026-04-17,2026-05-04,paid,19022.64
INV00887,INV/2024/00887,2024-08-25,PO00941,GR00887,VEN020,415204.96,45672.55,2024-09-09,2024-08-29,paid,-7810.18
INV00888,INV/2024/00888,2024-05-01,PO00942,GR00888,VEN008,59789.31,6576.82,2024-07-30,,overdue,191.44
INV00889,INV/2024/00889,2024-12-07,PO00943,GR00889,VEN012,718.01,78.98,2025-03-07,2025-04-07,paid,-7.41
INV00890,INV/2024/00890,2024-06-05,PO00944,GR00890,VEN025,9786.22,1076.48,2024-06-20,,overdue,1.55
INV00891,INV/2024/00891,2024-03-12,PO00945,GR00891,VEN024,270793.74,29787.31,2024-05-11,,overdue,-8358.28
INV00892,INV/2024/00892,2024-05-31,PO00946,GR00892,VEN004,860180.43,94619.85,2024-07-30,2024-08-17,paid,842767.63
INV00893,INV/2026/00893,2026-02-09,PO00947,GR00893,VEN016,3527999.45,388079.94,2026-02-09,2026-02-16,paid,-48002.40
INV00894,INV/2024/00894,2024-08-06,PO00948,GR00894,VEN008,89973.09,9897.04,2024-09-05,2024-09-17,paid,467.06
INV00895,INV/2025/00895,2025-07-30,PO00949,GR00895,VEN015,95449.59,10499.45,2025-10-28,2025-10-22,paid,36.27
INV00896,INV/2024/00896,2024-11-06,PO00950,GR00896,VEN005,9963.42,1095.98,2025-01-05,2024-12-29,paid,183.88
INV00897,INV/2024/00897,2024-04-15,PO00951,GR00897,VEN001,19182.18,2110.04,2024-06-14,2024-04-17,paid,198.11
INV00898,INV/2025/00898,2025-11-04,PO00952,GR00898,VEN006,72969.76,8026.67,2025-11-19,,overdue,226.13
INV00899,INV/2025/00899,2025-05-09,PO00953,GR00899,VEN005,37201.68,4092.18,2025-08-07,,overdue,-899.13
INV00900,INV/2025/00900,2025-03-14,PO00954,GR00900,VEN002,17004.05,1870.45,2025-06-12,2025-05-01,paid,114.08
INV00901,INV/2025/00901,2025-04-22,PO00955,GR00901,VEN003,7136852.26,785053.75,2025-06-21,2025-07-24,paid,-156490.76
INV00902,INV/2026/00902,2026-01-28,PO00956,GR00902,VEN019,390712.50,42978.37,2026-01-28,2026-02-11,paid,5120.16
INV00903,INV/2025/00903,2025-05-03,PO00957,GR00903,VEN012,60561.04,6661.71,2025-07-02,,overdue,-1414.80
INV00904,INV/2024/00904,2024-07-26,PO00958,GR00904,VEN021,594082.89,65349.12,2024-09-09,2024-10-17,paid,3582.97
INV00905,INV/2024/00905,2024-12-26,PO00959,GR00905,VEN001,1490853.86,163993.92,2025-01-10,2025-02-15,paid,-25842.10
INV00906,INV/2024/00906,2024-06-22,PO00960,GR00906,VEN001,32723.33,3599.57,2024-08-06,2024-08-11,paid,-152.92
INV00907,INV/2025/00907,2025-09-13,PO00961,GR00907,VEN022,20184.21,2220.26,2025-10-13,2025-10-11,paid,-84.63
INV00908,INV/2024/00908,2024-03-27,PO00962,GR00908,VEN029,269788.64,29676.75,2024-06-25,,overdue,-7775.93
INV00909,INV/2024/00909,2024-09-17,PO00963,GR00909,VEN030,146096.17,16070.58,2024-10-17,2024-09-27,paid,-273.75
INV00910,INV/2024/00910,2024-03-19,PO00964,GR00910,VEN003,19393.24,2133.26,2024-05-03,2024-03-30,paid,43.30
INV00911,INV/2024/00911,2024-12-06,PO00965,GR00911,VEN006,3986.25,438.49,2024-12-06,2024-12-30,paid,-30.28
INV00912,INV/2025/00912,2025-04-29,PO00966,GR00912,VEN019,236696.26,26036.59,2025-07-28,,overdue,-4538.85
INV00913,INV/2024/00913,2024-08-12,PO00967,GR00913,VEN009,236287.28,25991.60,2024-09-26,,overdue,2511.40
INV00914,INV/2025/00914,2025-10-09,PO00968,GR00914,VEN019,319319.29,35125.12,2025-12-08,,overdue,3589.94
INV00915,INV/2024/00915,2024-05-29,PO00969,GR00915,VEN011,72569.18,7982.61,2024-08-27,2024-07-18,paid,1752.99
INV00916,INV/2026/00916,2026-01-07,PO00970,GR00916,VEN013,41681.95,4585.01,2026-04-07,2026-03-09,paid,720.04
INV00917,INV/2024/00917,2024-08-12,PO00971,GR00917,VEN005,55582.49,6114.07,2024-08-27,2024-09-16,paid,-1363.51
INV00918,INV/2025/00918,2025-06-28,PO00972,GR00918,VEN006,25962.68,2855.90,2025-08-12,,overdue,675.20
INV00919,INV/2025/00919,2025-04-11,PO00973,GR00919,VEN023,290578.72,31963.66,2025-06-10,,overdue,-594.94
INV00920,INV/2024/00920,2024-06-23,PO00974,GR00920,VEN011,1416958.74,155865.46,2024-09-21,2024-10-12,paid,-4579.83
INV00921,INV/2025/00921,2025-10-05,PO00975,GR00921,VEN021,1092908.49,120219.93,2026-01-03,2025-10-20,paid,-10841.04
INV00922,INV/2024/00922,2024-11-17,PO00976,GR00922,VEN020,236587.91,26024.67,2025-01-16,2025-02-10,paid,173.71
INV00923,INV/2024/00923,2024-12-24,PO00977,GR00923,VEN008,73117.78,8042.96,2025-02-22,,overdue,-737.70
INV00924,INV/2025/00924,2025-10-06,PO00978,GR00924,VEN019,30449.58,3349.45,2025-12-05,,overdue,-126.57
INV00925,INV/2025/00925,2025-04-13,PO00979,GR00925,VEN019,900640.19,99070.42,2025-06-12,2025-05-16,paid,895254.49
INV00926,INV/2025/00926,2025-12-01,PO00980,GR00926,VEN012,840891.87,92498.11,2025-12-01,,overdue,804546.73
INV00927,INV/2024/00927,2024-09-07,PO00981,GR00927,VEN030,4794.22,527.36,2024-10-07,2024-10-18,paid,84.15
INV00928,INV/2024/00928,2024-12-29,PO00982,GR00928,VEN029,2584.30,284.27,2025-01-13,2025-02-07,paid,40.76
INV00929,INV/2025/00929,2025-11-13,PO00983,GR00929,VEN001,14728.28,1620.11,2026-01-12,2025-12-02,paid,238.04
INV00930,INV/2024/00930,2024-04-17,PO00984,GR00930,VEN028,18517.93,2036.97,2024-06-01,2024-07-03,paid,526.01
INV00931,INV/2025/00931,2025-01-19,PO00985,GR00931,VEN005,1221744.49,134391.89,2025-03-05,2025-03-11,paid,10104.08
INV00932,INV/2024/00932,2024-07-07,PO00986,GR00932,VEN028,815793.10,89737.24,2024-07-07,2024-08-15,paid,17322.21
INV00933,INV/2025/00933,2025-01-27,PO00987,GR00933,VEN019,576780.74,63445.88,2025-02-26,2025-02-11,paid,-16825.06
INV00934,INV/2024/00934,2024-03-29,PO00988,GR00934,VEN009,1140937.10,125503.08,2024-03-29,2024-04-03,paid,4804.52
INV00935,INV/2025/00935,2025-01-20,PO00989,GR00935,VEN023,607835.21,66861.87,2025-01-20,2025-02-18,paid,3811.33
INV00936,INV/2024/00936,2024-02-24,PO00990,GR00936,VEN020,259937.52,28593.13,2024-05-24,2024-06-23,paid,-7243.44
INV00937,INV/2025/00937,2025-02-23,PO00991,GR00937,VEN028,1964640.43,216110.45,2025-05-24,2025-06-15,paid,7439.77
INV00938,INV/2025/00938,2025-07-27,PO00992,GR00938,VEN001,1932843.42,212612.78,2025-09-10,,overdue,44260.76
INV00939,INV/2025/00939,2025-09-07,PO00993,GR00939,VEN004,60114.36,6612.58,2025-09-07,2025-10-10,paid,-1131.90
INV00940,INV/2024/00940,2024-12-14,PO00994,GR00940,VEN022,84154.79,9257.03,2025-01-13,2024-12-27,paid,197.34
