pr_id,pr_number,pr_date,requester_id,cost_center_id,department_id,item_id,description,quantity,estimated_unit_price,estimated_total,priority,currency,required_date,status,budget_id,attachment_url
PR00001,PR202500001,2025-10-23,EMP036,CC007,DEP01,ITM0025,Request ITM0025,500,33.29,16644.02,IDR,2025-11-17,urgent,rejected,BUD00316,https://docs.internal/pr/PR202500001.pdf
PR00002,PR202400002,2024-10-06,EMP009,CC002,DEP02,ITM0009,Request ITM0009,5,33528.53,167642.66,IDR,2024-11-21,urgent,approved,BUD00934,https://docs.internal/pr/PR202400002.pdf
PR00003,PR202500003,2025-06-18,EMP035,CC010,DEP04,ITM0018,Request ITM0018,500,118.09,59047.35,IDR,2025-06-29,high,approved,BUD01096,https://docs.internal/pr/PR202500003.pdf
PR00004,PR202400004,2024-10-30,EMP012,CC005,DEP05,ITM0017,Request ITM0017,500,97.57,48786.44,IDR,2024-11-25,urgent,approved,BUD00371,https://docs.internal/pr/PR202400004.pdf
PR00005,PR202400005,2024-10-02,EMP023,CC007,DEP01,ITM0029,Request ITM0029,50,83.08,4153.99,IDR,2024-11-16,high,approved,BUD00687,https://docs.internal/pr/PR202400005.pdf
PR00006,PR202400006,2024-02-28,EMP006,CC010,DEP04,ITM0006,Request ITM0006,50,7004.26,350213.00,IDR,2024-03-31,normal,approved,BUD00228,https://docs.internal/pr/PR202400006.pdf
PR00007,PR202500007,2025-07-03,EMP005,CC002,DEP02,ITM0014,Request ITM0014,20,16874.89,337497.88,IDR,2025-07-20,urgent,approved,BUD00039,https://docs.internal/pr/PR202500007.pdf
PR00008,PR202400008,2024-03-11,EMP025,CC002,DEP02,ITM0019,Request ITM0019,100,9482.71,948270.72,IDR,2024-04-08,urgent,approved,BUD00174,https://docs.internal/pr/PR202400008.pdf
PR00009,PR202400009,2024-06-20,EMP012,CC011,DEP05,ITM0002,Request ITM0002,2,33171.32,66342.65,IDR,2024-07-07,low,approved,BUD00935,https://docs.internal/pr/PR202400009.pdf
PR00010,PR202400010,2024-01-30,EMP016,CC010,DEP04,ITM0022,Request ITM0022,200,57.16,11431.36,IDR,2024-02-24,urgent,approved,BUD00324,https://docs.internal/pr/PR202400010.pdf
PR00011,PR202500011,2025-09-04,EMP035,CC009,DEP03,ITM0020,Request ITM0020,1,24471.08,24471.08,IDR,2025-10-17,normal,approved,BUD00567,https://docs.internal/pr/PR202500011.pdf
PR00012,PR202400012,2024-09-16,EMP028,CC003,DEP03,ITM0027,Request ITM0027,5000,197.47,987351.65,IDR,2024-10-14,urgent,approved,BUD00365,https://docs.internal/pr/PR202400012.pdf
PR00013,PR202500013,2025-02-22,EMP028,CC012,DEP06,ITM0032,Request ITM0032,100,13444.39,1344439.11,IDR,2025-03-09,high,rejected,BUD00890,https://docs.internal/pr/PR202500013.pdf
PR00014,PR202500014,2025-09-11,EMP031,CC012,DEP06,ITM0038,Request ITM0038,5,3346.32,16731.60,IDR,2025-09-21,urgent,approved,BUD01088,https://docs.internal/pr/PR202500014.pdf
PR00015,PR202500015,2025-04-19,EMP009,CC012,DEP06,ITM0011,Request ITM0011,5,14685.85,73429.25,IDR,2025-06-05,high,approved,BUD00951,https://docs.internal/pr/PR202500015.pdf
PR00016,PR202500016,2025-12-17,EMP021,CC006,DEP06,ITM0009,Request ITM0009,5,29647.80,148239.02,IDR,2026-01-17,urgent,pending,BUD00568,https://docs.internal/pr/PR202500016.pdf
PR00017,PR202400017,2024-03-09,EMP040,CC006,DEP06,ITM0023,Request ITM0023,2000,35.14,70272.20,IDR,2024-04-22,low,approved,BUD00386,https://docs.internal/pr/PR202400017.pdf
PR00018,PR202500018,2025-04-12,EMP024,CC005,DEP05,ITM0037,Request ITM0037,20,51346.02,1026920.44,IDR,2025-05-06,normal,approved,BUD00724,https://docs.internal/pr/PR202500018.pdf
PR00019,PR202400019,2024-05-01,EMP035,CC009,DEP03,ITM0026,Request ITM0026,200,148.11,29622.44,IDR,2024-05-31,high,approved,BUD00971,https://docs.internal/pr/PR202400019.pdf
PR00020,PR202500020,2025-06-21,EMP026,CC003,DEP03,ITM0006,Request ITM0006,10,7487.72,74877.25,IDR,2025-07-23,high,approved,BUD00791,https://docs.internal/pr/PR202500020.pdf
PR00021,PR202400021,2024-06-21,EMP036,CC012,DEP06,ITM0019,Request ITM0019,4,9879.51,39518.04,IDR,2024-07-14,low,approved,BUD00316,https://docs.internal/pr/PR202400021.pdf
PR00022,PR202500022,2025-06-01,EMP023,CC003,DEP03,ITM0002,Request ITM0002,5,41219.54,206097.70,IDR,2025-06-24,urgent,approved,BUD00730,https://docs.internal/pr/PR202500022.pdf
PR00023,PR202400023,2024-06-29,EMP030,CC002,DEP02,ITM0010,Request ITM0010,50,25054.09,1252704.69,IDR,2024-07-24,low,approved,BUD00983,https://docs.internal/pr/PR202400023.pdf
PR00024,PR202400024,2024-05-17,EMP007,CC002,DEP02,ITM0033,Request ITM0033,100,728.39,72839.01,IDR,2024-05-31,normal,pending,BUD00379,https://docs.internal/pr/PR202400024.pdf
PR00025,PR202500025,2025-12-03,EMP011,CC009,DEP03,ITM0006,Request ITM0006,200,7966.44,1593287.78,IDR,2026-01-10,normal,approved,BUD01035,https://docs.internal/pr/PR202500025.pdf
PR00026,PR202400026,2024-12-12,EMP021,CC008,DEP02,ITM0008,Request ITM0008,1000,422.13,422134.04,IDR,2024-12-31,urgent,approved,BUD00639,https://docs.internal/pr/PR202400026.pdf
PR00027,PR202500027,2024-12-27,EMP023,CC008,DEP02,ITM0026,Request ITM0026,2000,101.27,202532.13,IDR,2025-01-28,urgent,approved,BUD01048,https://docs.internal/pr/PR202500027.pdf
PR00028,PR202500028,2025-05-31,EMP008,CC007,DEP01,ITM0035,Request ITM0035,1,182966.09,182966.09,IDR,2025-07-03,urgent,approved,BUD00942,https://docs.internal/pr/PR202500028.pdf
PR00029,PR202400029,2024-12-11,EMP025,CC002,DEP02,ITM0038,Request ITM0038,50,2558.10,127904.98,IDR,2025-01-09,urgent,approved,BUD00720,https://docs.internal/pr/PR202400029.pdf
PR00030,PR202400030,2024-03-31,EMP024,CC007,DEP01,ITM0014,Request ITM0014,20,14227.99,284559.84,IDR,2024-05-07,low,approved,BUD01098,https://docs.internal/pr/PR202400030.pdf
PR00031,PR202500031,2025-02-27,EMP014,CC011,DEP05,ITM0033,Request ITM0033,1000,806.28,806279.51,IDR,2025-04-14,urgent,draft,BUD00549,https://docs.internal/pr/PR202500031.pdf
PR00032,PR202500032,2025-10-31,EMP030,CC003,DEP03,ITM0040,Request ITM0040,10,3375.12,33751.18,IDR,2025-12-12,high,approved,BUD00892,https://docs.internal/pr/PR202500032.pdf
PR00033,PR202500033,2025-04-26,EMP024,CC011,DEP05,ITM0004,Request ITM0004,2,11344.71,22689.43,IDR,2025-05-19,urgent,approved,BUD00288,https://docs.internal/pr/PR202500033.pdf
PR00034,PR202500034,2025-04-05,EMP028,CC008,DEP02,ITM0038,Request ITM0038,200,2717.97,543594.52,IDR,2025-05-08,normal,approved,BUD00744,https://docs.internal/pr/PR202500034.pdf
PR00035,PR202400035,2024-09-17,EMP006,CC008,DEP02,ITM0011,Request ITM0011,10,13630.48,136304.83,IDR,2024-10-16,high,approved,BUD00866,https://docs.internal/pr/PR202400035.pdf
PR00036,PR202500036,2025-04-25,EMP006,CC007,DEP01,ITM0009,Request ITM0009,4,34341.24,137364.95,IDR,2025-05-21,urgent,approved,BUD00460,https://docs.internal/pr/PR202500036.pdf
PR00037,PR202400037,2024-07-02,EMP013,CC007,DEP01,ITM0018,Request ITM0018,100,103.38,10337.96,IDR,2024-08-13,normal,approved,BUD00059,https://docs.internal/pr/PR202400037.pdf
PR00038,PR202500038,2025-12-27,EMP022,CC004,DEP04,ITM0025,Request ITM0025,1000,33.56,33563.18,IDR,2026-01-16,low,approved,BUD00011,https://docs.internal/pr/PR202500038.pdf
PR00039,PR202400039,2024-02-03,EMP017,CC010,DEP04,ITM0032,Request ITM0032,25,13405.28,335131.90,IDR,2024-02-28,high,rejected,BUD00893,https://docs.internal/pr/PR202400039.pdf
PR00040,PR202400040,2024-07-13,EMP013,CC003,DEP03,ITM0032,Request ITM0032,500,11609.75,5804874.26,IDR,2024-07-27,low,approved,BUD00964,https://docs.internal/pr/PR202400040.pdf
PR00041,PR202400041,2024-08-15,EMP020,CC011,DEP05,ITM0026,Request ITM0026,1000,109.83,109828.99,IDR,2024-09-16,low,approved,BUD00753,https://docs.internal/pr/PR202400041.pdf
PR00042,PR202500042,2025-05-12,EMP037,CC001,DEP01,ITM0031,Request ITM0031,500,246.93,123464.81,IDR,2025-05-30,low,approved,BUD01046,https://docs.internal/pr/PR202500042.pdf
PR00043,PR202500043,2025-04-01,EMP020,CC010,DEP04,ITM0001,Request ITM0001,25,10693.89,267347.25,IDR,2025-05-13,high,approved,BUD00809,https://docs.internal/pr/PR202500043.pdf
PR00044,PR202500044,2025-01-02,EMP032,CC007,DEP01,ITM0028,Request ITM0028,2000,810.97,1621948.36,IDR,2025-01-29,urgent,approved,BUD00475,https://docs.internal/pr/PR202500044.pdf
PR00045,PR202400045,2024-10-18,EMP019,CC012,DEP06,ITM0025,Request ITM0025,500,49.45,24726.67,IDR,2024-11-22,urgent,approved,BUD00265,https://docs.internal/pr/PR202400045.pdf
PR00046,PR202400046,2024-08-28,EMP039,CC011,DEP05,ITM0022,Request ITM0022,200,59.13,11826.30,IDR,2024-09-22,urgent,approved,BUD00937,https://docs.internal/pr/PR202400046.pdf
PR00047,PR202400047,2024-11-12,EMP034,CC007,DEP01,ITM0006,Request ITM0006,5,7464.41,37322.05,IDR,2024-11-28,urgent,approved,BUD00847,https://docs.internal/pr/PR202400047.pdf
PR00048,PR202400048,2024-05-15,EMP013,CC005,DEP05,ITM0029,Request ITM0029,1000,106.81,106808.39,IDR,2024-06-21,high,approved,BUD00799,https://docs.internal/pr/PR202400048.pdf
PR00049,PR202500049,2025-10-14,EMP020,CC005,DEP05,ITM0029,Request ITM0029,1000,186.52,186516.00,IDR,2025-11-24,normal,approved,BUD00774,https://docs.internal/pr/PR202500049.pdf
PR00050,PR202500050,2025-11-18,EMP030,CC003,DEP03,ITM0032,Request ITM0032,1,13405.10,13405.10,IDR,2025-12-27,low,draft,BUD00436,https://docs.internal/pr/PR202500050.pdf
PR00051,PR202500051,2025-05-05,EMP024,CC010,DEP04,ITM0011,Request ITM0011,50,12858.61,642930.28,IDR,2025-06-01,normal,approved,BUD00242,https://docs.internal/pr/PR202500051.pdf
PR00052,PR202400052,2024-06-04,EMP025,CC004,DEP04,ITM0030,Request ITM0030,200,231.73,46346.06,IDR,2024-07-05,low,pending,BUD00908,https://docs.internal/pr/PR202400052.pdf
PR00053,PR202400053,2024-09-21,EMP006,CC004,DEP04,ITM0011,Request ITM0011,20,14127.80,282556.01,IDR,2024-11-02,low,pending,BUD01069,https://docs.internal/pr/PR202400053.pdf
PR00054,PR202400054,2024-07-03,EMP016,CC012,DEP06,ITM0033,Request ITM0033,100,723.23,72322.52,IDR,2024-08-04,urgent,rejected,BUD00174,https://docs.internal/pr/PR202400054.pdf
PR00055,PR202500055,2025-06-14,EMP002,CC009,DEP03,ITM0026,Request ITM0026,500,118.05,59025.62,IDR,2025-07-13,low,approved,BUD00235,https://docs.internal/pr/PR202500055.pdf
PR00056,PR202400056,2024-10-21,EMP036,CC010,DEP04,ITM0030,Request ITM0030,100,267.99,26799.23,IDR,2024-11-13,normal,approved,BUD00624,https://docs.internal/pr/PR202400056.pdf
PR00057,PR202400057,2024-02-26,EMP018,CC007,DEP01,ITM0035,Request ITM0035,20,162072.20,3241444.01,IDR,2024-04-07,high,approved,BUD00702,https://docs.internal/pr/PR202400057.pdf
PR00058,PR202400058,2024-12-10,EMP024,CC004,DEP04,ITM0025,Request ITM0025,50,41.33,2066.55,IDR,2025-01-08,low,approved,BUD00576,https://docs.internal/pr/PR202400058.pdf
PR00059,PR202400059,2024-06-06,EMP035,CC010,DEP04,ITM0037,Request ITM0037,20,46796.34,935926.83,IDR,2024-07-01,urgent,approved,BUD00005,https://docs.internal/pr/PR202400059.pdf
PR00060,PR202400060,2024-07-06,EMP016,CC002,DEP02,ITM0005,Request ITM0005,100,3073.47,307346.70,IDR,2024-08-01,low,approved,BUD00684,https://docs.internal/pr/PR202400060.pdf
PR00061,PR202500061,2025-02-08,EMP022,CC010,DEP04,ITM0028,Request ITM0028,250,678.42,169604.23,IDR,2025-03-07,low,approved,BUD00139,https://docs.internal/pr/PR202500061.pdf
PR00062,PR202500062,2025-08-07,EMP023,CC004,DEP04,ITM0010,Request ITM0010,10,21475.82,214758.19,IDR,2025-09-17,normal,draft,BUD00141,https://docs.internal/pr/PR202500062.pdf
PR00063,PR202500063,2025-01-02,EMP027,CC006,DEP06,ITM0031,Request ITM0031,2000,274.79,549573.91,IDR,2025-02-02,low,approved,BUD01016,https://docs.internal/pr/PR202500063.pdf
PR00064,PR202400064,2024-08-11,EMP002,CC003,DEP03,ITM0015,Request ITM0015,100,6.81,681.20,IDR,2024-08-28,low,rejected,BUD00282,https://docs.internal/pr/PR202400064.pdf
PR00065,PR202500065,2025-01-04,EMP040,CC007,DEP01,ITM0008,Request ITM0008,200,409.74,81947.11,IDR,2025-01-30,low,rejected,BUD00296,https://docs.internal/pr/PR202500065.pdf
PR00066,PR202400066,2024-05-04,EMP035,CC005,DEP05,ITM0013,Request ITM0013,100,653.18,65318.14,IDR,2024-05-28,normal,approved,BUD00110,https://docs.internal/pr/PR202400066.pdf
PR00067,PR202500067,2025-01-30,EMP014,CC005,DEP05,ITM0038,Request ITM0038,2,2959.11,5918.22,IDR,2025-03-03,normal,approved,BUD00767,https://docs.internal/pr/PR202500067.pdf
PR00068,PR202500068,2025-07-05,EMP035,CC004,DEP04,ITM0006,Request ITM0006,2,7362.60,14725.19,IDR,2025-08-04,high,approved,BUD00513,https://docs.internal/pr/PR202500068.pdf
PR00069,PR202400069,2024-09-13,EMP013,CC007,DEP01,ITM0036,Request ITM0036,2,1424.58,2849.15,IDR,2024-10-23,urgent,approved,BUD00430,https://docs.internal/pr/PR202400069.pdf
PR00070,PR202400070,2024-03-28,EMP007,CC011,DEP05,ITM0013,Request ITM0013,200,608.65,121729.54,IDR,2024-04-11,urgent,approved,BUD00055,https://docs.internal/pr/PR202400070.pdf
PR00071,PR202500071,2025-03-07,EMP013,CC001,DEP01,ITM0031,Request ITM0031,5000,372.83,1864142.61,IDR,2025-04-06,low,draft,BUD00818,https://docs.internal/pr/PR202500071.pdf
PR00072,PR202500072,2025-09-06,EMP019,CC011,DEP05,ITM0034,Request ITM0034,5,20573.01,102865.06,IDR,2025-09-30,high,pending,BUD00610,https://docs.internal/pr/PR202500072.pdf
PR00073,PR202500073,2025-01-27,EMP037,CC002,DEP02,ITM0012,Request ITM0012,25,17544.60,438614.90,IDR,2025-02-10,normal,approved,BUD00324,https://docs.internal/pr/PR202500073.pdf
PR00074,PR202400074,2024-01-21,EMP016,CC012,DEP06,ITM0009,Request ITM0009,5,31814.99,159074.93,IDR,2024-02-19,urgent,pending,BUD00572,https://docs.internal/pr/PR202400074.pdf
PR00075,PR202400075,2024-07-06,EMP005,CC011,DEP05,ITM0002,Request ITM0002,50,40273.16,2013658.01,IDR,2024-08-09,high,approved,BUD00315,https://docs.internal/pr/PR202400075.pdf
PR00076,PR202400076,2024-03-19,EMP013,CC010,DEP04,ITM0011,Request ITM0011,100,13097.33,1309732.99,IDR,2024-04-30,urgent,approved,BUD00877,https://docs.internal/pr/PR202400076.pdf
PR00077,PR202400077,2024-03-20,EMP005,CC006,DEP06,ITM0025,Request ITM0025,200,36.87,7373.70,IDR,2024-04-30,urgent,approved,BUD00784,https://docs.internal/pr/PR202400077.pdf
PR00078,PR202500078,2025-10-11,EMP022,CC006,DEP06,ITM0003,Request ITM0003,50,3244.80,162240.23,IDR,2025-11-12,low,approved,BUD00509,https://docs.internal/pr/PR202500078.pdf
PR00079,PR202500079,2025-01-15,EMP002,CC007,DEP01,ITM0011,Request ITM0011,5,13836.41,69182.07,IDR,2025-02-09,high,approved,BUD01101,https://docs.internal/pr/PR202500079.pdf
PR00080,PR202500080,2025-10-09,EMP028,CC005,DEP05,ITM0005,Request ITM0005,1,1513.68,1513.68,IDR,2025-11-16,high,approved,BUD01044,https://docs.internal/pr/PR202500080.pdf
PR00081,PR202400081,2024-06-02,EMP006,CC002,DEP02,ITM0017,Request ITM0017,1000,75.66,75658.75,IDR,2024-07-17,high,approved,BUD00293,https://docs.internal/pr/PR202400081.pdf
PR00082,PR202400082,2024-08-17,EMP011,CC002,DEP02,ITM0012,Request ITM0012,250,17589.15,4397287.30,IDR,2024-09-09,low,approved,BUD00567,https://docs.internal/pr/PR202400082.pdf
PR00083,PR202500083,2025-10-14,EMP039,CC002,DEP02,ITM0023,Request ITM0023,500,39.96,19977.96,IDR,2025-10-30,normal,rejected,BUD00755,https://docs.internal/pr/PR202500083.pdf
PR00084,PR202500084,2025-03-24,EMP003,CC012,DEP06,ITM0031,Request ITM0031,200,363.06,72611.07,IDR,2025-04-26,normal,approved,BUD00993,https://docs.internal/pr/PR202500084.pdf
PR00085,PR202500085,2025-03-16,EMP002,CC003,DEP03,ITM0031,Request ITM0031,50,267.03,13351.74,IDR,2025-04-16,urgent,pending,BUD00575,https://docs.internal/pr/PR202500085.pdf
PR00086,PR202400086,2024-07-31,EMP015,CC010,DEP04,ITM0031,Request ITM0031,500,324.98,162489.13,IDR,2024-09-06,low,approved,BUD00703,https://docs.internal/pr/PR202400086.pdf
PR00087,PR202500087,2025-10-31,EMP032,CC011,DEP05,ITM0015,Request ITM0015,200,5.82,1163.24,IDR,2025-12-04,high,approved,BUD00299,https://docs.internal/pr/PR202500087.pdf
PR00088,PR202400088,2024-10-18,EMP026,CC002,DEP02,ITM0011,Request ITM0011,10,13777.06,137770.59,IDR,2024-11-16,high,approved,BUD00400,https://docs.internal/pr/PR202400088.pdf
PR00089,PR202400089,2024-05-01,EMP026,CC004,DEP04,ITM0031,Request ITM0031,1000,390.33,390333.31,IDR,2024-05-20,urgent,approved,BUD01001,https://docs.internal/pr/PR202400089.pdf
PR00090,PR202400090,2024-07-19,EMP002,CC007,DEP01,ITM0028,Request ITM0028,1000,565.24,565242.27,IDR,2024-08-25,urgent,approved,BUD00131,https://docs.internal/pr/PR202400090.pdf
PR00091,PR202500091,2025-11-27,EMP037,CC008,DEP02,ITM0020,Request ITM0020,100,26592.00,2659199.60,IDR,2025-12-25,high,approved,BUD01103,https://docs.internal/pr/PR202500091.pdf
PR00092,PR202500092,2025-01-13,EMP039,CC004,DEP04,ITM0033,Request ITM0033,2500,868.93,2172319.39,IDR,2025-01-24,low,approved,BUD01124,https://docs.internal/pr/PR202500092.pdf
PR00093,PR202500093,2025-02-21,EMP001,CC011,DEP05,ITM0035,Request ITM0035,5,205147.97,1025739.84,IDR,2025-03-13,normal,approved,BUD00293,https://docs.internal/pr/PR202500093.pdf
PR00094,PR202400094,2024-04-19,EMP033,CC012,DEP06,ITM0004,Request ITM0004,5,11115.07,55575.35,IDR,2024-05-25,low,approved,BUD00831,https://docs.internal/pr/PR202400094.pdf
PR00095,PR202400095,2024-07-14,EMP008,CC006,DEP06,ITM0009,Request ITM0009,5,35243.99,176219.97,IDR,2024-08-09,low,pending,BUD00595,https://docs.internal/pr/PR202400095.pdf
PR00096,PR202400096,2024-11-15,EMP040,CC008,DEP02,ITM0017,Request ITM0017,200,101.54,20308.80,IDR,2024-12-07,urgent,approved,BUD00673,https://docs.internal/pr/PR202400096.pdf
PR00097,PR202400097,2024-07-10,EMP009,CC007,DEP01,ITM0028,Request ITM0028,200,650.26,130051.05,IDR,2024-07-29,low,approved,BUD00329,https://docs.internal/pr/PR202400097.pdf
PR00098,PR202400098,2024-06-05,EMP028,CC008,DEP02,ITM0033,Request ITM0033,1000,818.47,818469.27,IDR,2024-06-28,low,approved,BUD00879,https://docs.internal/pr/PR202400098.pdf
PR00099,PR202500099,2025-10-13,EMP022,CC007,DEP01,ITM0004,Request ITM0004,10,7610.92,76109.15,IDR,2025-11-13,urgent,approved,BUD00106,https://docs.internal/pr/PR202500099.pdf
PR00100,PR202500100,2025-02-10,EMP038,CC011,DEP05,ITM0018,Request ITM0018,1000,138.48,138479.48,IDR,2025-02-25,urgent,approved,BUD00203,https://docs.internal/pr/PR202500100.pdf
PR00101,PR202400101,2024-11-04,EMP035,CC009,DEP03,ITM0037,Request ITM0037,100,43853.51,4385351.37,IDR,2024-12-02,urgent,draft,BUD01044,https://docs.internal/pr/PR202400101.pdf
PR00102,PR202500102,2025-01-25,EMP033,CC008,DEP02,ITM0025,Request ITM0025,1000,34.78,34776.00,IDR,2025-02-25,high,approved,BUD00622,https://docs.internal/pr/PR202500102.pdf
PR00103,PR202400103,2024-07-23,EMP014,CC008,DEP02,ITM0018,Request ITM0018,1000,50.93,50928.00,IDR,2024-08-25,normal,approved,BUD00810,https://docs.internal/pr/PR202400103.pdf
PR00104,PR202500104,2025-03-27,EMP025,CC001,DEP01,ITM0026,Request ITM0026,50,111.42,5571.17,IDR,2025-04-16,low,approved,BUD00271,https://docs.internal/pr/PR202500104.pdf
PR00105,PR202400105,2024-05-12,EMP015,CC007,DEP01,ITM0007,Request ITM0007,1,2225.83,2225.83,IDR,2024-05-31,high,approved,BUD00463,https://docs.internal/pr/PR202400105.pdf
PR00106,PR202500106,2025-11-25,EMP010,CC007,DEP01,ITM0017,Request ITM0017,100,115.32,11532.02,IDR,2026-01-07,urgent,approved,BUD00138,https://docs.internal/pr/PR202500106.pdf
PR00107,PR202400107,2024-03-12,EMP001,CC004,DEP04,ITM0027,Request ITM0027,50,208.34,10416.93,IDR,2024-03-31,high,draft,BUD01144,https://docs.internal/pr/PR202400107.pdf
PR00108,PR202500108,2025-04-13,EMP010,CC009,DEP03,ITM0008,Request ITM0008,200,408.20,81639.91,IDR,2025-05-18,normal,draft,BUD00432,https://docs.internal/pr/PR202500108.pdf
PR00109,PR202400109,2024-08-31,EMP024,CC001,DEP01,ITM0009,Request ITM0009,5,28259.22,141296.09,IDR,2024-10-12,low,approved,BUD00977,https://docs.internal/pr/PR202400109.pdf
PR00110,PR202500110,2025-06-18,EMP026,CC010,DEP04,ITM0015,Request ITM0015,500,8.73,4365.12,IDR,2025-07-14,normal,approved,BUD01146,https://docs.internal/pr/PR202500110.pdf
PR00111,PR202400111,2024-03-23,EMP020,CC001,DEP01,ITM0037,Request ITM0037,2,42288.00,84576.00,IDR,2024-04-26,high,draft,BUD00816,https://docs.internal/pr/PR202400111.pdf
PR00112,PR202500112,2025-06-07,EMP007,CC009,DEP03,ITM0026,Request ITM0026,1000,145.14,145144.62,IDR,2025-07-05,low,approved,BUD00783,https://docs.internal/pr/PR202500112.pdf
PR00113,PR202500113,2025-12-24,EMP001,CC003,DEP03,ITM0025,Request ITM0025,500,45.34,22668.48,IDR,2026-01-13,low,approved,BUD01022,https://docs.internal/pr/PR202500113.pdf
PR00114,PR202500114,2025-02-05,EMP016,CC012,DEP06,ITM0040,Request ITM0040,5,2733.29,13666.47,IDR,2025-02-14,normal,rejected,BUD00216,https://docs.internal/pr/PR202500114.pdf
PR00115,PR202400115,2024-11-09,EMP030,CC008,DEP02,ITM0037,Request ITM0037,50,37469.59,1873479.36,IDR,2024-12-12,low,approved,BUD00176,https://docs.internal/pr/PR202400115.pdf
PR00116,PR202500116,2024-12-25,EMP012,CC002,DEP02,ITM0031,Request ITM0031,1000,344.64,344643.12,IDR,2025-01-18,urgent,approved,BUD00168,https://docs.internal/pr/PR202500116.pdf
PR00117,PR202500117,2025-11-11,EMP010,CC008,DEP02,ITM0010,Request ITM0010,40,23027.84,921113.56,IDR,2025-12-04,high,pending,BUD00233,https://docs.internal/pr/PR202500117.pdf
PR00118,PR202500118,2025-12-04,EMP038,CC002,DEP02,ITM0034,Request ITM0034,50,20865.09,1043254.57,IDR,2026-01-18,normal,approved,BUD00861,https://docs.internal/pr/PR202500118.pdf
PR00119,PR202400119,2024-07-17,EMP040,CC002,DEP02,ITM0024,Request ITM0024,1000,624.79,624786.68,IDR,2024-08-28,low,draft,BUD00184,https://docs.internal/pr/PR202400119.pdf
PR00120,PR202500120,2025-11-07,EMP038,CC001,DEP01,ITM0027,Request ITM0027,250,148.48,37119.90,IDR,2025-12-14,normal,approved,BUD00457,https://docs.internal/pr/PR202500120.pdf
PR00121,PR202500121,2025-08-01,EMP025,CC012,DEP06,ITM0016,Request ITM0016,250,73.93,18482.49,IDR,2025-08-23,normal,approved,BUD00896,https://docs.internal/pr/PR202500121.pdf
PR00122,PR202400122,2024-04-28,EMP017,CC011,DEP05,ITM0023,Request ITM0023,1000,39.44,39438.93,IDR,2024-05-20,normal,approved,BUD00048,https://docs.internal/pr/PR202400122.pdf
PR00123,PR202400123,2023-12-22,EMP001,CC003,DEP03,ITM0037,Request ITM0037,500,81448.31,40724154.00,IDR,2024-01-24,low,approved,BUD00395,https://docs.internal/pr/PR202400123.pdf
PR00124,PR202500124,2025-03-17,EMP023,CC004,DEP04,ITM0034,Request ITM0034,250,18971.47,4742867.52,IDR,2025-04-20,high,approved,BUD00762,https://docs.internal/pr/PR202500124.pdf
PR00125,PR202400125,2024-12-17,EMP029,CC003,DEP03,ITM0004,Request ITM0004,2,10740.86,21481.72,IDR,2025-01-15,urgent,approved,BUD00485,https://docs.internal/pr/PR202400125.pdf
PR00126,PR202500126,2025-10-16,EMP006,CC004,DEP04,ITM0015,Request ITM0015,500,7.46,3729.72,IDR,2025-11-23,high,approved,BUD01101,https://docs.internal/pr/PR202500126.pdf
PR00127,PR202400127,2024-09-13,EMP005,CC008,DEP02,ITM0019,Request ITM0019,50,6555.92,327795.80,IDR,2024-09-23,normal,approved,BUD00959,https://docs.internal/pr/PR202400127.pdf
PR00128,PR202400128,2024-04-05,EMP017,CC002,DEP02,ITM0016,Request ITM0016,5000,63.49,317426.20,IDR,2024-04-26,high,pending,BUD00884,https://docs.internal/pr/PR202400128.pdf
PR00129,PR202400129,2024-08-20,EMP028,CC004,DEP04,ITM0033,Request ITM0033,50,912.67,45633.64,IDR,2024-09-21,normal,approved,BUD00566,https://docs.internal/pr/PR202400129.pdf
PR00130,PR202500130,2025-12-13,EMP011,CC006,DEP06,ITM0001,Request ITM0001,20,10846.81,216936.19,IDR,2026-01-02,normal,approved,BUD00681,https://docs.internal/pr/PR202500130.pdf
PR00131,PR202400131,2024-10-10,EMP018,CC011,DEP05,ITM0001,Request ITM0001,250,13457.04,3364259.63,IDR,2024-11-10,low,approved,BUD00303,https://docs.internal/pr/PR202400131.pdf
PR00132,PR202500132,2025-09-09,EMP001,CC008,DEP02,ITM0022,Request ITM0022,400,52.88,21150.30,IDR,2025-09-24,urgent,pending,BUD00308,https://docs.internal/pr/PR202500132.pdf
PR00133,PR202500133,2025-06-16,EMP030,CC001,DEP01,ITM0040,Request ITM0040,2,2770.90,5541.80,IDR,2025-07-12,low,approved,BUD00109,https://docs.internal/pr/PR202500133.pdf
PR00134,PR202500134,2025-03-02,EMP026,CC002,DEP02,ITM0006,Request ITM0006,25,5180.71,129517.76,IDR,2025-04-01,high,pending,BUD00355,https://docs.internal/pr/PR202500134.pdf
PR00135,PR202500135,2025-08-14,EMP036,CC004,DEP04,ITM0021,Request ITM0021,1,18641.22,18641.22,IDR,2025-09-06,high,approved,BUD00945,https://docs.internal/pr/PR202500135.pdf
PR00136,PR202400136,2024-06-02,EMP004,CC005,DEP05,ITM0001,Request ITM0001,5,14473.93,72369.67,IDR,2024-07-02,low,rejected,BUD00683,https://docs.internal/pr/PR202400136.pdf
PR00137,PR202500137,2025-09-21,EMP034,CC003,DEP03,ITM0019,Request ITM0019,1,8486.57,8486.57,IDR,2025-10-20,normal,approved,BUD00458,https://docs.internal/pr/PR202500137.pdf
PR00138,PR202400138,2024-05-18,EMP031,CC005,DEP05,ITM0002,Request ITM0002,2,40518.18,81036.36,IDR,2024-06-13,urgent,approved,BUD00753,https://docs.internal/pr/PR202400138.pdf
PR00139,PR202500139,2025-02-22,EMP020,CC007,DEP01,ITM0012,Request ITM0012,2,18168.32,36336.65,IDR,2025-03-30,urgent,approved,BUD00772,https://docs.internal/pr/PR202500139.pdf
PR00140,PR202400140,2024-09-30,EMP007,CC012,DEP06,ITM0005,Request ITM0005,50,1288.86,64442.77,IDR,2024-10-22,normal,approved,BUD00401,https://docs.internal/pr/PR202400140.pdf
PR00141,PR202500141,2025-09-20,EMP009,CC009,DEP03,ITM0009,Request ITM0009,5,33807.43,169037.16,IDR,2025-10-03,urgent,approved,BUD00473,https://docs.internal/pr/PR202500141.pdf
PR00142,PR202500142,2025-01-01,EMP032,CC002,DEP02,ITM0013,Request ITM0013,200,661.76,132351.33,IDR,2025-02-03,low,approved,BUD00709,https://docs.internal/pr/PR202500142.pdf
PR00143,PR202500143,2025-12-17,EMP013,CC006,DEP06,ITM0009,Request ITM0009,200,25627.96,5125591.34,IDR,2026-01-06,normal,approved,BUD00476,https://docs.internal/pr/PR202500143.pdf
PR00144,PR202500144,2025-03-03,EMP029,CC012,DEP06,ITM0008,Request ITM0008,1000,294.36,294356.06,IDR,2025-03-29,high,approved,BUD00501,https://docs.internal/pr/PR202500144.pdf
PR00145,PR202400145,2024-09-23,EMP002,CC007,DEP01,ITM0020,Request ITM0020,250,26667.92,6666981.12,IDR,2024-10-17,normal,approved,BUD00422,https://docs.internal/pr/PR202400145.pdf
PR00146,PR202500146,2025-08-01,EMP018,CC011,DEP05,ITM0017,Request ITM0017,100,116.13,11613.21,IDR,2025-08-11,normal,pending,BUD01112,https://docs.internal/pr/PR202500146.pdf
PR00147,PR202400147,2024-11-22,EMP020,CC010,DEP04,ITM0026,Request ITM0026,1000,129.84,129843.94,IDR,2024-12-11,normal,approved,BUD00909,https://docs.internal/pr/PR202400147.pdf
PR00148,PR202500148,2025-12-28,EMP023,CC009,DEP03,ITM0029,Request ITM0029,400,93.01,37203.73,IDR,2026-01-24,normal,approved,BUD00717,https://docs.internal/pr/PR202500148.pdf
PR00149,PR202500149,2025-01-23,EMP033,CC010,DEP04,ITM0010,Request ITM0010,4,26400.37,105601.49,IDR,2025-02-22,urgent,approved,BUD00067,https://docs.internal/pr/PR202500149.pdf
PR00150,PR202400150,2024-11-04,EMP036,CC009,DEP03,ITM0008,Request ITM0008,200,304.55,60909.63,IDR,2024-12-04,urgent,approved,BUD00472,https://docs.internal/pr/PR202400150.pdf
PR00151,PR202500151,2025-03-18,EMP002,CC012,DEP06,ITM0036,Request ITM0036,1,1299.52,1299.52,IDR,2025-04-10,normal,approved,BUD01055,https://docs.internal/pr/PR202500151.pdf
PR00152,PR202400152,2024-01-02,EMP015,CC005,DEP05,ITM0024,Request ITM0024,2000,460.07,920132.22,IDR,2024-01-14,urgent,approved,BUD00585,https://docs.internal/pr/PR202400152.pdf
PR00153,PR202400153,2024-05-05,EMP032,CC001,DEP01,ITM0033,Request ITM0033,1000,742.33,742330.55,IDR,2024-05-22,urgent,approved,BUD00912,https://docs.internal/pr/PR202400153.pdf
PR00154,PR202400154,2024-03-07,EMP016,CC003,DEP03,ITM0034,Request ITM0034,50,18321.13,916056.29,IDR,2024-03-22,normal,approved,BUD00544,https://docs.internal/pr/PR202400154.pdf
PR00155,PR202500155,2025-10-20,EMP021,CC004,DEP04,ITM0023,Request ITM0023,1000,40.82,40816.52,IDR,2025-11-14,normal,approved,BUD00952,https://docs.internal/pr/PR202500155.pdf
PR00156,PR202400156,2024-08-07,EMP039,CC009,DEP03,ITM0011,Request ITM0011,200,14532.89,2906578.59,IDR,2024-09-11,low,approved,BUD00777,https://docs.internal/pr/PR202400156.pdf
PR00157,PR202500157,2025-06-23,EMP018,CC012,DEP06,ITM0032,Request ITM0032,2,10218.16,20436.32,IDR,2025-07-27,urgent,approved,BUD00821,https://docs.internal/pr/PR202500157.pdf
PR00158,PR202400158,2024-11-09,EMP002,CC008,DEP02,ITM0015,Request ITM0015,1000,8.30,8304.58,IDR,2024-12-10,low,approved,BUD00927,https://docs.internal/pr/PR202400158.pdf
PR00159,PR202500159,2025-03-16,EMP014,CC009,DEP03,ITM0022,Request ITM0022,500,48.99,24493.65,IDR,2025-04-18,urgent,approved,BUD00642,https://docs.internal/pr/PR202500159.pdf
PR00160,PR202500160,2025-12-04,EMP014,CC010,DEP04,ITM0021,Request ITM0021,2,19442.40,38884.80,IDR,2026-01-08,high,pending,BUD00967,https://docs.internal/pr/PR202500160.pdf
PR00161,PR202500161,2025-05-15,EMP021,CC007,DEP01,ITM0022,Request ITM0022,500,62.43,31214.25,IDR,2025-06-07,low,approved,BUD00012,https://docs.internal/pr/PR202500161.pdf
PR00162,PR202500162,2025-09-15,EMP037,CC010,DEP04,ITM0014,Request ITM0014,5,15801.43,79007.14,IDR,2025-10-28,urgent,approved,BUD00429,https://docs.internal/pr/PR202500162.pdf
PR00163,PR202400163,2024-07-18,EMP028,CC011,DEP05,ITM0018,Request ITM0018,200,91.85,18370.56,IDR,2024-08-12,high,approved,BUD00955,https://docs.internal/pr/PR202400163.pdf
PR00164,PR202500164,2025-11-25,EMP012,CC008,DEP02,ITM0018,Request ITM0018,2500,128.41,321032.30,IDR,2026-01-07,low,approved,BUD00079,https://docs.internal/pr/PR202500164.pdf
PR00165,PR202400165,2024-06-27,EMP027,CC003,DEP03,ITM0033,Request ITM0033,200,940.79,188157.98,IDR,2024-07-21,high,approved,BUD00561,https://docs.internal/pr/PR202400165.pdf
PR00166,PR202500166,2025-12-23,EMP019,CC005,DEP05,ITM0018,Request ITM0018,200,138.11,27622.23,IDR,2026-01-13,low,approved,BUD01004,https://docs.internal/pr/PR202500166.pdf
PR00167,PR202500167,2025-09-08,EMP001,CC003,DEP03,ITM0037,Request ITM0037,2,36142.49,72284.99,IDR,2025-10-07,high,approved,BUD00206,https://docs.internal/pr/PR202500167.pdf
PR00168,PR202400168,2024-08-19,EMP033,CC003,DEP03,ITM0033,Request ITM0033,500,647.20,323597.60,IDR,2024-09-20,normal,pending,BUD00286,https://docs.internal/pr/PR202400168.pdf
PR00169,PR202400169,2024-04-28,EMP011,CC008,DEP02,ITM0004,Request ITM0004,250,10463.87,2615967.11,IDR,2024-05-22,normal,approved,BUD00353,https://docs.internal/pr/PR202400169.pdf
PR00170,PR202500170,2025-02-27,EMP024,CC006,DEP06,ITM0023,Request ITM0023,1000,30.47,30474.33,IDR,2025-03-14,urgent,approved,BUD00159,https://docs.internal/pr/PR202500170.pdf
PR00171,PR202400171,2024-06-27,EMP004,CC005,DEP05,ITM0037,Request ITM0037,25,47855.34,1196383.50,IDR,2024-08-10,low,approved,BUD00923,https://docs.internal/pr/PR202400171.pdf
PR00172,PR202500172,2025-03-25,EMP002,CC008,DEP02,ITM0019,Request ITM0019,2,8952.72,17905.44,IDR,2025-05-05,low,approved,BUD00229,https://docs.internal/pr/PR202500172.pdf
PR00173,PR202500173,2025-04-01,EMP013,CC010,DEP04,ITM0012,Request ITM0012,5,26747.32,133736.59,IDR,2025-04-21,normal,approved,BUD00101,https://docs.internal/pr/PR202500173.pdf
PR00174,PR202500174,2024-12-15,EMP032,CC004,DEP04,ITM0031,Request ITM0031,500,370.47,185233.47,IDR,2025-01-11,urgent,approved,BUD00524,https://docs.internal/pr/PR202500174.pdf
PR00175,PR202500175,2025-01-10,EMP008,CC010,DEP04,ITM0009,Request ITM0009,1,26477.28,26477.28,IDR,2025-01-29,urgent,approved,BUD01127,https://docs.internal/pr/PR202500175.pdf
PR00176,PR202500176,2025-08-01,EMP002,CC006,DEP06,ITM0027,Request ITM0027,1000,105.45,105446.00,IDR,2025-08-27,urgent,approved,BUD00187,https://docs.internal/pr/PR202500176.pdf
PR00177,PR202400177,2024-11-16,EMP031,CC007,DEP01,ITM0011,Request ITM0011,100,14420.66,1442065.82,IDR,2024-12-23,high,approved,BUD01101,https://docs.internal/pr/PR202400177.pdf
PR00178,PR202400178,2024-08-26,EMP017,CC006,DEP06,ITM0014,Request ITM0014,5,15613.98,78069.91,IDR,2024-09-24,high,approved,BUD00923,https://docs.internal/pr/PR202400178.pdf
PR00179,PR202400179,2024-11-18,EMP040,CC003,DEP03,ITM0001,Request ITM0001,250,15718.48,3929619.67,IDR,2024-12-31,normal,draft,BUD01027,https://docs.internal/pr/PR202400179.pdf
PR00180,PR202400180,2024-11-29,EMP025,CC001,DEP01,ITM0025,Request ITM0025,500,50.07,25033.29,IDR,2024-12-24,high,approved,BUD00461,https://docs.internal/pr/PR202400180.pdf
PR00181,PR202400181,2024-06-16,EMP018,CC002,DEP02,ITM0016,Request ITM0016,2000,71.18,142366.55,IDR,2024-08-03,low,approved,BUD00272,https://docs.internal/pr/PR202400181.pdf
PR00182,PR202500182,2025-09-23,EMP031,CC009,DEP03,ITM0030,Request ITM0030,200,224.22,44844.42,IDR,2025-11-06,high,approved,BUD00542,https://docs.internal/pr/PR202500182.pdf
PR00183,PR202400183,2024-11-15,EMP013,CC007,DEP01,ITM0031,Request ITM0031,200,274.42,54884.63,IDR,2024-12-03,normal,approved,BUD00667,https://docs.internal/pr/PR202400183.pdf
PR00184,PR202400184,2024-07-23,EMP040,CC009,DEP03,ITM0017,Request ITM0017,200,233.47,46694.60,IDR,2024-08-14,low,approved,BUD00153,https://docs.internal/pr/PR202400184.pdf
PR00185,PR202400185,2024-03-26,EMP021,CC012,DEP06,ITM0022,Request ITM0022,500,60.67,30334.81,IDR,2024-04-09,normal,approved,BUD00613,https://docs.internal/pr/PR202400185.pdf
PR00186,PR202500186,2025-09-06,EMP034,CC001,DEP01,ITM0002,Request ITM0002,25,40384.30,1009607.54,IDR,2025-10-01,high,pending,BUD00034,https://docs.internal/pr/PR202500186.pdf
PR00187,PR202500187,2025-08-19,EMP005,CC012,DEP06,ITM0003,Request ITM0003,20,3280.17,65603.49,IDR,2025-09-08,low,approved,BUD01090,https://docs.internal/pr/PR202500187.pdf
PR00188,PR202500188,2025-09-17,EMP035,CC008,DEP02,ITM0002,Request ITM0002,2,35064.12,70128.25,IDR,2025-10-11,high,approved,BUD00313,https://docs.internal/pr/PR202500188.pdf
PR00189,PR202500189,2025-04-08,EMP029,CC007,DEP01,ITM0025,Request ITM0025,500,40.29,20146.71,IDR,2025-05-24,urgent,approved,BUD00256,https://docs.internal/pr/PR202500189.pdf
PR00190,PR202500190,2025-01-12,EMP015,CC012,DEP06,ITM0026,Request ITM0026,250,139.86,34964.55,IDR,2025-02-18,urgent,approved,BUD00966,https://docs.internal/pr/PR202500190.pdf
PR00191,PR202400191,2024-04-09,EMP002,CC001,DEP01,ITM0002,Request ITM0002,10,28986.99,289869.91,IDR,2024-05-12,low,approved,BUD00296,https://docs.internal/pr/PR202400191.pdf
PR00192,PR202400192,2024-08-06,EMP040,CC002,DEP02,ITM0033,Request ITM0033,250,950.52,237630.04,IDR,2024-08-31,normal,approved,BUD00617,https://docs.internal/pr/PR202400192.pdf
PR00193,PR202400193,2024-12-09,EMP014,CC008,DEP02,ITM0031,Request ITM0031,5000,283.29,1416456.41,IDR,2025-01-17,urgent,approved,BUD00242,https://docs.internal/pr/PR202400193.pdf
PR00194,PR202500194,2025-01-05,EMP033,CC004,DEP04,ITM0028,Request ITM0028,1000,825.62,825617.08,IDR,2025-02-15,normal,approved,BUD00035,https://docs.internal/pr/PR202500194.pdf
PR00195,PR202500195,2025-01-28,EMP040,CC007,DEP01,ITM0011,Request ITM0011,100,14687.84,1468783.72,IDR,2025-03-02,low,rejected,BUD00821,https://docs.internal/pr/PR202500195.pdf
PR00196,PR202400196,2024-11-26,EMP005,CC005,DEP05,ITM0034,Request ITM0034,2,23649.26,47298.51,IDR,2024-12-25,high,approved,BUD00428,https://docs.internal/pr/PR202400196.pdf
PR00197,PR202400197,2024-05-12,EMP021,CC001,DEP01,ITM0008,Request ITM0008,500,459.60,229799.65,IDR,2024-06-13,high,approved,BUD01074,https://docs.internal/pr/PR202400197.pdf
PR00198,PR202500198,2025-09-05,EMP007,CC005,DEP05,ITM0024,Request ITM0024,2500,652.19,1630466.75,IDR,2025-10-07,high,rejected,BUD00516,https://docs.internal/pr/PR202500198.pdf
PR00199,PR202500199,2025-11-06,EMP038,CC008,DEP02,ITM0027,Request ITM0027,250,158.25,39563.55,IDR,2025-12-04,high,approved,BUD00213,https://docs.internal/pr/PR202500199.pdf
PR00200,PR202500200,2025-10-31,EMP002,CC012,DEP06,ITM0014,Request ITM0014,4,13498.53,53994.12,IDR,2025-11-29,high,approved,BUD00705,https://docs.internal/pr/PR202500200.pdf
PR00201,PR202400201,2024-11-22,EMP036,CC005,DEP05,ITM0024,Request ITM0024,200,504.19,100837.31,IDR,2025-01-02,normal,approved,BUD00816,https://docs.internal/pr/PR202400201.pdf
PR00202,PR202500202,2025-09-09,EMP002,CC008,DEP02,ITM0006,Request ITM0006,1,7068.87,7068.87,IDR,2025-10-17,normal,approved,BUD00503,https://docs.internal/pr/PR202500202.pdf
PR00203,PR202500203,2025-12-11,EMP021,CC002,DEP02,ITM0035,Request ITM0035,100,163734.27,16373426.78,IDR,2026-01-24,normal,approved,BUD00714,https://docs.internal/pr/PR202500203.pdf
PR00204,PR202500204,2025-12-09,EMP015,CC010,DEP04,ITM0009,Request ITM0009,20,24509.64,490192.75,IDR,2026-01-12,urgent,approved,BUD00296,https://docs.internal/pr/PR202500204.pdf
PR00205,PR202400205,2024-01-15,EMP025,CC012,DEP06,ITM0032,Request ITM0032,500,11907.07,5953532.94,IDR,2024-02-15,normal,approved,BUD00197,https://docs.internal/pr/PR202400205.pdf
PR00206,PR202400206,2024-12-21,EMP040,CC008,DEP02,ITM0002,Request ITM0002,50,45061.71,2253085.52,IDR,2025-01-10,high,approved,BUD00199,https://docs.internal/pr/PR202400206.pdf
PR00207,PR202400207,2024-10-03,EMP034,CC002,DEP02,ITM0016,Request ITM0016,250,59.58,14895.60,IDR,2024-10-24,urgent,approved,BUD01119,https://docs.internal/pr/PR202400207.pdf
PR00208,PR202400208,2024-02-09,EMP034,CC003,DEP03,ITM0020,Request ITM0020,5,19522.75,97613.75,IDR,2024-03-25,low,approved,BUD00440,https://docs.internal/pr/PR202400208.pdf
PR00209,PR202500209,2025-09-24,EMP027,CC012,DEP06,ITM0017,Request ITM0017,200,100.33,20065.01,IDR,2025-10-23,urgent,approved,BUD00570,https://docs.internal/pr/PR202500209.pdf
PR00210,PR202400210,2024-03-23,EMP015,CC001,DEP01,ITM0032,Request ITM0032,5,11920.43,59602.14,IDR,2024-04-08,low,rejected,BUD00139,https://docs.internal/pr/PR202400210.pdf
PR00211,PR202400211,2024-09-25,EMP021,CC001,DEP01,ITM0024,Request ITM0024,1000,554.31,554305.84,IDR,2024-10-13,high,approved,BUD00514,https://docs.internal/pr/PR202400211.pdf
PR00212,PR202400212,2024-04-06,EMP003,CC010,DEP04,ITM0001,Request ITM0001,5,10440.69,52203.43,IDR,2024-04-21,urgent,approved,BUD00791,https://docs.internal/pr/PR202400212.pdf
PR00213,PR202400213,2024-11-19,EMP014,CC007,DEP01,ITM0030,Request ITM0030,500,279.49,139747.34,IDR,2024-12-21,urgent,approved,BUD00927,https://docs.internal/pr/PR202400213.pdf
PR00214,PR202400214,2024-08-05,EMP002,CC012,DEP06,ITM0036,Request ITM0036,10,1352.13,13521.29,IDR,2024-09-14,normal,approved,BUD00560,https://docs.internal/pr/PR202400214.pdf
PR00215,PR202500215,2024-12-25,EMP020,CC002,DEP02,ITM0021,Request ITM0021,2,16907.88,33815.77,IDR,2025-01-16,normal,approved,BUD00335,https://docs.internal/pr/PR202500215.pdf
PR00216,PR202400216,2024-03-22,EMP013,CC011,DEP05,ITM0005,Request ITM0005,5,1363.34,6816.69,IDR,2024-04-24,low,approved,BUD00727,https://docs.internal/pr/PR202400216.pdf
PR00217,PR202500217,2025-10-27,EMP018,CC012,DEP06,ITM0037,Request ITM0037,25,40516.31,1012907.64,IDR,2025-11-16,urgent,approved,BUD00834,https://docs.internal/pr/PR202500217.pdf
PR00218,PR202500218,2025-08-12,EMP013,CC012,DEP06,ITM0030,Request ITM0030,50,285.66,14282.96,IDR,2025-08-29,low,pending,BUD00188,https://docs.internal/pr/PR202500218.pdf
PR00219,PR202400219,2024-01-16,EMP013,CC012,DEP06,ITM0015,Request ITM0015,1000,7.72,7717.45,IDR,2024-02-27,normal,draft,BUD00961,https://docs.internal/pr/PR202400219.pdf
PR00220,PR202400220,2024-10-13,EMP013,CC005,DEP05,ITM0038,Request ITM0038,10,3322.99,33229.87,IDR,2024-11-12,normal,approved,BUD00254,https://docs.internal/pr/PR202400220.pdf
PR00221,PR202400221,2024-12-15,EMP006,CC006,DEP06,ITM0004,Request ITM0004,100,11133.43,1113343.07,IDR,2025-01-03,low,approved,BUD00538,https://docs.internal/pr/PR202400221.pdf
PR00222,PR202500222,2025-10-30,EMP007,CC001,DEP01,ITM0024,Request ITM0024,100,528.00,52799.99,IDR,2025-11-17,high,approved,BUD00691,https://docs.internal/pr/PR202500222.pdf
PR00223,PR202400223,2024-10-23,EMP019,CC006,DEP06,ITM0022,Request ITM0022,1000,58.76,58755.66,IDR,2024-12-11,normal,approved,BUD00757,https://docs.internal/pr/PR202400223.pdf
PR00224,PR202500224,2025-01-23,EMP029,CC007,DEP01,ITM0040,Request ITM0040,100,2945.18,294517.57,IDR,2025-02-27,high,approved,BUD00294,https://docs.internal/pr/PR202500224.pdf
PR00225,PR202400225,2024-10-07,EMP010,CC008,DEP02,ITM0019,Request ITM0019,10,7861.76,78617.64,IDR,2024-11-15,normal,approved,BUD00910,https://docs.internal/pr/PR202400225.pdf
PR00226,PR202500226,2025-12-26,EMP024,CC006,DEP06,ITM0005,Request ITM0005,10,1349.90,13498.99,IDR,2026-01-18,high,approved,BUD00143,https://docs.internal/pr/PR202500226.pdf
PR00227,PR202500227,2025-01-27,EMP013,CC010,DEP04,ITM0026,Request ITM0026,500,127.67,63833.77,IDR,2025-02-12,urgent,approved,BUD00015,https://docs.internal/pr/PR202500227.pdf
PR00228,PR202400228,2024-08-15,EMP014,CC010,DEP04,ITM0003,Request ITM0003,50,2380.30,119014.78,IDR,2024-09-12,urgent,approved,BUD00112,https://docs.internal/pr/PR202400228.pdf
PR00229,PR202400229,2024-04-02,EMP025,CC012,DEP06,ITM0002,Request ITM0002,200,71414.95,14282989.20,IDR,2024-04-29,low,approved,BUD00110,https://docs.internal/pr/PR202400229.pdf
PR00230,PR202500230,2025-05-20,EMP030,CC007,DEP01,ITM0010,Request ITM0010,5,24486.81,122434.05,IDR,2025-06-10,low,approved,BUD00130,https://docs.internal/pr/PR202500230.pdf
PR00231,PR202500231,2025-07-30,EMP032,CC011,DEP05,ITM0023,Request ITM0023,400,39.06,15625.37,IDR,2025-08-22,urgent,approved,BUD00178,https://docs.internal/pr/PR202500231.pdf
PR00232,PR202500232,2025-02-23,EMP022,CC008,DEP02,ITM0033,Request ITM0033,1000,853.40,853400.03,IDR,2025-04-02,high,approved,BUD01124,https://docs.internal/pr/PR202500232.pdf
PR00233,PR202400233,2024-06-24,EMP001,CC012,DEP06,ITM0005,Request ITM0005,10,1387.09,13870.89,IDR,2024-07-24,urgent,approved,BUD00768,https://docs.internal/pr/PR202400233.pdf
PR00234,PR202500234,2025-05-14,EMP025,CC012,DEP06,ITM0006,Request ITM0006,10,7329.69,73296.86,IDR,2025-06-24,urgent,approved,BUD00071,https://docs.internal/pr/PR202500234.pdf
PR00235,PR202500235,2024-12-27,EMP025,CC001,DEP01,ITM0010,Request ITM0010,10,20891.76,208917.63,IDR,2025-01-16,high,approved,BUD01011,https://docs.internal/pr/PR202500235.pdf
PR00236,PR202400236,2024-09-23,EMP011,CC002,DEP02,ITM0023,Request ITM0023,100,28.94,2894.08,IDR,2024-10-22,normal,approved,BUD00914,https://docs.internal/pr/PR202400236.pdf
PR00237,PR202500237,2025-04-29,EMP009,CC009,DEP03,ITM0013,Request ITM0013,1000,626.85,626854.60,IDR,2025-06-04,low,approved,BUD00979,https://docs.internal/pr/PR202500237.pdf
PR00238,PR202500238,2025-09-28,EMP003,CC006,DEP06,ITM0032,Request ITM0032,5,10074.47,50372.37,IDR,2025-10-18,urgent,approved,BUD00700,https://docs.internal/pr/PR202500238.pdf
PR00239,PR202400239,2024-10-10,EMP013,CC006,DEP06,ITM0015,Request ITM0015,200,7.58,1515.18,IDR,2024-11-09,high,approved,BUD00541,https://docs.internal/pr/PR202400239.pdf
PR00240,PR202500240,2025-10-18,EMP017,CC010,DEP04,ITM0024,Request ITM0024,1000,610.84,610842.66,IDR,2025-11-02,urgent,approved,BUD01128,https://docs.internal/pr/PR202500240.pdf
PR00241,PR202400241,2024-03-12,EMP023,CC004,DEP04,ITM0022,Request ITM0022,200,62.20,12439.90,IDR,2024-04-23,high,approved,BUD00451,https://docs.internal/pr/PR202400241.pdf
PR00242,PR202400242,2024-08-21,EMP002,CC009,DEP03,ITM0006,Request ITM0006,100,7824.94,782494.01,IDR,2024-09-16,urgent,approved,BUD00895,https://docs.internal/pr/PR202400242.pdf
PR00243,PR202500243,2025-08-27,EMP023,CC004,DEP04,ITM0025,Request ITM0025,250,40.60,10150.84,IDR,2025-09-20,urgent,approved,BUD00324,https://docs.internal/pr/PR202500243.pdf
PR00244,PR202400244,2024-06-29,EMP031,CC007,DEP01,ITM0015,Request ITM0015,200,7.77,1553.20,IDR,2024-07-31,low,pending,BUD00401,https://docs.internal/pr/PR202400244.pdf
PR00245,PR202500245,2025-08-23,EMP036,CC006,DEP06,ITM0005,Request ITM0005,1,1156.19,1156.19,IDR,2025-09-18,normal,approved,BUD00504,https://docs.internal/pr/PR202500245.pdf
PR00246,PR202400246,2024-11-01,EMP023,CC010,DEP04,ITM0032,Request ITM0032,100,9511.60,951160.14,IDR,2024-12-18,urgent,approved,BUD00515,https://docs.internal/pr/PR202400246.pdf
PR00247,PR202400247,2024-08-13,EMP027,CC001,DEP01,ITM0017,Request ITM0017,500,77.14,38568.01,IDR,2024-08-29,low,approved,BUD00606,https://docs.internal/pr/PR202400247.pdf
PR00248,PR202500248,2025-01-21,EMP037,CC009,DEP03,ITM0034,Request ITM0034,5,18111.23,90556.16,IDR,2025-02-19,urgent,approved,BUD00677,https://docs.internal/pr/PR202500248.pdf
PR00249,PR202400249,2024-03-04,EMP030,CC006,DEP06,ITM0031,Request ITM0031,500,345.26,172629.54,IDR,2024-03-25,urgent,approved,BUD00529,https://docs.internal/pr/PR202400249.pdf
PR00250,PR202400250,2024-04-12,EMP007,CC012,DEP06,ITM0036,Request ITM0036,500,1744.01,872005.65,IDR,2024-05-05,urgent,approved,BUD00819,https://docs.internal/pr/PR202400250.pdf
PR00251,PR202400251,2024-07-14,EMP010,CC009,DEP03,ITM0039,Request ITM0039,1,17028.12,17028.12,IDR,2024-07-24,normal,approved,BUD00106,https://docs.internal/pr/PR202400251.pdf
PR00252,PR202500252,2025-09-21,EMP033,CC002,DEP02,ITM0034,Request ITM0034,2,23455.50,46911.00,IDR,2025-10-11,high,approved,BUD00066,https://docs.internal/pr/PR202500252.pdf
PR00253,PR202400253,2024-03-26,EMP038,CC005,DEP05,ITM0022,Request ITM0022,500,41.99,20996.15,IDR,2024-04-26,urgent,pending,BUD00070,https://docs.internal/pr/PR202400253.pdf
PR00254,PR202500254,2025-01-19,EMP030,CC011,DEP05,ITM0013,Request ITM0013,500,574.54,287270.71,IDR,2025-03-08,high,draft,BUD00921,https://docs.internal/pr/PR202500254.pdf
PR00255,PR202400255,2024-05-08,EMP017,CC007,DEP01,ITM0028,Request ITM0028,100,537.55,53754.88,IDR,2024-05-31,normal,approved,BUD00087,https://docs.internal/pr/PR202400255.pdf
PR00256,PR202400256,2024-08-18,EMP003,CC008,DEP02,ITM0033,Request ITM0033,1000,915.59,915591.33,IDR,2024-09-26,high,draft,BUD01104,https://docs.internal/pr/PR202400256.pdf
PR00257,PR202500257,2025-04-25,EMP039,CC010,DEP04,ITM0022,Request ITM0022,2500,51.15,127872.95,IDR,2025-05-27,normal,approved,BUD00921,https://docs.internal/pr/PR202500257.pdf
PR00258,PR202400258,2024-09-28,EMP033,CC012,DEP06,ITM0028,Request ITM0028,5000,714.94,3574682.83,IDR,2024-10-26,high,approved,BUD00105,https://docs.internal/pr/PR202400258.pdf
PR00259,PR202400259,2024-10-14,EMP035,CC012,DEP06,ITM0027,Request ITM0027,100,217.77,21777.34,IDR,2024-11-02,low,approved,BUD00319,https://docs.internal/pr/PR202400259.pdf
PR00260,PR202500260,2025-01-02,EMP025,CC007,DEP01,ITM0035,Request ITM0035,10,201872.77,2018727.74,IDR,2025-02-05,urgent,approved,BUD00435,https://docs.internal/pr/PR202500260.pdf
PR00261,PR202500261,2025-05-01,EMP036,CC009,DEP03,ITM0007,Request ITM0007,50,2117.99,105899.52,IDR,2025-06-03,low,approved,BUD00067,https://docs.internal/pr/PR202500261.pdf
PR00262,PR202400262,2024-04-09,EMP034,CC010,DEP04,ITM0020,Request ITM0020,2,26899.69,53799.38,IDR,2024-04-24,high,approved,BUD00233,https://docs.internal/pr/PR202400262.pdf
PR00263,PR202400263,2024-03-09,EMP035,CC002,DEP02,ITM0007,Request ITM0007,2,1671.09,3342.18,IDR,2024-04-16,normal,approved,BUD00168,https://docs.internal/pr/PR202400263.pdf
PR00264,PR202500264,2025-07-14,EMP040,CC002,DEP02,ITM0009,Request ITM0009,20,28317.81,566356.11,IDR,2025-08-06,urgent,approved,BUD00003,https://docs.internal/pr/PR202500264.pdf
PR00265,PR202500265,2025-10-16,EMP010,CC004,DEP04,ITM0024,Request ITM0024,1000,574.98,574981.16,IDR,2025-11-05,normal,approved,BUD01004,https://docs.internal/pr/PR202500265.pdf
PR00266,PR202400266,2024-06-23,EMP033,CC011,DEP05,ITM0029,Request ITM0029,500,90.15,45075.89,IDR,2024-07-21,high,pending,BUD00760,https://docs.internal/pr/PR202400266.pdf
PR00267,PR202500267,2025-07-15,EMP005,CC010,DEP04,ITM0007,Request ITM0007,10,2218.62,22186.23,IDR,2025-07-26,normal,pending,BUD00580,https://docs.internal/pr/PR202500267.pdf
PR00268,PR202400268,2024-08-28,EMP034,CC001,DEP01,ITM0036,Request ITM0036,10,1690.40,16904.00,IDR,2024-09-20,high,approved,BUD01135,https://docs.internal/pr/PR202400268.pdf
PR00269,PR202400269,2024-04-09,EMP036,CC008,DEP02,ITM0009,Request ITM0009,5,35532.39,177661.97,IDR,2024-04-27,normal,approved,BUD00448,https://docs.internal/pr/PR202400269.pdf
PR00270,PR202400270,2024-04-28,EMP029,CC009,DEP03,ITM0038,Request ITM0038,10,3351.20,33512.01,IDR,2024-05-17,low,approved,BUD00044,https://docs.internal/pr/PR202400270.pdf
PR00271,PR202400271,2024-03-16,EMP034,CC012,DEP06,ITM0014,Request ITM0014,2,15744.67,31489.35,IDR,2024-04-22,high,approved,BUD00928,https://docs.internal/pr/PR202400271.pdf
PR00272,PR202400272,2024-08-19,EMP034,CC003,DEP03,ITM0035,Request ITM0035,50,191545.84,9577291.93,IDR,2024-09-04,normal,approved,BUD00493,https://docs.internal/pr/PR202400272.pdf
PR00273,PR202400273,2024-10-04,EMP021,CC003,DEP03,ITM0022,Request ITM0022,50,22.46,1122.80,IDR,2024-11-08,low,approved,BUD00170,https://docs.internal/pr/PR202400273.pdf
PR00274,PR202400274,2024-06-14,EMP028,CC008,DEP02,ITM0019,Request ITM0019,5,10060.43,50302.16,IDR,2024-07-27,low,approved,BUD00006,https://docs.internal/pr/PR202400274.pdf
PR00275,PR202500275,2025-11-20,EMP004,CC007,DEP01,ITM0020,Request ITM0020,20,23471.60,469431.94,IDR,2025-12-26,urgent,approved,BUD00728,https://docs.internal/pr/PR202500275.pdf
PR00276,PR202500276,2025-01-28,EMP020,CC003,DEP03,ITM0019,Request ITM0019,40,9438.19,377527.68,IDR,2025-03-03,normal,approved,BUD00755,https://docs.internal/pr/PR202500276.pdf
PR00277,PR202400277,2024-01-14,EMP007,CC006,DEP06,ITM0031,Request ITM0031,1000,255.09,255089.52,IDR,2024-02-20,normal,approved,BUD00565,https://docs.internal/pr/PR202400277.pdf
PR00278,PR202500278,2025-12-19,EMP038,CC002,DEP02,ITM0034,Request ITM0034,10,19981.65,199816.55,IDR,2026-01-09,urgent,approved,BUD00444,https://docs.internal/pr/PR202500278.pdf
PR00279,PR202400279,2024-04-29,EMP019,CC010,DEP04,ITM0034,Request ITM0034,10,20894.63,208946.30,IDR,2024-06-07,urgent,approved,BUD00007,https://docs.internal/pr/PR202400279.pdf
PR00280,PR202500280,2025-04-18,EMP035,CC007,DEP01,ITM0022,Request ITM0022,200,56.79,11357.25,IDR,2025-05-13,high,pending,BUD00044,https://docs.internal/pr/PR202500280.pdf
PR00281,PR202500281,2025-01-03,EMP028,CC001,DEP01,ITM0026,Request ITM0026,50,146.79,7339.42,IDR,2025-01-21,low,pending,BUD01066,https://docs.internal/pr/PR202500281.pdf
PR00282,PR202400282,2024-08-09,EMP005,CC006,DEP06,ITM0026,Request ITM0026,500,129.68,64838.06,IDR,2024-09-06,low,pending,BUD00360,https://docs.internal/pr/PR202400282.pdf
PR00283,PR202400283,2024-08-23,EMP032,CC007,DEP01,ITM0022,Request ITM0022,500,48.16,24078.67,IDR,2024-10-05,normal,approved,BUD00432,https://docs.internal/pr/PR202400283.pdf
PR00284,PR202400284,2024-03-16,EMP029,CC005,DEP05,ITM0037,Request ITM0037,2,43264.08,86528.16,IDR,2024-03-29,urgent,approved,BUD00862,https://docs.internal/pr/PR202400284.pdf
PR00285,PR202400285,2024-08-30,EMP040,CC012,DEP06,ITM0010,Request ITM0010,10,24137.44,241374.39,IDR,2024-10-07,urgent,approved,BUD00318,https://docs.internal/pr/PR202400285.pdf
PR00286,PR202500286,2025-11-22,EMP010,CC007,DEP01,ITM0028,Request ITM0028,1000,614.72,614720.81,IDR,2025-12-19,urgent,approved,BUD00775,https://docs.internal/pr/PR202500286.pdf
PR00287,PR202400287,2024-09-10,EMP002,CC003,DEP03,ITM0018,Request ITM0018,400,99.46,39785.98,IDR,2024-09-26,low,approved,BUD00014,https://docs.internal/pr/PR202400287.pdf
PR00288,PR202400288,2024-06-26,EMP024,CC004,DEP04,ITM0034,Request ITM0034,10,23580.74,235807.41,IDR,2024-07-13,low,approved,BUD01015,https://docs.internal/pr/PR202400288.pdf
PR00289,PR202500289,2025-12-08,EMP023,CC012,DEP06,ITM0005,Request ITM0005,1,1376.07,1376.07,IDR,2026-01-01,high,pending,BUD00822,https://docs.internal/pr/PR202500289.pdf
PR00290,PR202400290,2024-05-15,EMP006,CC010,DEP04,ITM0006,Request ITM0006,50,6020.33,301016.69,IDR,2024-06-07,low,approved,BUD00449,https://docs.internal/pr/PR202400290.pdf
PR00291,PR202500291,2025-03-05,EMP005,CC001,DEP01,ITM0007,Request ITM0007,20,2006.38,40127.58,IDR,2025-04-07,low,rejected,BUD01007,https://docs.internal/pr/PR202500291.pdf
PR00292,PR202500292,2025-09-05,EMP022,CC012,DEP06,ITM0012,Request ITM0012,100,17594.58,1759458.16,IDR,2025-10-25,urgent,rejected,BUD00479,https://docs.internal/pr/PR202500292.pdf
PR00293,PR202500293,2025-02-20,EMP021,CC007,DEP01,ITM0015,Request ITM0015,1000,8.61,8605.10,IDR,2025-03-24,urgent,approved,BUD00047,https://docs.internal/pr/PR202500293.pdf
PR00294,PR202500294,2025-10-16,EMP029,CC002,DEP02,ITM0011,Request ITM0011,10,13779.15,137791.50,IDR,2025-11-22,normal,approved,BUD00150,https://docs.internal/pr/PR202500294.pdf
PR00295,PR202400295,2024-10-20,EMP019,CC006,DEP06,ITM0020,Request ITM0020,10,25222.29,252222.93,IDR,2024-11-16,urgent,approved,BUD00074,https://docs.internal/pr/PR202400295.pdf
PR00296,PR202400296,2024-05-23,EMP001,CC007,DEP01,ITM0037,Request ITM0037,40,48601.39,1944055.41,IDR,2024-07-07,normal,approved,BUD00756,https://docs.internal/pr/PR202400296.pdf
PR00297,PR202500297,2025-11-04,EMP013,CC009,DEP03,ITM0009,Request ITM0009,10,26103.65,261036.54,IDR,2025-12-07,low,draft,BUD00697,https://docs.internal/pr/PR202500297.pdf
PR00298,PR202500298,2025-03-02,EMP012,CC006,DEP06,ITM0006,Request ITM0006,20,5670.28,113405.53,IDR,2025-04-12,normal,approved,BUD00827,https://docs.internal/pr/PR202500298.pdf
PR00299,PR202400299,2024-03-07,EMP018,CC001,DEP01,ITM0008,Request ITM0008,2000,443.56,887123.88,IDR,2024-04-02,normal,approved,BUD00808,https://docs.internal/pr/PR202400299.pdf
PR00300,PR202500300,2025-01-07,EMP004,CC010,DEP04,ITM0025,Request ITM0025,5000,47.45,237248.12,IDR,2025-02-05,urgent,approved,BUD00014,https://docs.internal/pr/PR202500300.pdf
PR00301,PR202500301,2025-05-05,EMP021,CC012,DEP06,ITM0033,Request ITM0033,1000,845.92,845917.03,IDR,2025-06-02,normal,rejected,BUD01029,https://docs.internal/pr/PR202500301.pdf
PR00302,PR202400302,2024-06-07,EMP003,CC001,DEP01,ITM0040,Request ITM0040,2,3555.13,7110.25,IDR,2024-06-24,high,approved,BUD00471,https://docs.internal/pr/PR202400302.pdf
PR00303,PR202500303,2025-03-25,EMP033,CC012,DEP06,ITM0029,Request ITM0029,50,118.38,5918.87,IDR,2025-04-24,high,approved,BUD00429,https://docs.internal/pr/PR202500303.pdf
PR00304,PR202500304,2025-06-01,EMP036,CC011,DEP05,ITM0030,Request ITM0030,400,282.38,112953.19,IDR,2025-06-24,urgent,approved,BUD00317,https://docs.internal/pr/PR202500304.pdf
PR00305,PR202400305,2024-06-04,EMP036,CC003,DEP03,ITM0028,Request ITM0028,200,754.68,150936.34,IDR,2024-07-04,high,approved,BUD00745,https://docs.internal/pr/PR202400305.pdf
PR00306,PR202500306,2025-09-06,EMP022,CC004,DEP04,ITM0038,Request ITM0038,5,2502.69,12513.47,IDR,2025-10-04,urgent,approved,BUD01080,https://docs.internal/pr/PR202500306.pdf
PR00307,PR202500307,2025-01-21,EMP002,CC005,DEP05,ITM0035,Request ITM0035,100,157957.74,15795774.32,IDR,2025-02-11,urgent,draft,BUD00168,https://docs.internal/pr/PR202500307.pdf
PR00308,PR202500308,2025-07-31,EMP037,CC002,DEP02,ITM0037,Request ITM0037,50,39204.79,1960239.34,IDR,2025-08-18,normal,approved,BUD00714,https://docs.internal/pr/PR202500308.pdf
PR00309,PR202500309,2025-04-16,EMP025,CC007,DEP01,ITM0009,Request ITM0009,20,29027.93,580558.67,IDR,2025-05-02,low,approved,BUD00248,https://docs.internal/pr/PR202500309.pdf
PR00310,PR202400310,2024-04-19,EMP009,CC003,DEP03,ITM0036,Request ITM0036,100,1175.22,117521.56,IDR,2024-05-19,normal,approved,BUD00036,https://docs.internal/pr/PR202400310.pdf
PR00311,PR202400311,2024-06-05,EMP031,CC001,DEP01,ITM0002,Request ITM0002,20,45278.14,905562.86,IDR,2024-06-28,normal,approved,BUD00982,https://docs.internal/pr/PR202400311.pdf
PR00312,PR202400312,2024-05-21,EMP020,CC010,DEP04,ITM0024,Request ITM0024,1000,655.28,655279.29,IDR,2024-06-25,high,approved,BUD00762,https://docs.internal/pr/PR202400312.pdf
PR00313,PR202400313,2024-04-26,EMP010,CC010,DEP04,ITM0028,Request ITM0028,1000,287.76,287760.00,IDR,2024-05-30,low,approved,BUD00702,https://docs.internal/pr/PR202400313.pdf
PR00314,PR202500314,2025-03-03,EMP013,CC010,DEP04,ITM0039,Request ITM0039,20,19483.63,389672.65,IDR,2025-04-11,urgent,approved,BUD00521,https://docs.internal/pr/PR202500314.pdf
PR00315,PR202500315,2025-11-28,EMP021,CC004,DEP04,ITM0016,Request ITM0016,2000,71.94,143888.38,IDR,2025-12-28,low,approved,BUD00649,https://docs.internal/pr/PR202500315.pdf
PR00316,PR202400316,2024-10-23,EMP040,CC008,DEP02,ITM0012,Request ITM0012,40,18476.14,739045.66,IDR,2024-11-05,high,approved,BUD00339,https://docs.internal/pr/PR202400316.pdf
PR00317,PR202400317,2024-01-18,EMP035,CC007,DEP01,ITM0035,Request ITM0035,100,206033.50,20603349.91,IDR,2024-02-06,normal,pending,BUD00330,https://docs.internal/pr/PR202400317.pdf
PR00318,PR202400318,2024-05-16,EMP001,CC009,DEP03,ITM0023,Request ITM0023,1000,41.00,41000.32,IDR,2024-07-02,low,approved,BUD00532,https://docs.internal/pr/PR202400318.pdf
PR00319,PR202400319,2024-10-24,EMP023,CC007,DEP01,ITM0023,Request ITM0023,5000,42.14,210718.84,IDR,2024-11-21,normal,approved,BUD00363,https://docs.internal/pr/PR202400319.pdf
PR00320,PR202500320,2025-04-08,EMP025,CC003,DEP03,ITM0029,Request ITM0029,2000,108.48,216951.07,IDR,2025-04-30,normal,approved,BUD00833,https://docs.internal/pr/PR202500320.pdf
PR00321,PR202500321,2025-11-02,EMP015,CC004,DEP04,ITM0039,Request ITM0039,250,20350.50,5087624.66,IDR,2025-11-26,low,approved,BUD00700,https://docs.internal/pr/PR202500321.pdf
PR00322,PR202500322,2025-08-14,EMP009,CC012,DEP06,ITM0005,Request ITM0005,50,1086.86,54342.96,IDR,2025-09-24,low,approved,BUD01120,https://docs.internal/pr/PR202500322.pdf
PR00323,PR202500323,2025-06-19,EMP004,CC002,DEP02,ITM0020,Request ITM0020,4,22354.85,89419.39,IDR,2025-07-11,normal,approved,BUD00120,https://docs.internal/pr/PR202500323.pdf
PR00324,PR202400324,2024-03-13,EMP004,CC005,DEP05,ITM0037,Request ITM0037,200,37151.70,7430339.40,IDR,2024-04-07,high,pending,BUD01141,https://docs.internal/pr/PR202400324.pdf
PR00325,PR202500325,2025-10-08,EMP021,CC007,DEP01,ITM0032,Request ITM0032,2,11785.12,23570.25,IDR,2025-11-09,urgent,rejected,BUD00697,https://docs.internal/pr/PR202500325.pdf
PR00326,PR202500326,2025-06-25,EMP033,CC010,DEP04,ITM0037,Request ITM0037,2,43772.92,87545.85,IDR,2025-07-13,normal,approved,BUD00757,https://docs.internal/pr/PR202500326.pdf
PR00327,PR202500327,2025-03-11,EMP024,CC009,DEP03,ITM0021,Request ITM0021,1,6861.43,6861.43,IDR,2025-03-29,urgent,approved,BUD00123,https://docs.internal/pr/PR202500327.pdf
PR00328,PR202400328,2024-04-10,EMP015,CC007,DEP01,ITM0004,Request ITM0004,100,10793.10,1079309.97,IDR,2024-05-16,urgent,approved,BUD01091,https://docs.internal/pr/PR202400328.pdf
PR00329,PR202400329,2024-04-13,EMP029,CC008,DEP02,ITM0013,Request ITM0013,5000,655.44,3277220.49,IDR,2024-05-05,normal,pending,BUD00498,https://docs.internal/pr/PR202400329.pdf
PR00330,PR202500330,2025-12-03,EMP005,CC008,DEP02,ITM0011,Request ITM0011,50,13071.36,653567.88,IDR,2025-12-16,low,approved,BUD00138,https://docs.internal/pr/PR202500330.pdf
PR00331,PR202400331,2024-11-05,EMP017,CC005,DEP05,ITM0005,Request ITM0005,4,1221.03,4884.13,IDR,2024-12-11,normal,approved,BUD01096,https://docs.internal/pr/PR202400331.pdf
PR00332,PR202400332,2024-12-07,EMP025,CC004,DEP04,ITM0009,Request ITM0009,5,30856.29,154281.46,IDR,2024-12-25,urgent,approved,BUD00518,https://docs.internal/pr/PR202400332.pdf
PR00333,PR202400333,2024-06-11,EMP028,CC007,DEP01,ITM0008,Request ITM0008,250,363.13,90783.07,IDR,2024-07-03,urgent,approved,BUD00792,https://docs.internal/pr/PR202400333.pdf
PR00334,PR202500334,2025-09-09,EMP012,CC001,DEP01,ITM0007,Request ITM0007,500,1670.99,835492.80,IDR,2025-10-07,high,approved,BUD00777,https://docs.internal/pr/PR202500334.pdf
PR00335,PR202400335,2024-01-31,EMP035,CC012,DEP06,ITM0036,Request ITM0036,2,1360.94,2721.87,IDR,2024-03-10,urgent,approved,BUD00327,https://docs.internal/pr/PR202400335.pdf
PR00336,PR202500336,2025-09-13,EMP034,CC010,DEP04,ITM0002,Request ITM0002,40,40464.71,1618588.26,IDR,2025-10-10,urgent,approved,BUD00031,https://docs.internal/pr/PR202500336.pdf
PR00337,PR202400337,2024-07-04,EMP009,CC002,DEP02,ITM0031,Request ITM0031,400,316.86,126742.70,IDR,2024-07-31,high,rejected,BUD00764,https://docs.internal/pr/PR202400337.pdf
PR00338,PR202500338,2025-05-05,EMP024,CC008,DEP02,ITM0003,Request ITM0003,1,2654.59,2654.59,IDR,2025-06-08,low,rejected,BUD00102,https://docs.internal/pr/PR202500338.pdf
PR00339,PR202400339,2024-02-26,EMP014,CC003,DEP03,ITM0015,Request ITM0015,250,8.47,2117.26,IDR,2024-03-25,normal,approved,BUD01031,https://docs.internal/pr/PR202400339.pdf
PR00340,PR202500340,2025-01-02,EMP012,CC007,DEP01,ITM0040,Request ITM0040,100,2914.08,291408.17,IDR,2025-01-21,high,approved,BUD00466,https://docs.internal/pr/PR202500340.pdf
PR00341,PR202500341,2024-12-30,EMP013,CC005,DEP05,ITM0017,Request ITM0017,50,116.07,5803.75,IDR,2025-01-24,normal,approved,BUD00145,https://docs.internal/pr/PR202500341.pdf
PR00342,PR202400342,2024-10-21,EMP026,CC003,DEP03,ITM0033,Request ITM0033,500,917.66,458832.00,IDR,2024-11-17,high,approved,BUD00109,https://docs.internal/pr/PR202400342.pdf
PR00343,PR202400343,2024-04-25,EMP025,CC001,DEP01,ITM0033,Request ITM0033,400,605.70,242278.26,IDR,2024-05-22,normal,approved,BUD00049,https://docs.internal/pr/PR202400343.pdf
PR00344,PR202500344,2025-10-01,EMP009,CC008,DEP02,ITM0022,Request ITM0022,250,51.41,12851.98,IDR,2025-10-16,high,approved,BUD00750,https://docs.internal/pr/PR202500344.pdf
PR00345,PR202500345,2025-07-19,EMP023,CC006,DEP06,ITM0040,Request ITM0040,10,3639.77,36397.70,IDR,2025-08-20,high,approved,BUD00698,https://docs.internal/pr/PR202500345.pdf
PR00346,PR202500346,2025-08-03,EMP026,CC008,DEP02,ITM0020,Request ITM0020,50,25597.44,1279872.05,IDR,2025-09-04,normal,approved,BUD00685,https://docs.internal/pr/PR202500346.pdf
PR00347,PR202500347,2025-10-08,EMP006,CC007,DEP01,ITM0035,Request ITM0035,2,214157.84,428315.68,IDR,2025-10-26,normal,approved,BUD00014,https://docs.internal/pr/PR202500347.pdf
PR00348,PR202400348,2024-10-13,EMP023,CC003,DEP03,ITM0030,Request ITM0030,500,215.62,107809.46,IDR,2024-11-16,low,approved,BUD00371,https://docs.internal/pr/PR202400348.pdf
PR00349,PR202400349,2024-11-12,EMP022,CC004,DEP04,ITM0030,Request ITM0030,500,213.65,106827.24,IDR,2024-12-15,normal,approved,BUD00138,https://docs.internal/pr/PR202400349.pdf
PR00350,PR202400350,2024-06-19,EMP008,CC002,DEP02,ITM0006,Request ITM0006,20,7365.06,147301.13,IDR,2024-07-24,normal,approved,BUD00021,https://docs.internal/pr/PR202400350.pdf
PR00351,PR202400351,2024-09-29,EMP030,CC008,DEP02,ITM0001,Request ITM0001,20,12633.73,252674.52,IDR,2024-11-08,low,approved,BUD01101,https://docs.internal/pr/PR202400351.pdf
PR00352,PR202400352,2024-06-26,EMP004,CC006,DEP06,ITM0006,Request ITM0006,5,7990.59,39952.94,IDR,2024-07-31,urgent,approved,BUD00806,https://docs.internal/pr/PR202400352.pdf
PR00353,PR202500353,2025-03-17,EMP009,CC007,DEP01,ITM0020,Request ITM0020,1,29239.19,29239.19,IDR,2025-04-09,low,pending,BUD00606,https://docs.internal/pr/PR202500353.pdf
PR00354,PR202400354,2024-06-18,EMP010,CC002,DEP02,ITM0027,Request ITM0027,2000,138.16,276313.31,IDR,2024-07-20,low,approved,BUD01094,https://docs.internal/pr/PR202400354.pdf
PR00355,PR202400355,2024-09-23,EMP002,CC006,DEP06,ITM0013,Request ITM0013,1000,788.98,788978.62,IDR,2024-10-21,high,draft,BUD00957,https://docs.internal/pr/PR202400355.pdf
PR00356,PR202500356,2025-01-21,EMP013,CC006,DEP06,ITM0037,Request ITM0037,10,33497.18,334971.75,IDR,2025-02-21,high,draft,BUD00968,https://docs.internal/pr/PR202500356.pdf
PR00357,PR202400357,2024-10-23,EMP009,CC002,DEP02,ITM0039,Request ITM0039,1,16781.53,16781.53,IDR,2024-11-17,high,approved,BUD00046,https://docs.internal/pr/PR202400357.pdf
PR00358,PR202500358,2025-02-18,EMP011,CC007,DEP01,ITM0019,Request ITM0019,20,9199.15,183983.00,IDR,2025-03-14,high,approved,BUD00633,https://docs.internal/pr/PR202500358.pdf
PR00359,PR202400359,2024-07-23,EMP032,CC004,DEP04,ITM0033,Request ITM0033,500,906.66,453329.71,IDR,2024-08-08,low,approved,BUD01084,https://docs.internal/pr/PR202400359.pdf
PR00360,PR202500360,2025-02-03,EMP005,CC005,DEP05,ITM0034,Request ITM0034,5,11469.47,57347.37,IDR,2025-03-01,normal,approved,BUD00246,https://docs.internal/pr/PR202500360.pdf
PR00361,PR202400361,2024-12-16,EMP040,CC004,DEP04,ITM0014,Request ITM0014,50,15931.41,796570.41,IDR,2025-01-19,normal,pending,BUD00003,https://docs.internal/pr/PR202400361.pdf
PR00362,PR202400362,2024-11-13,EMP015,CC007,DEP01,ITM0031,Request ITM0031,200,274.87,54974.33,IDR,2024-12-11,high,approved,BUD00072,https://docs.internal/pr/PR202400362.pdf
PR00363,PR202500363,2025-05-10,EMP021,CC008,DEP02,ITM0028,Request ITM0028,2500,795.74,1989352.72,IDR,2025-05-28,normal,approved,BUD00430,https://docs.internal/pr/PR202500363.pdf
PR00364,PR202500364,2025-10-01,EMP026,CC011,DEP05,ITM0031,Request ITM0031,1000,382.83,382829.69,IDR,2025-10-25,low,approved,BUD00484,https://docs.internal/pr/PR202500364.pdf
PR00365,PR202500365,2025-02-24,EMP024,CC002,DEP02,ITM0018,Request ITM0018,50,136.41,6820.67,IDR,2025-03-29,high,approved,BUD00148,https://docs.internal/pr/PR202500365.pdf
PR00366,PR202500366,2025-09-20,EMP037,CC004,DEP04,ITM0032,Request ITM0032,1,8426.72,8426.72,IDR,2025-10-17,urgent,approved,BUD00948,https://docs.internal/pr/PR202500366.pdf
PR00367,PR202500367,2025-09-26,EMP013,CC001,DEP01,ITM0020,Request ITM0020,40,27271.88,1090875.26,IDR,2025-11-03,high,pending,BUD00373,https://docs.internal/pr/PR202500367.pdf
PR00368,PR202400368,2024-09-07,EMP025,CC005,DEP05,ITM0003,Request ITM0003,100,2953.00,295300.35,IDR,2024-10-18,urgent,draft,BUD00582,https://docs.internal/pr/PR202400368.pdf
PR00369,PR202500369,2025-05-24,EMP035,CC011,DEP05,ITM0004,Request ITM0004,10,8710.39,87103.86,IDR,2025-06-25,urgent,approved,BUD00610,https://docs.internal/pr/PR202500369.pdf
PR00370,PR202500370,2025-09-25,EMP001,CC003,DEP03,ITM0023,Request ITM0023,100,41.32,4132.10,IDR,2025-10-20,normal,approved,BUD01084,https://docs.internal/pr/PR202500370.pdf
PR00371,PR202500371,2025-12-21,EMP017,CC005,DEP05,ITM0005,Request ITM0005,5,1516.03,7580.13,IDR,2026-01-14,normal,approved,BUD00553,https://docs.internal/pr/PR202500371.pdf
PR00372,PR202500372,2025-01-11,EMP001,CC001,DEP01,ITM0027,Request ITM0027,100,172.64,17264.42,IDR,2025-02-13,urgent,approved,BUD00624,https://docs.internal/pr/PR202500372.pdf
PR00373,PR202500373,2025-07-26,EMP025,CC004,DEP04,ITM0005,Request ITM0005,2,1477.77,2955.53,IDR,2025-08-22,high,approved,BUD00099,https://docs.internal/pr/PR202500373.pdf
PR00374,PR202500374,2025-08-02,EMP019,CC002,DEP02,ITM0010,Request ITM0010,100,23539.47,2353946.64,IDR,2025-08-30,low,approved,BUD00619,https://docs.internal/pr/PR202500374.pdf
PR00375,PR202400375,2024-06-07,EMP017,CC007,DEP01,ITM0037,Request ITM0037,2,33137.20,66274.39,IDR,2024-06-23,low,approved,BUD00877,https://docs.internal/pr/PR202400375.pdf
PR00376,PR202500376,2025-08-01,EMP030,CC012,DEP06,ITM0005,Request ITM0005,100,1452.85,145285.34,IDR,2025-08-16,normal,approved,BUD00600,https://docs.internal/pr/PR202500376.pdf
PR00377,PR202500377,2024-12-21,EMP033,CC002,DEP02,ITM0015,Request ITM0015,500,8.66,4331.19,IDR,2025-01-18,low,approved,BUD00703,https://docs.internal/pr/PR202500377.pdf
PR00378,PR202500378,2025-03-27,EMP007,CC010,DEP04,ITM0032,Request ITM0032,100,9405.14,940514.48,IDR,2025-05-04,high,draft,BUD00727,https://docs.internal/pr/PR202500378.pdf
PR00379,PR202400379,2024-06-21,EMP015,CC009,DEP03,ITM0008,Request ITM0008,1000,295.92,295921.08,IDR,2024-07-11,low,approved,BUD00739,https://docs.internal/pr/PR202400379.pdf
PR00380,PR202500380,2025-05-15,EMP040,CC006,DEP06,ITM0011,Request ITM0011,40,13741.74,549669.76,IDR,2025-06-15,urgent,approved,BUD01018,https://docs.internal/pr/PR202500380.pdf
PR00381,PR202500381,2025-11-21,EMP003,CC003,DEP03,ITM0011,Request ITM0011,500,13569.30,6784651.63,IDR,2025-12-15,urgent,approved,BUD00477,https://docs.internal/pr/PR202500381.pdf
PR00382,PR202500382,2025-06-25,EMP012,CC002,DEP02,ITM0015,Request ITM0015,100,6.35,634.50,IDR,2025-07-15,low,approved,BUD00763,https://docs.internal/pr/PR202500382.pdf
PR00383,PR202500383,2025-07-01,EMP009,CC004,DEP04,ITM0025,Request ITM0025,200,46.61,9321.80,IDR,2025-07-27,low,approved,BUD00289,https://docs.internal/pr/PR202500383.pdf
PR00384,PR202500384,2025-12-15,EMP028,CC007,DEP01,ITM0011,Request ITM0011,1,13400.14,13400.14,IDR,2026-01-27,normal,approved,BUD00005,https://docs.internal/pr/PR202500384.pdf
PR00385,PR202500385,2025-07-16,EMP016,CC004,DEP04,ITM0004,Request ITM0004,25,9176.62,229415.40,IDR,2025-08-23,normal,approved,BUD01028,https://docs.internal/pr/PR202500385.pdf
PR00386,PR202500386,2025-12-01,EMP031,CC006,DEP06,ITM0033,Request ITM0033,1000,971.56,971556.59,IDR,2026-01-18,low,approved,BUD00832,https://docs.internal/pr/PR202500386.pdf
PR00387,PR202500387,2025-12-02,EMP025,CC003,DEP03,ITM0010,Request ITM0010,500,18396.34,9198172.06,IDR,2026-01-07,low,approved,BUD00284,https://docs.internal/pr/PR202500387.pdf
PR00388,PR202500388,2025-10-14,EMP036,CC006,DEP06,ITM0002,Request ITM0002,25,39697.87,992446.65,IDR,2025-11-17,high,approved,BUD00831,https://docs.internal/pr/PR202500388.pdf
PR00389,PR202500389,2025-01-31,EMP030,CC001,DEP01,ITM0021,Request ITM0021,5,17457.88,87289.38,IDR,2025-02-21,low,approved,BUD00038,https://docs.internal/pr/PR202500389.pdf
PR00390,PR202500390,2025-03-18,EMP007,CC010,DEP04,ITM0001,Request ITM0001,10,12670.10,126701.02,IDR,2025-05-01,high,pending,BUD00417,https://docs.internal/pr/PR202500390.pdf
PR00391,PR202400391,2023-12-29,EMP019,CC007,DEP01,ITM0023,Request ITM0023,500,28.32,14160.47,IDR,2024-01-24,urgent,approved,BUD00040,https://docs.internal/pr/PR202400391.pdf
PR00392,PR202500392,2025-08-24,EMP011,CC005,DEP05,ITM0003,Request ITM0003,500,2240.78,1120390.02,IDR,2025-09-24,normal,pending,BUD00259,https://docs.internal/pr/PR202500392.pdf
PR00393,PR202400393,2024-05-21,EMP012,CC002,DEP02,ITM0023,Request ITM0023,500,41.48,20740.60,IDR,2024-06-13,normal,approved,BUD00442,https://docs.internal/pr/PR202400393.pdf
PR00394,PR202400394,2024-05-03,EMP030,CC008,DEP02,ITM0006,Request ITM0006,20,7990.89,159817.84,IDR,2024-06-08,high,approved,BUD01098,https://docs.internal/pr/PR202400394.pdf
PR00395,PR202500395,2025-04-23,EMP034,CC012,DEP06,ITM0031,Request ITM0031,200,381.08,76216.69,IDR,2025-06-07,high,approved,BUD00230,https://docs.internal/pr/PR202500395.pdf
PR00396,PR202500396,2025-08-10,EMP012,CC002,DEP02,ITM0012,Request ITM0012,1,55510.43,55510.43,IDR,2025-09-06,urgent,approved,BUD00670,https://docs.internal/pr/PR202500396.pdf
PR00397,PR202400397,2024-09-21,EMP035,CC010,DEP04,ITM0022,Request ITM0022,50,52.85,2642.62,IDR,2024-10-15,normal,approved,BUD00035,https://docs.internal/pr/PR202400397.pdf
PR00398,PR202400398,2024-04-19,EMP039,CC011,DEP05,ITM0008,Request ITM0008,5000,388.40,1942011.98,IDR,2024-06-03,low,pending,BUD00282,https://docs.internal/pr/PR202400398.pdf
PR00399,PR202400399,2024-11-13,EMP020,CC005,DEP05,ITM0013,Request ITM0013,100,679.13,67912.70,IDR,2025-01-01,low,pending,BUD00545,https://docs.internal/pr/PR202400399.pdf
PR00400,PR202400400,2024-08-26,EMP014,CC009,DEP03,ITM0011,Request ITM0011,1,13774.98,13774.98,IDR,2024-09-27,urgent,approved,BUD01099,https://docs.internal/pr/PR202400400.pdf
PR00401,PR202500401,2025-02-13,EMP021,CC004,DEP04,ITM0021,Request ITM0021,100,18451.90,1845190.46,IDR,2025-03-05,low,approved,BUD00249,https://docs.internal/pr/PR202500401.pdf
PR00402,PR202400402,2024-12-12,EMP014,CC012,DEP06,ITM0034,Request ITM0034,5,15240.77,76203.84,IDR,2025-01-14,urgent,approved,BUD00503,https://docs.internal/pr/PR202400402.pdf
PR00403,PR202400403,2024-10-01,EMP030,CC001,DEP01,ITM0040,Request ITM0040,10,2757.31,27573.15,IDR,2024-10-31,urgent,rejected,BUD00775,https://docs.internal/pr/PR202400403.pdf
PR00404,PR202500404,2025-03-09,EMP005,CC001,DEP01,ITM0016,Request ITM0016,200,46.87,9374.12,IDR,2025-04-18,urgent,pending,BUD00663,https://docs.internal/pr/PR202500404.pdf
PR00405,PR202500405,2025-09-27,EMP008,CC001,DEP01,ITM0022,Request ITM0022,200,63.48,12696.95,IDR,2025-11-02,low,approved,BUD00278,https://docs.internal/pr/PR202500405.pdf
PR00406,PR202500406,2025-06-21,EMP022,CC009,DEP03,ITM0018,Request ITM0018,200,137.04,27408.74,IDR,2025-07-20,normal,approved,BUD01006,https://docs.internal/pr/PR202500406.pdf
PR00407,PR202500407,2025-10-26,EMP017,CC002,DEP02,ITM0033,Request ITM0033,2500,941.21,2353037.27,IDR,2025-11-03,low,approved,BUD00231,https://docs.internal/pr/PR202500407.pdf
PR00408,PR202400408,2024-10-28,EMP010,CC003,DEP03,ITM0016,Request ITM0016,2000,60.16,120327.37,IDR,2024-11-25,urgent,approved,BUD00058,https://docs.internal/pr/PR202400408.pdf
PR00409,PR202400409,2024-03-18,EMP003,CC010,DEP04,ITM0010,Request ITM0010,1,25702.45,25702.45,IDR,2024-04-21,normal,approved,BUD00801,https://docs.internal/pr/PR202400409.pdf
PR00410,PR202500410,2025-06-22,EMP018,CC012,DEP06,ITM0005,Request ITM0005,2,1414.43,2828.86,IDR,2025-07-13,urgent,approved,BUD00228,https://docs.internal/pr/PR202500410.pdf
PR00411,PR202400411,2024-10-27,EMP027,CC011,DEP05,ITM0029,Request ITM0029,50,116.72,5835.80,IDR,2024-11-19,low,approved,BUD00461,https://docs.internal/pr/PR202400411.pdf
PR00412,PR202400412,2024-10-01,EMP025,CC001,DEP01,ITM0028,Request ITM0028,100,814.23,81423.22,IDR,2024-11-08,high,pending,BUD00639,https://docs.internal/pr/PR202400412.pdf
PR00413,PR202500413,2025-05-08,EMP032,CC005,DEP05,ITM0033,Request ITM0033,50,877.41,43870.49,IDR,2025-06-04,normal,approved,BUD00176,https://docs.internal/pr/PR202500413.pdf
PR00414,PR202400414,2024-08-02,EMP001,CC006,DEP06,ITM0001,Request ITM0001,100,15051.71,1505170.98,IDR,2024-08-14,normal,pending,BUD00447,https://docs.internal/pr/PR202400414.pdf
PR00415,PR202400415,2024-01-16,EMP016,CC010,DEP04,ITM0002,Request ITM0002,10,42763.65,427636.49,IDR,2024-02-07,low,approved,BUD01058,https://docs.internal/pr/PR202400415.pdf
PR00416,PR202400416,2024-09-27,EMP016,CC007,DEP01,ITM0002,Request ITM0002,20,43226.23,864524.57,IDR,2024-10-15,normal,approved,BUD00913,https://docs.internal/pr/PR202400416.pdf
PR00417,PR202400417,2024-05-23,EMP018,CC007,DEP01,ITM0013,Request ITM0013,200,666.65,133330.53,IDR,2024-06-21,high,approved,BUD00769,https://docs.internal/pr/PR202400417.pdf
PR00418,PR202500418,2025-07-13,EMP013,CC007,DEP01,ITM0005,Request ITM0005,1,987.94,987.94,IDR,2025-08-08,high,approved,BUD00931,https://docs.internal/pr/PR202500418.pdf
PR00419,PR202400419,2024-02-27,EMP009,CC009,DEP03,ITM0039,Request ITM0039,5,18729.86,93649.32,IDR,2024-03-12,urgent,approved,BUD00178,https://docs.internal/pr/PR202400419.pdf
PR00420,PR202500420,2025-01-13,EMP025,CC001,DEP01,ITM0020,Request ITM0020,5,27522.87,137614.36,IDR,2025-02-01,high,approved,BUD00485,https://docs.internal/pr/PR202500420.pdf
PR00421,PR202400421,2024-06-01,EMP029,CC001,DEP01,ITM0007,Request ITM0007,20,2164.81,43296.18,IDR,2024-07-04,urgent,approved,BUD00720,https://docs.internal/pr/PR202400421.pdf
PR00422,PR202400422,2024-10-27,EMP010,CC002,DEP02,ITM0014,Request ITM0014,250,10896.68,2724170.64,IDR,2024-12-01,urgent,approved,BUD00518,https://docs.internal/pr/PR202400422.pdf
PR00423,PR202400423,2024-04-03,EMP023,CC002,DEP02,ITM0018,Request ITM0018,1000,123.53,123526.58,IDR,2024-04-12,normal,approved,BUD00187,https://docs.internal/pr/PR202400423.pdf
PR00424,PR202500424,2025-12-26,EMP006,CC005,DEP05,ITM0039,Request ITM0039,10,16912.01,169120.10,IDR,2026-01-05,normal,approved,BUD00610,https://docs.internal/pr/PR202500424.pdf
PR00425,PR202400425,2024-07-09,EMP034,CC011,DEP05,ITM0022,Request ITM0022,500,58.98,29491.87,IDR,2024-08-17,low,rejected,BUD00966,https://docs.internal/pr/PR202400425.pdf
PR00426,PR202400426,2024-05-14,EMP028,CC001,DEP01,ITM0039,Request ITM0039,5,15566.86,77834.32,IDR,2024-06-10,low,approved,BUD00963,https://docs.internal/pr/PR202400426.pdf
PR00427,PR202400427,2024-06-14,EMP008,CC007,DEP01,ITM0019,Request ITM0019,50,10304.40,515220.23,IDR,2024-07-22,urgent,approved,BUD00784,https://docs.internal/pr/PR202400427.pdf
PR00428,PR202500428,2025-04-28,EMP019,CC004,DEP04,ITM0014,Request ITM0014,200,16230.00,3246000.44,IDR,2025-06-02,low,approved,BUD01103,https://docs.internal/pr/PR202500428.pdf
PR00429,PR202400429,2024-01-15,EMP038,CC007,DEP01,ITM0008,Request ITM0008,500,398.87,199436.10,IDR,2024-02-11,high,rejected,BUD00968,https://docs.internal/pr/PR202400429.pdf
PR00430,PR202400430,2024-08-23,EMP032,CC006,DEP06,ITM0021,Request ITM0021,1,19121.73,19121.73,IDR,2024-09-18,normal,approved,BUD00763,https://docs.internal/pr/PR202400430.pdf
PR00431,PR202500431,2025-04-28,EMP004,CC004,DEP04,ITM0033,Request ITM0033,500,736.43,368217.24,IDR,2025-05-31,high,approved,BUD00468,https://docs.internal/pr/PR202500431.pdf
PR00432,PR202500432,2025-03-23,EMP036,CC007,DEP01,ITM0025,Request ITM0025,200,32.14,6427.23,IDR,2025-04-28,normal,approved,BUD00734,https://docs.internal/pr/PR202500432.pdf
PR00433,PR202400433,2024-01-14,EMP039,CC008,DEP02,ITM0039,Request ITM0039,5,15807.74,79038.68,IDR,2024-02-09,low,approved,BUD00644,https://docs.internal/pr/PR202400433.pdf
PR00434,PR202400434,2024-02-17,EMP032,CC007,DEP01,ITM0012,Request ITM0012,5,25880.45,129402.27,IDR,2024-03-22,low,approved,BUD00867,https://docs.internal/pr/PR202400434.pdf
PR00435,PR202400435,2024-10-12,EMP030,CC001,DEP01,ITM0026,Request ITM0026,50,148.03,7401.52,IDR,2024-11-28,low,pending,BUD00820,https://docs.internal/pr/PR202400435.pdf
PR00436,PR202400436,2024-08-07,EMP012,CC007,DEP01,ITM0003,Request ITM0003,2,1160.14,2320.27,IDR,2024-08-26,high,rejected,BUD00573,https://docs.internal/pr/PR202400436.pdf
PR00437,PR202500437,2025-01-10,EMP036,CC001,DEP01,ITM0008,Request ITM0008,2500,463.86,1159653.83,IDR,2025-02-12,low,approved,BUD00815,https://docs.internal/pr/PR202500437.pdf
PR00438,PR202500438,2025-03-02,EMP014,CC010,DEP04,ITM0029,Request ITM0029,200,82.57,16514.59,IDR,2025-04-09,high,approved,BUD00048,https://docs.internal/pr/PR202500438.pdf
PR00439,PR202400439,2024-10-12,EMP014,CC003,DEP03,ITM0003,Request ITM0003,2,2563.25,5126.50,IDR,2024-11-01,normal,approved,BUD00733,https://docs.internal/pr/PR202400439.pdf
PR00440,PR202500440,2025-09-22,EMP009,CC005,DEP05,ITM0001,Request ITM0001,20,16105.79,322115.74,IDR,2025-10-05,normal,approved,BUD00118,https://docs.internal/pr/PR202500440.pdf
PR00441,PR202400441,2024-03-26,EMP009,CC007,DEP01,ITM0012,Request ITM0012,5,17169.67,85848.33,IDR,2024-04-23,urgent,rejected,BUD00653,https://docs.internal/pr/PR202400441.pdf
PR00442,PR202400442,2024-05-18,EMP008,CC008,DEP02,ITM0033,Request ITM0033,100,964.81,96481.36,IDR,2024-06-15,low,approved,BUD00010,https://docs.internal/pr/PR202400442.pdf
PR00443,PR202400443,2024-10-05,EMP035,CC004,DEP04,ITM0009,Request ITM0009,1,31926.08,31926.08,IDR,2024-11-06,high,approved,BUD01106,https://docs.internal/pr/PR202400443.pdf
PR00444,PR202500444,2025-07-03,EMP028,CC012,DEP06,ITM0033,Request ITM0033,1000,947.84,947841.21,IDR,2025-07-25,urgent,approved,BUD00353,https://docs.internal/pr/PR202500444.pdf
PR00445,PR202400445,2024-11-28,EMP011,CC003,DEP03,ITM0036,Request ITM0036,50,1591.74,79587.24,IDR,2024-12-16,low,approved,BUD00589,https://docs.internal/pr/PR202400445.pdf
PR00446,PR202400446,2024-09-01,EMP025,CC001,DEP01,ITM0013,Request ITM0013,50,590.23,29511.25,IDR,2024-09-29,low,approved,BUD01084,https://docs.internal/pr/PR202400446.pdf
PR00447,PR202400447,2024-08-04,EMP006,CC007,DEP01,ITM0014,Request ITM0014,2,17435.21,34870.41,IDR,2024-08-27,low,approved,BUD00797,https://docs.internal/pr/PR202400447.pdf
PR00448,PR202500448,2025-09-09,EMP020,CC005,DEP05,ITM0013,Request ITM0013,1000,653.54,653544.38,IDR,2025-10-03,urgent,approved,BUD00345,https://docs.internal/pr/PR202500448.pdf
PR00449,PR202500449,2025-03-01,EMP022,CC011,DEP05,ITM0018,Request ITM0018,200,139.79,27957.58,IDR,2025-04-09,high,pending,BUD00358,https://docs.internal/pr/PR202500449.pdf
PR00450,PR202400450,2024-04-15,EMP035,CC002,DEP02,ITM0018,Request ITM0018,50,133.46,6672.80,IDR,2024-05-21,low,approved,BUD00625,https://docs.internal/pr/PR202400450.pdf
PR00451,PR202500451,2025-07-07,EMP037,CC002,DEP02,ITM0034,Request ITM0034,5,8341.44,41707.18,IDR,2025-08-05,high,approved,BUD00686,https://docs.internal/pr/PR202500451.pdf
PR00452,PR202500452,2025-03-09,EMP006,CC010,DEP04,ITM0008,Request ITM0008,2500,471.60,1178995.76,IDR,2025-04-10,urgent,approved,BUD01041,https://docs.internal/pr/PR202500452.pdf
PR00453,PR202400453,2024-04-10,EMP026,CC011,DEP05,ITM0004,Request ITM0004,20,10971.82,219436.47,IDR,2024-05-05,urgent,approved,BUD00801,https://docs.internal/pr/PR202400453.pdf
PR00454,PR202400454,2024-01-28,EMP038,CC009,DEP03,ITM0020,Request ITM0020,2,27863.51,55727.02,IDR,2024-03-03,normal,approved,BUD00179,https://docs.internal/pr/PR202400454.pdf
PR00455,PR202500455,2025-10-19,EMP035,CC002,DEP02,ITM0004,Request ITM0004,20,7220.02,144400.36,IDR,2025-11-26,low,approved,BUD00792,https://docs.internal/pr/PR202500455.pdf
PR00456,PR202500456,2025-03-15,EMP011,CC007,DEP01,ITM0014,Request ITM0014,10,14265.96,142659.57,IDR,2025-04-11,urgent,approved,BUD01127,https://docs.internal/pr/PR202500456.pdf
PR00457,PR202400457,2024-06-18,EMP030,CC001,DEP01,ITM0026,Request ITM0026,50,99.19,4959.51,IDR,2024-07-24,normal,approved,BUD00863,https://docs.internal/pr/PR202400457.pdf
PR00458,PR202400458,2024-01-03,EMP026,CC012,DEP06,ITM0010,Request ITM0010,2,25917.69,51835.37,IDR,2024-02-13,urgent,approved,BUD00920,https://docs.internal/pr/PR202400458.pdf
PR00459,PR202400459,2024-12-10,EMP010,CC004,DEP04,ITM0037,Request ITM0037,25,45236.01,1130900.30,IDR,2025-01-07,urgent,draft,BUD00079,https://docs.internal/pr/PR202400459.pdf
PR00460,PR202500460,2025-02-17,EMP024,CC010,DEP04,ITM0030,Request ITM0030,1000,281.95,281948.80,IDR,2025-03-16,normal,approved,BUD00277,https://docs.internal/pr/PR202500460.pdf
PR00461,PR202500461,2025-04-17,EMP001,CC005,DEP05,ITM0026,Request ITM0026,200,148.43,29685.90,IDR,2025-05-16,normal,approved,BUD00101,https://docs.internal/pr/PR202500461.pdf
PR00462,PR202400462,2024-10-05,EMP010,CC011,DEP05,ITM0037,Request ITM0037,10,46726.85,467268.52,IDR,2024-11-07,normal,rejected,BUD00068,https://docs.internal/pr/PR202400462.pdf
PR00463,PR202500463,2025-08-25,EMP022,CC010,DEP04,ITM0028,Request ITM0028,200,754.71,150942.17,IDR,2025-09-22,normal,draft,BUD00114,https://docs.internal/pr/PR202500463.pdf
PR00464,PR202500464,2025-07-09,EMP040,CC005,DEP05,ITM0022,Request ITM0022,2500,49.67,124184.36,IDR,2025-08-08,urgent,approved,BUD00257,https://docs.internal/pr/PR202500464.pdf
PR00465,PR202500465,2025-06-01,EMP007,CC001,DEP01,ITM0011,Request ITM0011,10,14893.60,148935.95,IDR,2025-07-06,urgent,approved,BUD00403,https://docs.internal/pr/PR202500465.pdf
PR00466,PR202500466,2025-06-14,EMP001,CC012,DEP06,ITM0029,Request ITM0029,200,118.52,23704.43,IDR,2025-07-07,high,rejected,BUD00157,https://docs.internal/pr/PR202500466.pdf
PR00467,PR202500467,2025-09-26,EMP016,CC011,DEP05,ITM0031,Request ITM0031,200,343.62,68723.90,IDR,2025-11-05,high,approved,BUD00161,https://docs.internal/pr/PR202500467.pdf
PR00468,PR202400468,2024-01-20,EMP020,CC002,DEP02,ITM0001,Request ITM0001,2,13218.28,26436.56,IDR,2024-02-07,normal,approved,BUD01119,https://docs.internal/pr/PR202400468.pdf
PR00469,PR202400469,2024-12-16,EMP016,CC006,DEP06,ITM0022,Request ITM0022,1000,64.32,64315.33,IDR,2025-01-03,normal,approved,BUD00114,https://docs.internal/pr/PR202400469.pdf
PR00470,PR202500470,2025-07-28,EMP039,CC011,DEP05,ITM0022,Request ITM0022,100,56.54,5653.62,IDR,2025-08-17,urgent,approved,BUD00326,https://docs.internal/pr/PR202500470.pdf
PR00471,PR202500471,2025-05-09,EMP024,CC004,DEP04,ITM0027,Request ITM0027,5000,216.82,1084096.98,IDR,2025-05-21,urgent,draft,BUD00151,https://docs.internal/pr/PR202500471.pdf
PR00472,PR202500472,2025-07-16,EMP034,CC007,DEP01,ITM0009,Request ITM0009,5,30890.53,154452.67,IDR,2025-08-06,urgent,approved,BUD00485,https://docs.internal/pr/PR202500472.pdf
PR00473,PR202400473,2024-06-03,EMP015,CC002,DEP02,ITM0017,Request ITM0017,1000,88.69,88690.50,IDR,2024-06-27,urgent,approved,BUD00086,https://docs.internal/pr/PR202400473.pdf
PR00474,PR202400474,2024-03-09,EMP036,CC001,DEP01,ITM0036,Request ITM0036,2,1613.30,3226.59,IDR,2024-03-23,urgent,approved,BUD00713,https://docs.internal/pr/PR202400474.pdf
PR00475,PR202400475,2024-11-15,EMP005,CC006,DEP06,ITM0010,Request ITM0010,1,22145.89,22145.89,IDR,2024-12-04,low,approved,BUD00767,https://docs.internal/pr/PR202400475.pdf
PR00476,PR202400476,2024-03-10,EMP020,CC012,DEP06,ITM0030,Request ITM0030,5000,198.49,992474.35,IDR,2024-04-06,urgent,approved,BUD00677,https://docs.internal/pr/PR202400476.pdf
PR00477,PR202500477,2025-04-22,EMP011,CC001,DEP01,ITM0006,Request ITM0006,50,7350.86,367543.12,IDR,2025-05-18,urgent,approved,BUD00496,https://docs.internal/pr/PR202500477.pdf
PR00478,PR202400478,2024-07-14,EMP009,CC004,DEP04,ITM0016,Request ITM0016,200,73.54,14707.74,IDR,2024-07-23,low,approved,BUD00515,https://docs.internal/pr/PR202400478.pdf
PR00479,PR202500479,2025-04-22,EMP002,CC001,DEP01,ITM0037,Request ITM0037,10,35810.23,358102.32,IDR,2025-05-15,high,approved,BUD00504,https://docs.internal/pr/PR202500479.pdf
PR00480,PR202500480,2025-01-17,EMP003,CC011,DEP05,ITM0022,Request ITM0022,200,58.78,11755.48,IDR,2025-02-18,high,approved,BUD00110,https://docs.internal/pr/PR202500480.pdf
PR00481,PR202500481,2025-02-19,EMP034,CC004,DEP04,ITM0019,Request ITM0019,5,8440.12,42200.62,IDR,2025-03-24,urgent,draft,BUD01110,https://docs.internal/pr/PR202500481.pdf
PR00482,PR202500482,2025-12-27,EMP038,CC012,DEP06,ITM0039,Request ITM0039,100,18344.49,1834448.97,IDR,2026-01-15,high,approved,BUD00030,https://docs.internal/pr/PR202500482.pdf
PR00483,PR202500483,2025-12-12,EMP020,CC008,DEP02,ITM0029,Request ITM0029,100,115.14,11514.22,IDR,2026-01-25,normal,approved,BUD00699,https://docs.internal/pr/PR202500483.pdf
PR00484,PR202500484,2025-11-03,EMP002,CC011,DEP05,ITM0020,Request ITM0020,20,25793.29,515865.84,IDR,2025-12-06,urgent,approved,BUD00552,https://docs.internal/pr/PR202500484.pdf
PR00485,PR202500485,2025-05-12,EMP007,CC003,DEP03,ITM0034,Request ITM0034,25,15606.22,390155.58,IDR,2025-06-13,high,approved,BUD00012,https://docs.internal/pr/PR202500485.pdf
PR00486,PR202500486,2025-07-21,EMP005,CC008,DEP02,ITM0035,Request ITM0035,250,188828.64,47207159.01,IDR,2025-08-06,urgent,approved,BUD00398,https://docs.internal/pr/PR202500486.pdf
PR00487,PR202500487,2025-04-12,EMP018,CC002,DEP02,ITM0037,Request ITM0037,2,41767.00,83534.00,IDR,2025-05-19,high,approved,BUD01079,https://docs.internal/pr/PR202500487.pdf
PR00488,PR202500488,2025-10-09,EMP034,CC010,DEP04,ITM0010,Request ITM0010,50,27421.36,1371067.86,IDR,2025-11-01,high,draft,BUD01067,https://docs.internal/pr/PR202500488.pdf
PR00489,PR202400489,2024-09-27,EMP030,CC008,DEP02,ITM0002,Request ITM0002,1,34861.66,34861.66,IDR,2024-11-01,urgent,approved,BUD00743,https://docs.internal/pr/PR202400489.pdf
PR00490,PR202500490,2025-03-29,EMP031,CC005,DEP05,ITM0024,Request ITM0024,500,624.43,312215.17,IDR,2025-04-25,low,pending,BUD00909,https://docs.internal/pr/PR202500490.pdf
PR00491,PR202400491,2024-07-11,EMP034,CC002,DEP02,ITM0025,Request ITM0025,100,31.97,3197.07,IDR,2024-08-06,normal,approved,BUD00604,https://docs.internal/pr/PR202400491.pdf
PR00492,PR202500492,2025-11-01,EMP027,CC008,DEP02,ITM0018,Request ITM0018,200,136.22,27243.99,IDR,2025-11-29,low,approved,BUD01116,https://docs.internal/pr/PR202500492.pdf
PR00493,PR202500493,2025-12-28,EMP022,CC012,DEP06,ITM0006,Request ITM0006,1,7321.63,7321.63,IDR,2026-01-30,low,approved,BUD00317,https://docs.internal/pr/PR202500493.pdf
PR00494,PR202500494,2025-03-22,EMP015,CC004,DEP04,ITM0016,Request ITM0016,5000,48.22,241082.72,IDR,2025-05-07,urgent,approved,BUD00028,https://docs.internal/pr/PR202500494.pdf
PR00495,PR202400495,2024-10-29,EMP004,CC004,DEP04,ITM0004,Request ITM0004,1,11379.57,11379.57,IDR,2024-11-30,low,approved,BUD00665,https://docs.internal/pr/PR202400495.pdf
PR00496,PR202500496,2025-01-20,EMP028,CC012,DEP06,ITM0019,Request ITM0019,50,9771.05,488552.65,IDR,2025-02-13,low,rejected,BUD00136,https://docs.internal/pr/PR202500496.pdf
PR00497,PR202500497,2025-04-11,EMP023,CC010,DEP04,ITM0009,Request ITM0009,5,35073.33,175366.65,IDR,2025-05-03,urgent,pending,BUD00329,https://docs.internal/pr/PR202500497.pdf
PR00498,PR202500498,2025-09-03,EMP009,CC010,DEP04,ITM0010,Request ITM0010,5,18572.37,92861.86,IDR,2025-09-22,high,rejected,BUD00624,https://docs.internal/pr/PR202500498.pdf
PR00499,PR202500499,2025-10-29,EMP023,CC011,DEP05,ITM0015,Request ITM0015,200,7.86,1572.23,IDR,2025-12-10,normal,approved,BUD00887,https://docs.internal/pr/PR202500499.pdf
PR00500,PR202400500,2024-08-10,EMP036,CC004,DEP04,ITM0020,Request ITM0020,20,23886.68,477733.53,IDR,2024-09-20,urgent,approved,BUD00590,https://docs.internal/pr/PR202400500.pdf
PR00501,PR202500501,2025-05-05,EMP018,CC003,DEP03,ITM0025,Request ITM0025,1000,46.69,46689.01,IDR,2025-05-21,normal,approved,BUD00263,https://docs.internal/pr/PR202500501.pdf
PR00502,PR202500502,2025-10-07,EMP020,CC003,DEP03,ITM0016,Request ITM0016,1000,63.14,63139.29,IDR,2025-11-09,low,rejected,BUD00226,https://docs.internal/pr/PR202500502.pdf
PR00503,PR202500503,2025-07-31,EMP040,CC011,DEP05,ITM0032,Request ITM0032,20,10167.79,203355.87,IDR,2025-09-07,normal,approved,BUD00375,https://docs.internal/pr/PR202500503.pdf
PR00504,PR202500504,2025-07-18,EMP018,CC007,DEP01,ITM0001,Request ITM0001,4,11481.16,45924.64,IDR,2025-08-28,low,approved,BUD00766,https://docs.internal/pr/PR202500504.pdf
PR00505,PR202400505,2024-09-20,EMP031,CC009,DEP03,ITM0014,Request ITM0014,1,13275.93,13275.93,IDR,2024-10-31,low,approved,BUD00031,https://docs.internal/pr/PR202400505.pdf
PR00506,PR202400506,2024-02-21,EMP009,CC003,DEP03,ITM0013,Request ITM0013,200,685.42,137083.60,IDR,2024-03-13,low,approved,BUD00593,https://docs.internal/pr/PR202400506.pdf
PR00507,PR202400507,2024-04-12,EMP012,CC009,DEP03,ITM0017,Request ITM0017,100,106.18,10618.07,IDR,2024-05-04,normal,approved,BUD00325,https://docs.internal/pr/PR202400507.pdf
PR00508,PR202500508,2025-03-15,EMP040,CC008,DEP02,ITM0031,Request ITM0031,2000,388.27,776548.55,IDR,2025-04-08,urgent,rejected,BUD00189,https://docs.internal/pr/PR202500508.pdf
PR00509,PR202400509,2024-11-23,EMP011,CC006,DEP06,ITM0025,Request ITM0025,1000,33.22,33217.89,IDR,2025-01-02,low,approved,BUD00854,https://docs.internal/pr/PR202400509.pdf
PR00510,PR202400510,2024-07-18,EMP030,CC011,DEP05,ITM0025,Request ITM0025,500,36.86,18431.70,IDR,2024-08-13,normal,approved,BUD01121,https://docs.internal/pr/PR202400510.pdf
PR00511,PR202400511,2024-04-22,EMP001,CC002,DEP02,ITM0002,Request ITM0002,25,32571.58,814289.54,IDR,2024-05-24,urgent,approved,BUD00988,https://docs.internal/pr/PR202400511.pdf
PR00512,PR202500512,2025-08-27,EMP037,CC008,DEP02,ITM0006,Request ITM0006,100,5065.10,506510.27,IDR,2025-09-26,urgent,approved,BUD00053,https://docs.internal/pr/PR202500512.pdf
PR00513,PR202500513,2025-06-26,EMP005,CC007,DEP01,ITM0019,Request ITM0019,20,8961.49,179229.86,IDR,2025-07-11,low,approved,BUD00152,https://docs.internal/pr/PR202500513.pdf
PR00514,PR202400514,2024-08-14,EMP005,CC007,DEP01,ITM0022,Request ITM0022,200,43.96,8791.83,IDR,2024-09-12,low,approved,BUD00995,https://docs.internal/pr/PR202400514.pdf
PR00515,PR202400515,2024-04-29,EMP031,CC009,DEP03,ITM0030,Request ITM0030,50,276.51,13825.68,IDR,2024-06-01,high,approved,BUD00878,https://docs.internal/pr/PR202400515.pdf
PR00516,PR202500516,2025-02-13,EMP020,CC002,DEP02,ITM0036,Request ITM0036,100,1736.97,173696.68,IDR,2025-03-28,high,approved,BUD00580,https://docs.internal/pr/PR202500516.pdf
PR00517,PR202400517,2024-03-16,EMP026,CC004,DEP04,ITM0007,Request ITM0007,10,1961.77,19617.74,IDR,2024-04-28,high,approved,BUD00299,https://docs.internal/pr/PR202400517.pdf
PR00518,PR202400518,2024-04-04,EMP007,CC008,DEP02,ITM0001,Request ITM0001,10,17096.32,170963.19,IDR,2024-04-24,low,approved,BUD00967,https://docs.internal/pr/PR202400518.pdf
PR00519,PR202400519,2024-04-01,EMP029,CC003,DEP03,ITM0016,Request ITM0016,200,61.29,12257.57,IDR,2024-05-09,normal,approved,BUD00016,https://docs.internal/pr/PR202400519.pdf
PR00520,PR202500520,2025-04-06,EMP036,CC010,DEP04,ITM0030,Request ITM0030,100,204.56,20456.01,IDR,2025-05-12,normal,approved,BUD00706,https://docs.internal/pr/PR202500520.pdf
PR00521,PR202500521,2025-08-22,EMP039,CC007,DEP01,ITM0002,Request ITM0002,50,44195.30,2209765.05,IDR,2025-09-13,high,approved,BUD00736,https://docs.internal/pr/PR202500521.pdf
PR00522,PR202400522,2024-08-01,EMP018,CC005,DEP05,ITM0033,Request ITM0033,500,872.80,436397.98,IDR,2024-09-02,normal,approved,BUD00662,https://docs.internal/pr/PR202400522.pdf
PR00523,PR202400523,2024-07-03,EMP023,CC003,DEP03,ITM0024,Request ITM0024,200,495.72,99144.83,IDR,2024-07-22,high,pending,BUD01102,https://docs.internal/pr/PR202400523.pdf
PR00524,PR202400524,2024-06-13,EMP040,CC010,DEP04,ITM0015,Request ITM0015,2500,6.83,17080.46,IDR,2024-07-01,low,approved,BUD00995,https://docs.internal/pr/PR202400524.pdf
PR00525,PR202400525,2024-05-01,EMP012,CC003,DEP03,ITM0038,Request ITM0038,40,3163.72,126548.82,IDR,2024-05-12,low,approved,BUD00218,https://docs.internal/pr/PR202400525.pdf
PR00526,PR202400526,2024-01-14,EMP030,CC009,DEP03,ITM0023,Request ITM0023,250,42.66,10665.03,IDR,2024-02-14,high,approved,BUD00772,https://docs.internal/pr/PR202400526.pdf
PR00527,PR202400527,2024-03-19,EMP004,CC007,DEP01,ITM0037,Request ITM0037,50,49007.73,2450386.26,IDR,2024-05-08,low,approved,BUD00320,https://docs.internal/pr/PR202400527.pdf
PR00528,PR202400528,2024-04-08,EMP022,CC004,DEP04,ITM0010,Request ITM0010,100,9699.92,969992.00,IDR,2024-05-17,normal,approved,BUD00499,https://docs.internal/pr/PR202400528.pdf
PR00529,PR202400529,2024-09-26,EMP012,CC007,DEP01,ITM0002,Request ITM0002,100,36031.83,3603182.73,IDR,2024-11-07,normal,approved,BUD00756,https://docs.internal/pr/PR202400529.pdf
PR00530,PR202400530,2024-02-09,EMP025,CC009,DEP03,ITM0009,Request ITM0009,5,28478.93,142394.63,IDR,2024-03-01,normal,pending,BUD00112,https://docs.internal/pr/PR202400530.pdf
PR00531,PR202500531,2025-03-04,EMP040,CC008,DEP02,ITM0029,Request ITM0029,200,94.57,18914.45,IDR,2025-03-18,high,approved,BUD00552,https://docs.internal/pr/PR202500531.pdf
PR00532,PR202400532,2024-08-13,EMP013,CC008,DEP02,ITM0034,Request ITM0034,20,21146.40,422927.94,IDR,2024-09-01,low,approved,BUD00553,https://docs.internal/pr/PR202400532.pdf
PR00533,PR202400533,2024-08-17,EMP006,CC012,DEP06,ITM0029,Request ITM0029,5000,56.99,284955.00,IDR,2024-09-09,high,approved,BUD00519,https://docs.internal/pr/PR202400533.pdf
PR00534,PR202500534,2025-06-25,EMP017,CC011,DEP05,ITM0014,Request ITM0014,20,17083.60,341672.06,IDR,2025-07-21,low,approved,BUD00557,https://docs.internal/pr/PR202500534.pdf
PR00535,PR202400535,2024-05-05,EMP007,CC007,DEP01,ITM0029,Request ITM0029,50,107.70,5384.82,IDR,2024-06-12,normal,pending,BUD00991,https://docs.internal/pr/PR202400535.pdf
PR00536,PR202500536,2025-12-25,EMP006,CC010,DEP04,ITM0006,Request ITM0006,25,5336.55,133413.63,IDR,2026-01-17,urgent,approved,BUD00730,https://docs.internal/pr/PR202500536.pdf
PR00537,PR202400537,2024-10-26,EMP003,CC002,DEP02,ITM0026,Request ITM0026,1000,99.39,99388.47,IDR,2024-12-07,high,approved,BUD00872,https://docs.internal/pr/PR202400537.pdf
PR00538,PR202400538,2024-04-29,EMP001,CC009,DEP03,ITM0024,Request ITM0024,5000,440.77,2203863.51,IDR,2024-05-28,normal,pending,BUD00017,https://docs.internal/pr/PR202400538.pdf
PR00539,PR202500539,2025-10-29,EMP008,CC002,DEP02,ITM0015,Request ITM0015,2500,8.65,21634.80,IDR,2025-12-06,high,rejected,BUD00288,https://docs.internal/pr/PR202500539.pdf
PR00540,PR202400540,2024-12-19,EMP029,CC002,DEP02,ITM0031,Request ITM0031,1000,367.71,367713.03,IDR,2024-12-28,normal,approved,BUD00571,https://docs.internal/pr/PR202400540.pdf
PR00541,PR202500541,2025-02-07,EMP019,CC005,DEP05,ITM0027,Request ITM0027,1000,135.37,135374.22,IDR,2025-03-12,high,approved,BUD00312,https://docs.internal/pr/PR202500541.pdf
PR00542,PR202400542,2024-04-23,EMP002,CC006,DEP06,ITM0038,Request ITM0038,10,3278.55,32785.52,IDR,2024-05-30,normal,approved,BUD00863,https://docs.internal/pr/PR202400542.pdf
PR00543,PR202400543,2024-08-18,EMP007,CC005,DEP05,ITM0019,Request ITM0019,5,9893.05,49465.24,IDR,2024-09-15,low,approved,BUD00517,https://docs.internal/pr/PR202400543.pdf
PR00544,PR202400544,2024-11-19,EMP006,CC005,DEP05,ITM0003,Request ITM0003,5,2413.34,12066.68,IDR,2024-12-10,low,approved,BUD00655,https://docs.internal/pr/PR202400544.pdf
PR00545,PR202500545,2025-09-13,EMP035,CC001,DEP01,ITM0039,Request ITM0039,10,16052.56,160525.60,IDR,2025-10-20,normal,approved,BUD00688,https://docs.internal/pr/PR202500545.pdf
PR00546,PR202400546,2024-04-05,EMP023,CC012,DEP06,ITM0037,Request ITM0037,500,36967.19,18483595.53,IDR,2024-04-15,low,approved,BUD00715,https://docs.internal/pr/PR202400546.pdf
PR00547,PR202500547,2025-05-19,EMP035,CC009,DEP03,ITM0009,Request ITM0009,2,26093.95,52187.90,IDR,2025-06-30,high,pending,BUD00051,https://docs.internal/pr/PR202500547.pdf
PR00548,PR202400548,2024-03-22,EMP012,CC007,DEP01,ITM0026,Request ITM0026,500,133.16,66579.48,IDR,2024-04-18,low,approved,BUD00399,https://docs.internal/pr/PR202400548.pdf
PR00549,PR202400549,2024-02-19,EMP029,CC002,DEP02,ITM0013,Request ITM0013,100,807.34,80733.67,IDR,2024-03-25,urgent,pending,BUD00676,https://docs.internal/pr/PR202400549.pdf
PR00550,PR202500550,2025-04-25,EMP006,CC009,DEP03,ITM0013,Request ITM0013,1000,684.74,684742.98,IDR,2025-05-16,low,approved,BUD00632,https://docs.internal/pr/PR202500550.pdf
PR00551,PR202500551,2025-06-19,EMP010,CC003,DEP03,ITM0003,Request ITM0003,500,2149.98,1074990.08,IDR,2025-07-14,urgent,approved,BUD00432,https://docs.internal/pr/PR202500551.pdf
PR00552,PR202400552,2024-02-06,EMP015,CC005,DEP05,ITM0035,Request ITM0035,20,174023.25,3480465.03,IDR,2024-02-27,high,approved,BUD00780,https://docs.internal/pr/PR202400552.pdf
PR00553,PR202500553,2025-10-29,EMP020,CC004,DEP04,ITM0031,Request ITM0031,500,615.37,307683.00,IDR,2025-12-07,urgent,rejected,BUD00691,https://docs.internal/pr/PR202500553.pdf
PR00554,PR202500554,2025-07-28,EMP039,CC003,DEP03,ITM0002,Request ITM0002,40,38032.78,1521311.27,IDR,2025-08-18,urgent,approved,BUD00339,https://docs.internal/pr/PR202500554.pdf
PR00555,PR202500555,2025-01-07,EMP007,CC005,DEP05,ITM0009,Request ITM0009,1,60246.50,60246.50,IDR,2025-02-08,low,approved,BUD00286,https://docs.internal/pr/PR202500555.pdf
PR00556,PR202500556,2025-02-01,EMP017,CC011,DEP05,ITM0034,Request ITM0034,4,22586.55,90346.18,IDR,2025-02-12,low,approved,BUD00476,https://docs.internal/pr/PR202500556.pdf
PR00557,PR202400557,2024-09-05,EMP011,CC001,DEP01,ITM0012,Request ITM0012,5,16998.55,84992.76,IDR,2024-09-26,urgent,approved,BUD00480,https://docs.internal/pr/PR202400557.pdf
PR00558,PR202400558,2024-11-26,EMP020,CC006,DEP06,ITM0006,Request ITM0006,1,5258.01,5258.01,IDR,2025-01-06,normal,approved,BUD01133,https://docs.internal/pr/PR202400558.pdf
PR00559,PR202400559,2024-03-14,EMP002,CC007,DEP01,ITM0011,Request ITM0011,20,14153.68,283073.64,IDR,2024-04-19,low,approved,BUD00958,https://docs.internal/pr/PR202400559.pdf
PR00560,PR202400560,2024-05-06,EMP013,CC001,DEP01,ITM0029,Request ITM0029,1000,72.55,72549.21,IDR,2024-06-04,low,approved,BUD00022,https://docs.internal/pr/PR202400560.pdf
PR00561,PR202400561,2024-10-27,EMP005,CC004,DEP04,ITM0035,Request ITM0035,5,152287.47,761437.36,IDR,2024-11-26,normal,rejected,BUD00915,https://docs.internal/pr/PR202400561.pdf
PR00562,PR202400562,2024-07-17,EMP010,CC001,DEP01,ITM0021,Request ITM0021,2,12634.51,25269.02,IDR,2024-08-16,normal,approved,BUD00741,https://docs.internal/pr/PR202400562.pdf
PR00563,PR202500563,2025-05-06,EMP012,CC004,DEP04,ITM0016,Request ITM0016,2000,69.93,139869.85,IDR,2025-06-02,high,approved,BUD00166,https://docs.internal/pr/PR202500563.pdf
PR00564,PR202500564,2025-03-21,EMP015,CC001,DEP01,ITM0023,Request ITM0023,2500,27.26,68143.66,IDR,2025-04-30,normal,approved,BUD00940,https://docs.internal/pr/PR202500564.pdf
PR00565,PR202500565,2025-12-19,EMP019,CC009,DEP03,ITM0030,Request ITM0030,100,282.09,28208.79,IDR,2026-01-20,urgent,approved,BUD01090,https://docs.internal/pr/PR202500565.pdf
PR00566,PR202400566,2024-12-10,EMP031,CC001,DEP01,ITM0012,Request ITM0012,100,17419.29,1741929.46,IDR,2025-01-11,normal,approved,BUD00574,https://docs.internal/pr/PR202400566.pdf
PR00567,PR202500567,2025-04-27,EMP032,CC002,DEP02,ITM0038,Request ITM0038,2,3141.07,6282.13,IDR,2025-05-25,urgent,approved,BUD00688,https://docs.internal/pr/PR202500567.pdf
PR00568,PR202500568,2025-01-16,EMP032,CC009,DEP03,ITM0012,Request ITM0012,50,19621.59,981079.50,IDR,2025-02-01,normal,approved,BUD01077,https://docs.internal/pr/PR202500568.pdf
PR00569,PR202400569,2024-03-15,EMP027,CC004,DEP04,ITM0011,Request ITM0011,20,14474.70,289493.98,IDR,2024-04-20,low,approved,BUD00314,https://docs.internal/pr/PR202400569.pdf
PR00570,PR202400570,2024-02-29,EMP036,CC005,DEP05,ITM0035,Request ITM0035,5,138434.51,692172.55,IDR,2024-03-17,high,approved,BUD00798,https://docs.internal/pr/PR202400570.pdf
PR00571,PR202400571,2024-11-14,EMP013,CC007,DEP01,ITM0006,Request ITM0006,50,7494.13,374706.30,IDR,2024-12-22,normal,approved,BUD00248,https://docs.internal/pr/PR202400571.pdf
PR00572,PR202500572,2025-08-03,EMP002,CC003,DEP03,ITM0020,Request ITM0020,200,19845.32,3969064.09,IDR,2025-08-22,high,approved,BUD00015,https://docs.internal/pr/PR202500572.pdf
PR00573,PR202400573,2024-07-19,EMP025,CC006,DEP06,ITM0005,Request ITM0005,1,1116.17,1116.17,IDR,2024-08-11,normal,approved,BUD00073,https://docs.internal/pr/PR202400573.pdf
PR00574,PR202500574,2025-10-20,EMP027,CC004,DEP04,ITM0010,Request ITM0010,1,16982.86,16982.86,IDR,2025-11-14,normal,approved,BUD00488,https://docs.internal/pr/PR202500574.pdf
PR00575,PR202500575,2025-07-23,EMP016,CC010,DEP04,ITM0034,Request ITM0034,10,22797.55,227975.50,IDR,2025-08-19,urgent,approved,BUD00581,https://docs.internal/pr/PR202500575.pdf
PR00576,PR202400576,2024-02-12,EMP006,CC005,DEP05,ITM0007,Request ITM0007,5,1876.28,9381.38,IDR,2024-02-23,low,approved,BUD00054,https://docs.internal/pr/PR202400576.pdf
PR00577,PR202400577,2024-01-02,EMP022,CC005,DEP05,ITM0018,Request ITM0018,500,229.18,114588.00,IDR,2024-02-16,high,approved,BUD00365,https://docs.internal/pr/PR202400577.pdf
PR00578,PR202400578,2024-02-06,EMP036,CC010,DEP04,ITM0013,Request ITM0013,50,324.90,16245.20,IDR,2024-03-09,low,approved,BUD00427,https://docs.internal/pr/PR202400578.pdf
PR00579,PR202500579,2025-09-29,EMP035,CC002,DEP02,ITM0026,Request ITM0026,100,153.93,15392.97,IDR,2025-10-14,normal,approved,BUD00456,https://docs.internal/pr/PR202500579.pdf
PR00580,PR202500580,2025-05-15,EMP038,CC006,DEP06,ITM0024,Request ITM0024,400,600.54,240217.11,IDR,2025-06-10,urgent,rejected,BUD00520,https://docs.internal/pr/PR202500580.pdf
PR00581,PR202400581,2024-01-22,EMP002,CC008,DEP02,ITM0016,Request ITM0016,100,48.92,4892.40,IDR,2024-02-14,low,approved,BUD00632,https://docs.internal/pr/PR202400581.pdf
PR00582,PR202400582,2024-11-21,EMP003,CC011,DEP05,ITM0028,Request ITM0028,500,638.04,319018.03,IDR,2025-01-02,low,approved,BUD00076,https://docs.internal/pr/PR202400582.pdf
PR00583,PR202500583,2025-03-23,EMP032,CC011,DEP05,ITM0020,Request ITM0020,50,20570.04,1028501.80,IDR,2025-05-09,urgent,approved,BUD00843,https://docs.internal/pr/PR202500583.pdf
PR00584,PR202500584,2025-05-02,EMP014,CC002,DEP02,ITM0040,Request ITM0040,4,2776.67,11106.67,IDR,2025-05-24,low,approved,BUD00632,https://docs.internal/pr/PR202500584.pdf
PR00585,PR202500585,2025-11-20,EMP006,CC004,DEP04,ITM0027,Request ITM0027,200,200.64,40127.54,IDR,2025-12-06,normal,pending,BUD00018,https://docs.internal/pr/PR202500585.pdf
PR00586,PR202400586,2024-06-09,EMP014,CC010,DEP04,ITM0024,Request ITM0024,200,600.10,120020.64,IDR,2024-07-22,high,pending,BUD00344,https://docs.internal/pr/PR202400586.pdf
PR00587,PR202500587,2025-12-12,EMP020,CC012,DEP06,ITM0036,Request ITM0036,50,1624.06,81202.88,IDR,2026-01-30,low,pending,BUD00350,https://docs.internal/pr/PR202500587.pdf
PR00588,PR202500588,2025-07-04,EMP023,CC010,DEP04,ITM0022,Request ITM0022,250,54.52,13630.06,IDR,2025-08-12,normal,approved,BUD00199,https://docs.internal/pr/PR202500588.pdf
PR00589,PR202400589,2024-03-20,EMP006,CC004,DEP04,ITM0010,Request ITM0010,200,20265.33,4053065.04,IDR,2024-04-19,high,approved,BUD00743,https://docs.internal/pr/PR202400589.pdf
PR00590,PR202400590,2024-11-25,EMP022,CC003,DEP03,ITM0036,Request ITM0036,5,1774.03,8870.13,IDR,2024-12-20,low,approved,BUD00211,https://docs.internal/pr/PR202400590.pdf
PR00591,PR202500591,2025-12-16,EMP010,CC001,DEP01,ITM0032,Request ITM0032,100,11570.83,1157083.13,IDR,2026-01-25,high,approved,BUD01017,https://docs.internal/pr/PR202500591.pdf
PR00592,PR202500592,2025-08-03,EMP002,CC012,DEP06,ITM0008,Request ITM0008,100,451.56,45155.73,IDR,2025-09-16,urgent,pending,BUD00033,https://docs.internal/pr/PR202500592.pdf
PR00593,PR202500593,2025-02-07,EMP023,CC005,DEP05,ITM0036,Request ITM0036,1,1356.03,1356.03,IDR,2025-03-08,urgent,pending,BUD00818,https://docs.internal/pr/PR202500593.pdf
PR00594,PR202500594,2025-11-24,EMP026,CC012,DEP06,ITM0022,Request ITM0022,2000,22.46,44912.00,IDR,2025-12-16,low,approved,BUD00797,https://docs.internal/pr/PR202500594.pdf
PR00595,PR202400595,2024-10-01,EMP022,CC002,DEP02,ITM0029,Request ITM0029,100,101.79,10178.91,IDR,2024-11-07,high,approved,BUD01068,https://docs.internal/pr/PR202400595.pdf
PR00596,PR202400596,2024-04-20,EMP027,CC006,DEP06,ITM0026,Request ITM0026,5000,96.61,483073.81,IDR,2024-06-04,normal,approved,BUD00342,https://docs.internal/pr/PR202400596.pdf
PR00597,PR202500597,2025-02-24,EMP022,CC003,DEP03,ITM0036,Request ITM0036,4,1659.30,6637.18,IDR,2025-03-30,normal,approved,BUD00167,https://docs.internal/pr/PR202500597.pdf
PR00598,PR202400598,2024-12-02,EMP039,CC007,DEP01,ITM0023,Request ITM0023,2500,36.02,90054.48,IDR,2025-01-18,low,approved,BUD00103,https://docs.internal/pr/PR202400598.pdf
PR00599,PR202500599,2025-02-19,EMP033,CC001,DEP01,ITM0004,Request ITM0004,5,9442.61,47213.03,IDR,2025-03-26,normal,approved,BUD00403,https://docs.internal/pr/PR202500599.pdf
PR00600,PR202400600,2024-11-29,EMP034,CC006,DEP06,ITM0026,Request ITM0026,50,152.19,7609.55,IDR,2025-01-03,normal,approved,BUD01027,https://docs.internal/pr/PR202400600.pdf
PR00601,PR202400601,2024-01-14,EMP005,CC008,DEP02,ITM0040,Request ITM0040,2,2704.24,5408.49,IDR,2024-02-18,low,approved,BUD00314,https://docs.internal/pr/PR202400601.pdf
PR00602,PR202500602,2025-10-07,EMP010,CC012,DEP06,ITM0015,Request ITM0015,1000,7.01,7007.26,IDR,2025-11-07,high,approved,BUD00111,https://docs.internal/pr/PR202500602.pdf
PR00603,PR202500603,2025-02-02,EMP026,CC009,DEP03,ITM0033,Request ITM0033,1000,771.90,771898.81,IDR,2025-03-05,high,approved,BUD00958,https://docs.internal/pr/PR202500603.pdf
PR00604,PR202500604,2025-03-23,EMP020,CC001,DEP01,ITM0014,Request ITM0014,50,17088.94,854447.19,IDR,2025-04-08,urgent,approved,BUD00911,https://docs.internal/pr/PR202500604.pdf
PR00605,PR202500605,2025-03-16,EMP034,CC006,DEP06,ITM0025,Request ITM0025,2500,41.14,102857.26,IDR,2025-04-01,urgent,approved,BUD00320,https://docs.internal/pr/PR202500605.pdf
PR00606,PR202500606,2025-07-27,EMP005,CC005,DEP05,ITM0018,Request ITM0018,50,109.85,5492.62,IDR,2025-08-23,urgent,approved,BUD00635,https://docs.internal/pr/PR202500606.pdf
PR00607,PR202500607,2025-10-27,EMP027,CC004,DEP04,ITM0024,Request ITM0024,200,647.37,129474.95,IDR,2025-11-24,high,pending,BUD00140,https://docs.internal/pr/PR202500607.pdf
PR00608,PR202400608,2024-05-17,EMP013,CC003,DEP03,ITM0034,Request ITM0034,1,15939.96,15939.96,IDR,2024-06-18,normal,approved,BUD00661,https://docs.internal/pr/PR202400608.pdf
PR00609,PR202400609,2024-01-10,EMP029,CC012,DEP06,ITM0010,Request ITM0010,10,21361.93,213619.31,IDR,2024-02-02,low,approved,BUD01100,https://docs.internal/pr/PR202400609.pdf
PR00610,PR202500610,2025-11-05,EMP031,CC007,DEP01,ITM0028,Request ITM0028,200,608.40,121679.12,IDR,2025-12-05,low,approved,BUD00853,https://docs.internal/pr/PR202500610.pdf
PR00611,PR202400611,2024-02-19,EMP001,CC004,DEP04,ITM0015,Request ITM0015,1000,8.44,8443.31,IDR,2024-03-23,low,approved,BUD00923,https://docs.internal/pr/PR202400611.pdf
PR00612,PR202400612,2024-06-08,EMP018,CC009,DEP03,ITM0028,Request ITM0028,5000,690.80,3454003.34,IDR,2024-07-16,normal,approved,BUD00408,https://docs.internal/pr/PR202400612.pdf
PR00613,PR202500613,2025-08-06,EMP015,CC006,DEP06,ITM0006,Request ITM0006,50,6359.43,317971.63,IDR,2025-09-02,urgent,approved,BUD00205,https://docs.internal/pr/PR202500613.pdf
PR00614,PR202500614,2025-05-03,EMP006,CC011,DEP05,ITM0028,Request ITM0028,1000,725.94,725943.77,IDR,2025-06-11,normal,approved,BUD00092,https://docs.internal/pr/PR202500614.pdf
PR00615,PR202500615,2025-02-18,EMP031,CC007,DEP01,ITM0022,Request ITM0022,2000,58.58,117155.93,IDR,2025-03-10,low,rejected,BUD00105,https://docs.internal/pr/PR202500615.pdf
PR00616,PR202500616,2025-04-24,EMP022,CC008,DEP02,ITM0037,Request ITM0037,10,34336.38,343363.76,IDR,2025-06-02,urgent,approved,BUD00311,https://docs.internal/pr/PR202500616.pdf
PR00617,PR202400617,2024-08-27,EMP030,CC001,DEP01,ITM0027,Request ITM0027,2500,440.96,1102390.00,IDR,2024-09-21,urgent,approved,BUD00296,https://docs.internal/pr/PR202400617.pdf
PR00618,PR202400618,2024-06-22,EMP025,CC010,DEP04,ITM0038,Request ITM0038,5,3044.39,15221.93,IDR,2024-07-08,normal,draft,BUD00005,https://docs.internal/pr/PR202400618.pdf
PR00619,PR202500619,2025-01-31,EMP006,CC003,DEP03,ITM0009,Request ITM0009,5,35182.40,175912.01,IDR,2025-02-24,urgent,approved,BUD00100,https://docs.internal/pr/PR202500619.pdf
PR00620,PR202400620,2024-10-16,EMP026,CC001,DEP01,ITM0024,Request ITM0024,2500,559.70,1399258.31,IDR,2024-11-11,normal,approved,BUD00267,https://docs.internal/pr/PR202400620.pdf
PR00621,PR202500621,2025-06-27,EMP005,CC005,DEP05,ITM0037,Request ITM0037,250,50521.05,12630261.90,IDR,2025-08-05,high,approved,BUD00742,https://docs.internal/pr/PR202500621.pdf
PR00622,PR202500622,2025-06-10,EMP018,CC007,DEP01,ITM0024,Request ITM0024,100,582.73,58273.31,IDR,2025-07-03,high,approved,BUD00037,https://docs.internal/pr/PR202500622.pdf
PR00623,PR202500623,2025-09-11,EMP007,CC010,DEP04,ITM0009,Request ITM0009,40,25866.30,1034652.02,IDR,2025-10-05,low,approved,BUD00748,https://docs.internal/pr/PR202500623.pdf
PR00624,PR202400624,2024-06-08,EMP005,CC007,DEP01,ITM0007,Request ITM0007,100,1827.72,182772.42,IDR,2024-07-14,urgent,rejected,BUD00171,https://docs.internal/pr/PR202400624.pdf
PR00625,PR202400625,2024-10-10,EMP020,CC003,DEP03,ITM0002,Request ITM0002,200,38410.68,7682135.18,IDR,2024-11-15,urgent,approved,BUD00488,https://docs.internal/pr/PR202400625.pdf
PR00626,PR202500626,2025-08-22,EMP003,CC003,DEP03,ITM0025,Request ITM0025,200,40.51,8101.68,IDR,2025-10-03,low,approved,BUD00464,https://docs.internal/pr/PR202500626.pdf
PR00627,PR202500627,2025-09-19,EMP004,CC002,DEP02,ITM0003,Request ITM0003,1,3079.84,3079.84,IDR,2025-10-09,urgent,approved,BUD00496,https://docs.internal/pr/PR202500627.pdf
PR00628,PR202400628,2023-12-24,EMP018,CC008,DEP02,ITM0034,Request ITM0034,4,21247.33,84989.31,IDR,2024-01-22,normal,approved,BUD01104,https://docs.internal/pr/PR202400628.pdf
PR00629,PR202400629,2024-10-24,EMP021,CC006,DEP06,ITM0027,Request ITM0027,2500,216.59,541465.11,IDR,2024-11-09,high,approved,BUD00361,https://docs.internal/pr/PR202400629.pdf
PR00630,PR202500630,2025-04-15,EMP016,CC001,DEP01,ITM0015,Request ITM0015,1000,7.04,7035.72,IDR,2025-05-07,high,pending,BUD00698,https://docs.internal/pr/PR202500630.pdf
PR00631,PR202400631,2024-09-04,EMP019,CC008,DEP02,ITM0014,Request ITM0014,2,13498.65,26997.30,IDR,2024-09-16,high,pending,BUD00391,https://docs.internal/pr/PR202400631.pdf
PR00632,PR202500632,2025-05-04,EMP009,CC006,DEP06,ITM0016,Request ITM0016,50,67.87,3393.31,IDR,2025-05-19,urgent,approved,BUD00184,https://docs.internal/pr/PR202500632.pdf
PR00633,PR202400633,2024-09-11,EMP002,CC006,DEP06,ITM0003,Request ITM0003,1,2365.53,2365.53,IDR,2024-10-07,high,approved,BUD00521,https://docs.internal/pr/PR202400633.pdf
PR00634,PR202500634,2025-03-03,EMP023,CC011,DEP05,ITM0021,Request ITM0021,50,15324.56,766227.90,IDR,2025-04-15,urgent,approved,BUD00944,https://docs.internal/pr/PR202500634.pdf
PR00635,PR202500635,2025-12-17,EMP003,CC011,DEP05,ITM0023,Request ITM0023,1000,41.08,41081.96,IDR,2026-01-15,urgent,approved,BUD01141,https://docs.internal/pr/PR202500635.pdf
PR00636,PR202500636,2025-03-19,EMP023,CC005,DEP05,ITM0034,Request ITM0034,10,19597.42,195974.17,IDR,2025-04-10,urgent,approved,BUD00946,https://docs.internal/pr/PR202500636.pdf
PR00637,PR202400637,2024-02-23,EMP031,CC012,DEP06,ITM0034,Request ITM0034,20,20732.61,414652.25,IDR,2024-04-03,normal,approved,BUD00038,https://docs.internal/pr/PR202400637.pdf
PR00638,PR202500638,2025-08-16,EMP020,CC007,DEP01,ITM0014,Request ITM0014,25,15035.73,375893.36,IDR,2025-09-03,low,approved,BUD00415,https://docs.internal/pr/PR202500638.pdf
PR00639,PR202400639,2024-11-11,EMP034,CC010,DEP04,ITM0027,Request ITM0027,200,174.11,34821.06,IDR,2024-11-27,normal,approved,BUD00690,https://docs.internal/pr/PR202400639.pdf
PR00640,PR202500640,2025-05-26,EMP014,CC010,DEP04,ITM0001,Request ITM0001,1,12823.95,12823.95,IDR,2025-06-24,high,approved,BUD00565,https://docs.internal/pr/PR202500640.pdf
PR00641,PR202500641,2025-01-25,EMP025,CC011,DEP05,ITM0005,Request ITM0005,10,1303.33,13033.32,IDR,2025-02-17,high,approved,BUD00249,https://docs.internal/pr/PR202500641.pdf
PR00642,PR202400642,2024-02-28,EMP036,CC011,DEP05,ITM0015,Request ITM0015,1000,7.75,7750.19,IDR,2024-03-10,high,approved,BUD00176,https://docs.internal/pr/PR202400642.pdf
PR00643,PR202400643,2024-04-21,EMP018,CC001,DEP01,ITM0010,Request ITM0010,10,21805.86,218058.65,IDR,2024-05-27,high,approved,BUD00529,https://docs.internal/pr/PR202400643.pdf
PR00644,PR202500644,2025-05-02,EMP019,CC007,DEP01,ITM0026,Request ITM0026,5000,139.60,698001.68,IDR,2025-05-25,high,approved,BUD00463,https://docs.internal/pr/PR202500644.pdf
PR00645,PR202400645,2024-04-09,EMP029,CC009,DEP03,ITM0015,Request ITM0015,100,8.21,821.21,IDR,2024-04-20,urgent,approved,BUD00219,https://docs.internal/pr/PR202400645.pdf
PR00646,PR202500646,2025-12-15,EMP040,CC012,DEP06,ITM0014,Request ITM0014,1,15930.27,15930.27,IDR,2026-01-19,normal,approved,BUD00788,https://docs.internal/pr/PR202500646.pdf
PR00647,PR202500647,2025-10-25,EMP037,CC004,DEP04,ITM0036,Request ITM0036,1,1469.86,1469.86,IDR,2025-12-04,urgent,approved,BUD00800,https://docs.internal/pr/PR202500647.pdf
PR00648,PR202400648,2024-10-19,EMP009,CC008,DEP02,ITM0021,Request ITM0021,2,15831.02,31662.05,IDR,2024-11-07,urgent,approved,BUD00815,https://docs.internal/pr/PR202400648.pdf
PR00649,PR202400649,2024-01-17,EMP037,CC010,DEP04,ITM0036,Request ITM0036,20,1580.42,31608.41,IDR,2024-02-27,urgent,approved,BUD00980,https://docs.internal/pr/PR202400649.pdf
PR00650,PR202400650,2024-02-06,EMP005,CC011,DEP05,ITM0006,Request ITM0006,10,7840.64,78406.45,IDR,2024-03-19,normal,approved,BUD00060,https://docs.internal/pr/PR202400650.pdf
PR00651,PR202400651,2024-05-06,EMP012,CC006,DEP06,ITM0039,Request ITM0039,100,19388.21,1938821.48,IDR,2024-06-07,urgent,approved,BUD00527,https://docs.internal/pr/PR202400651.pdf
PR00652,PR202500652,2024-12-19,EMP034,CC008,DEP02,ITM0023,Request ITM0023,500,41.92,20961.76,IDR,2025-01-12,normal,pending,BUD00730,https://docs.internal/pr/PR202500652.pdf
PR00653,PR202500653,2025-08-26,EMP011,CC002,DEP02,ITM0010,Request ITM0010,5,23206.72,116033.58,IDR,2025-10-10,urgent,approved,BUD00810,https://docs.internal/pr/PR202500653.pdf
PR00654,PR202400654,2024-03-29,EMP023,CC007,DEP01,ITM0014,Request ITM0014,10,12996.30,129962.96,IDR,2024-04-24,urgent,pending,BUD00214,https://docs.internal/pr/PR202400654.pdf
PR00655,PR202400655,2024-04-25,EMP003,CC006,DEP06,ITM0036,Request ITM0036,2,1253.12,2506.23,IDR,2024-05-27,low,approved,BUD01041,https://docs.internal/pr/PR202400655.pdf
PR00656,PR202400656,2024-07-30,EMP035,CC008,DEP02,ITM0009,Request ITM0009,2,28771.32,57542.64,IDR,2024-09-01,low,approved,BUD00895,https://docs.internal/pr/PR202400656.pdf
PR00657,PR202400657,2024-08-29,EMP013,CC011,DEP05,ITM0029,Request ITM0029,1000,105.63,105625.08,IDR,2024-09-10,high,approved,BUD00405,https://docs.internal/pr/PR202400657.pdf
PR00658,PR202500658,2025-04-01,EMP002,CC002,DEP02,ITM0038,Request ITM0038,4,2503.40,10013.59,IDR,2025-05-16,low,approved,BUD01004,https://docs.internal/pr/PR202500658.pdf
PR00659,PR202400659,2024-04-04,EMP036,CC001,DEP01,ITM0013,Request ITM0013,100,670.50,67049.51,IDR,2024-05-03,normal,approved,BUD00934,https://docs.internal/pr/PR202400659.pdf
PR00660,PR202400660,2024-03-07,EMP008,CC009,DEP03,ITM0018,Request ITM0018,200,138.54,27708.25,IDR,2024-04-24,high,approved,BUD00269,https://docs.internal/pr/PR202400660.pdf
PR00661,PR202400661,2024-06-25,EMP010,CC008,DEP02,ITM0038,Request ITM0038,100,5297.31,529731.00,IDR,2024-07-26,low,rejected,BUD00180,https://docs.internal/pr/PR202400661.pdf
PR00662,PR202500662,2025-02-26,EMP023,CC011,DEP05,ITM0037,Request ITM0037,10,44223.27,442232.74,IDR,2025-03-14,normal,pending,BUD00239,https://docs.internal/pr/PR202500662.pdf
PR00663,PR202400663,2024-08-17,EMP030,CC007,DEP01,ITM0034,Request ITM0034,50,23283.61,1164180.69,IDR,2024-09-04,normal,approved,BUD01040,https://docs.internal/pr/PR202400663.pdf
PR00664,PR202400664,2024-06-18,EMP037,CC008,DEP02,ITM0036,Request ITM0036,40,1690.67,67626.92,IDR,2024-07-10,low,approved,BUD00018,https://docs.internal/pr/PR202400664.pdf
PR00665,PR202500665,2025-08-15,EMP022,CC011,DEP05,ITM0026,Request ITM0026,1000,136.48,136481.33,IDR,2025-09-26,low,approved,BUD00947,https://docs.internal/pr/PR202500665.pdf
PR00666,PR202500666,2025-11-25,EMP013,CC012,DEP06,ITM0001,Request ITM0001,10,11568.44,115684.38,IDR,2025-12-19,high,approved,BUD00028,https://docs.internal/pr/PR202500666.pdf
PR00667,PR202400667,2024-09-20,EMP019,CC007,DEP01,ITM0004,Request ITM0004,10,10209.44,102094.40,IDR,2024-10-10,low,approved,BUD00498,https://docs.internal/pr/PR202400667.pdf
PR00668,PR202500668,2025-11-03,EMP010,CC009,DEP03,ITM0001,Request ITM0001,1,34279.98,34279.98,IDR,2025-12-06,low,approved,BUD00747,https://docs.internal/pr/PR202500668.pdf
PR00669,PR202500669,2025-08-03,EMP026,CC010,DEP04,ITM0004,Request ITM0004,1,11017.52,11017.52,IDR,2025-09-08,normal,approved,BUD00869,https://docs.internal/pr/PR202500669.pdf
PR00670,PR202500670,2025-07-03,EMP040,CC003,DEP03,ITM0016,Request ITM0016,50,61.47,3073.70,IDR,2025-08-02,normal,approved,BUD00051,https://docs.internal/pr/PR202500670.pdf
PR00671,PR202400671,2024-07-31,EMP037,CC009,DEP03,ITM0034,Request ITM0034,100,19895.48,1989547.69,IDR,2024-08-30,high,approved,BUD00852,https://docs.internal/pr/PR202400671.pdf
PR00672,PR202400672,2023-12-19,EMP006,CC003,DEP03,ITM0039,Request ITM0039,5,19267.11,96335.56,IDR,2024-01-25,urgent,pending,BUD00314,https://docs.internal/pr/PR202400672.pdf
PR00673,PR202500673,2025-08-06,EMP025,CC005,DEP05,ITM0026,Request ITM0026,500,139.06,69528.46,IDR,2025-08-16,low,approved,BUD00700,https://docs.internal/pr/PR202500673.pdf
PR00674,PR202400674,2024-04-21,EMP002,CC002,DEP02,ITM0017,Request ITM0017,200,109.99,21997.15,IDR,2024-05-13,high,approved,BUD01140,https://docs.internal/pr/PR202400674.pdf
PR00675,PR202500675,2025-12-27,EMP037,CC001,DEP01,ITM0019,Request ITM0019,100,9317.23,931722.68,IDR,2026-01-20,low,approved,BUD00218,https://docs.internal/pr/PR202500675.pdf
PR00676,PR202500676,2025-09-21,EMP010,CC007,DEP01,ITM0039,Request ITM0039,2,20169.91,40339.81,IDR,2025-10-31,high,approved,BUD00340,https://docs.internal/pr/PR202500676.pdf
PR00677,PR202500677,2025-05-04,EMP033,CC002,DEP02,ITM0030,Request ITM0030,1000,199.48,199481.49,IDR,2025-06-15,low,approved,BUD01056,https://docs.internal/pr/PR202500677.pdf
PR00678,PR202500678,2025-11-23,EMP028,CC009,DEP03,ITM0034,Request ITM0034,200,20230.11,4046022.40,IDR,2026-01-04,high,approved,BUD00456,https://docs.internal/pr/PR202500678.pdf
PR00679,PR202400679,2024-05-07,EMP020,CC007,DEP01,ITM0019,Request ITM0019,40,7782.98,311319.03,IDR,2024-06-03,normal,approved,BUD00934,https://docs.internal/pr/PR202400679.pdf
PR00680,PR202500680,2024-12-24,EMP027,CC001,DEP01,ITM0029,Request ITM0029,50,92.66,4633.04,IDR,2025-01-26,urgent,approved,BUD00373,https://docs.internal/pr/PR202500680.pdf
PR00681,PR202400681,2024-05-02,EMP040,CC005,DEP05,ITM0016,Request ITM0016,250,73.18,18295.66,IDR,2024-05-30,normal,approved,BUD00210,https://docs.internal/pr/PR202400681.pdf
PR00682,PR202400682,2024-04-03,EMP027,CC002,DEP02,ITM0001,Request ITM0001,50,11650.42,582520.94,IDR,2024-05-02,high,approved,BUD01046,https://docs.internal/pr/PR202400682.pdf
PR00683,PR202500683,2025-11-30,EMP011,CC010,DEP04,ITM0019,Request ITM0019,1,9041.42,9041.42,IDR,2025-12-29,low,approved,BUD00344,https://docs.internal/pr/PR202500683.pdf
PR00684,PR202500684,2025-03-25,EMP018,CC011,DEP05,ITM0018,Request ITM0018,100,126.75,12674.61,IDR,2025-05-03,high,approved,BUD00984,https://docs.internal/pr/PR202500684.pdf
PR00685,PR202400685,2024-12-11,EMP022,CC006,DEP06,ITM0029,Request ITM0029,200,117.79,23557.80,IDR,2025-01-05,normal,approved,BUD00922,https://docs.internal/pr/PR202400685.pdf
PR00686,PR202400686,2024-06-26,EMP035,CC008,DEP02,ITM0040,Request ITM0040,20,3152.24,63044.77,IDR,2024-07-29,low,pending,BUD00022,https://docs.internal/pr/PR202400686.pdf
PR00687,PR202500687,2025-10-29,EMP027,CC005,DEP05,ITM0011,Request ITM0011,20,14211.66,284233.13,IDR,2025-11-24,low,approved,BUD01137,https://docs.internal/pr/PR202500687.pdf
PR00688,PR202400688,2024-08-15,EMP021,CC007,DEP01,ITM0030,Request ITM0030,5000,219.58,1097915.55,IDR,2024-09-07,high,approved,BUD00948,https://docs.internal/pr/PR202400688.pdf
PR00689,PR202400689,2024-12-02,EMP034,CC011,DEP05,ITM0021,Request ITM0021,5,19055.22,95276.10,IDR,2024-12-29,low,draft,BUD00808,https://docs.internal/pr/PR202400689.pdf
PR00690,PR202500690,2025-11-08,EMP019,CC012,DEP06,ITM0005,Request ITM0005,4,1462.40,5849.60,IDR,2025-12-05,low,approved,BUD00419,https://docs.internal/pr/PR202500690.pdf
PR00691,PR202500691,2025-01-03,EMP012,CC010,DEP04,ITM0016,Request ITM0016,400,71.51,28604.36,IDR,2025-02-04,urgent,approved,BUD00479,https://docs.internal/pr/PR202500691.pdf
PR00692,PR202500692,2025-11-23,EMP020,CC012,DEP06,ITM0010,Request ITM0010,100,9699.92,969992.00,IDR,2025-12-14,high,draft,BUD01029,https://docs.internal/pr/PR202500692.pdf
PR00693,PR202500693,2025-12-14,EMP028,CC009,DEP03,ITM0005,Request ITM0005,10,1379.25,13792.53,IDR,2026-01-10,urgent,approved,BUD00490,https://docs.internal/pr/PR202500693.pdf
PR00694,PR202500694,2025-08-30,EMP021,CC007,DEP01,ITM0037,Request ITM0037,1,49254.21,49254.21,IDR,2025-10-06,normal,draft,BUD00193,https://docs.internal/pr/PR202500694.pdf
PR00695,PR202500695,2025-03-23,EMP031,CC002,DEP02,ITM0015,Request ITM0015,100,7.01,700.63,IDR,2025-04-22,normal,approved,BUD01123,https://docs.internal/pr/PR202500695.pdf
PR00696,PR202400696,2024-08-30,EMP005,CC002,DEP02,ITM0025,Request ITM0025,500,42.29,21143.84,IDR,2024-10-14,low,approved,BUD00647,https://docs.internal/pr/PR202400696.pdf
PR00697,PR202400697,2024-04-09,EMP004,CC009,DEP03,ITM0021,Request ITM0021,10,19260.35,192603.51,IDR,2024-05-02,normal,approved,BUD00443,https://docs.internal/pr/PR202400697.pdf
PR00698,PR202400698,2024-12-08,EMP014,CC005,DEP05,ITM0023,Request ITM0023,250,38.06,9515.98,IDR,2024-12-21,normal,approved,BUD00878,https://docs.internal/pr/PR202400698.pdf
PR00699,PR202400699,2024-09-15,EMP037,CC008,DEP02,ITM0006,Request ITM0006,10,7110.39,71103.93,IDR,2024-09-29,low,approved,BUD00533,https://docs.internal/pr/PR202400699.pdf
PR00700,PR202500700,2025-12-08,EMP017,CC004,DEP04,ITM0025,Request ITM0025,500,43.37,21682.50,IDR,2026-01-03,high,approved,BUD00056,https://docs.internal/pr/PR202500700.pdf
PR00701,PR202500701,2025-04-18,EMP025,CC009,DEP03,ITM0009,Request ITM0009,500,23926.15,11963076.33,IDR,2025-05-13,low,approved,BUD00666,https://docs.internal/pr/PR202500701.pdf
PR00702,PR202500702,2025-06-09,EMP014,CC005,DEP05,ITM0001,Request ITM0001,50,11360.62,568031.15,IDR,2025-07-19,high,approved,BUD00654,https://docs.internal/pr/PR202500702.pdf
PR00703,PR202400703,2024-09-26,EMP016,CC006,DEP06,ITM0037,Request ITM0037,200,35471.44,7094288.68,IDR,2024-11-02,normal,approved,BUD01110,https://docs.internal/pr/PR202400703.pdf
PR00704,PR202400704,2024-04-20,EMP034,CC010,DEP04,ITM0036,Request ITM0036,5,1753.08,8765.38,IDR,2024-05-22,low,approved,BUD00999,https://docs.internal/pr/PR202400704.pdf
PR00705,PR202400705,2024-10-19,EMP022,CC004,DEP04,ITM0032,Request ITM0032,10,9951.08,99510.84,IDR,2024-11-03,normal,approved,BUD00178,https://docs.internal/pr/PR202400705.pdf
PR00706,PR202400706,2023-12-14,EMP004,CC009,DEP03,ITM0013,Request ITM0013,500,324.90,162452.00,IDR,2024-01-31,urgent,approved,BUD00891,https://docs.internal/pr/PR202400706.pdf
PR00707,PR202500707,2025-04-08,EMP007,CC008,DEP02,ITM0031,Request ITM0031,1000,257.79,257793.09,IDR,2025-05-10,urgent,draft,BUD00977,https://docs.internal/pr/PR202500707.pdf
PR00708,PR202500708,2025-09-05,EMP028,CC003,DEP03,ITM0003,Request ITM0003,20,3034.04,60680.90,IDR,2025-09-25,low,approved,BUD00444,https://docs.internal/pr/PR202500708.pdf
PR00709,PR202500709,2025-05-17,EMP023,CC004,DEP04,ITM0031,Request ITM0031,500,296.85,148427.26,IDR,2025-06-19,urgent,approved,BUD00428,https://docs.internal/pr/PR202500709.pdf
PR00710,PR202500710,2025-06-23,EMP001,CC005,DEP05,ITM0020,Request ITM0020,50,29442.11,1472105.66,IDR,2025-07-22,normal,approved,BUD00254,https://docs.internal/pr/PR202500710.pdf
PR00711,PR202400711,2024-10-19,EMP040,CC011,DEP05,ITM0010,Request ITM0010,10,18312.17,183121.73,IDR,2024-11-19,low,approved,BUD00662,https://docs.internal/pr/PR202400711.pdf
PR00712,PR202500712,2025-10-03,EMP006,CC012,DEP06,ITM0003,Request ITM0003,10,3162.78,31627.76,IDR,2025-10-24,normal,approved,BUD00194,https://docs.internal/pr/PR202500712.pdf
PR00713,PR202400713,2024-09-20,EMP022,CC003,DEP03,ITM0038,Request ITM0038,20,2821.18,56423.64,IDR,2024-10-29,urgent,approved,BUD00346,https://docs.internal/pr/PR202400713.pdf
PR00714,PR202400714,2024-04-09,EMP030,CC004,DEP04,ITM0033,Request ITM0033,50,621.27,31063.59,IDR,2024-05-03,normal,approved,BUD00344,https://docs.internal/pr/PR202400714.pdf
PR00715,PR202400715,2024-06-18,EMP033,CC006,DEP06,ITM0020,Request ITM0020,10,29846.15,298461.47,IDR,2024-07-31,high,approved,BUD00188,https://docs.internal/pr/PR202400715.pdf
PR00716,PR202500716,2025-03-08,EMP037,CC001,DEP01,ITM0004,Request ITM0004,20,11156.44,223128.89,IDR,2025-04-13,urgent,approved,BUD00707,https://docs.internal/pr/PR202500716.pdf
PR00717,PR202500717,2025-08-26,EMP026,CC010,DEP04,ITM0011,Request ITM0011,4,13445.28,53781.12,IDR,2025-09-22,normal,approved,BUD00210,https://docs.internal/pr/PR202500717.pdf
PR00718,PR202400718,2024-04-10,EMP023,CC009,DEP03,ITM0012,Request ITM0012,100,19835.89,1983589.11,IDR,2024-05-20,low,approved,BUD00091,https://docs.internal/pr/PR202400718.pdf
PR00719,PR202400719,2024-02-17,EMP036,CC001,DEP01,ITM0019,Request ITM0019,100,9690.73,969072.64,IDR,2024-03-27,low,approved,BUD00605,https://docs.internal/pr/PR202400719.pdf
PR00720,PR202500720,2025-02-01,EMP005,CC004,DEP04,ITM0007,Request ITM0007,10,2089.13,20891.26,IDR,2025-02-24,normal,approved,BUD00277,https://docs.internal/pr/PR202500720.pdf
PR00721,PR202400721,2024-06-20,EMP005,CC007,DEP01,ITM0009,Request ITM0009,5,33635.08,168175.40,IDR,2024-07-30,low,approved,BUD00345,https://docs.internal/pr/PR202400721.pdf
PR00722,PR202400722,2024-09-10,EMP038,CC012,DEP06,ITM0019,Request ITM0019,10,8736.81,87368.07,IDR,2024-09-21,urgent,approved,BUD01122,https://docs.internal/pr/PR202400722.pdf
PR00723,PR202500723,2025-07-04,EMP001,CC010,DEP04,ITM0018,Request ITM0018,200,138.09,27617.96,IDR,2025-08-16,high,approved,BUD01028,https://docs.internal/pr/PR202500723.pdf
PR00724,PR202500724,2025-09-09,EMP012,CC006,DEP06,ITM0019,Request ITM0019,500,9698.00,4848997.58,IDR,2025-10-21,high,rejected,BUD00931,https://docs.internal/pr/PR202500724.pdf
PR00725,PR202500725,2025-02-04,EMP019,CC008,DEP02,ITM0039,Request ITM0039,1,20522.61,20522.61,IDR,2025-03-16,urgent,approved,BUD00253,https://docs.internal/pr/PR202500725.pdf
PR00726,PR202500726,2025-11-19,EMP005,CC006,DEP06,ITM0026,Request ITM0026,200,124.94,24988.82,IDR,2025-12-17,normal,rejected,BUD00423,https://docs.internal/pr/PR202500726.pdf
PR00727,PR202400727,2024-03-16,EMP025,CC001,DEP01,ITM0010,Request ITM0010,2,21150.53,42301.05,IDR,2024-04-13,high,approved,BUD00800,https://docs.internal/pr/PR202400727.pdf
PR00728,PR202400728,2024-03-17,EMP005,CC005,DEP05,ITM0038,Request ITM0038,2,3347.50,6694.99,IDR,2024-04-27,urgent,rejected,BUD01049,https://docs.internal/pr/PR202400728.pdf
PR00729,PR202400729,2024-09-02,EMP003,CC003,DEP03,ITM0013,Request ITM0013,1000,645.97,645971.10,IDR,2024-09-22,urgent,approved,BUD01088,https://docs.internal/pr/PR202400729.pdf
PR00730,PR202500730,2025-03-29,EMP032,CC011,DEP05,ITM0023,Request ITM0023,1000,38.80,38798.07,IDR,2025-04-21,high,approved,BUD00381,https://docs.internal/pr/PR202500730.pdf
PR00731,PR202500731,2025-02-28,EMP021,CC012,DEP06,ITM0025,Request ITM0025,5000,46.46,232291.13,IDR,2025-04-02,urgent,approved,BUD00162,https://docs.internal/pr/PR202500731.pdf
PR00732,PR202400732,2024-05-22,EMP023,CC012,DEP06,ITM0025,Request ITM0025,5000,45.79,228944.66,IDR,2024-06-16,normal,approved,BUD00438,https://docs.internal/pr/PR202400732.pdf
PR00733,PR202500733,2025-12-13,EMP033,CC007,DEP01,ITM0023,Request ITM0023,1000,35.51,35509.12,IDR,2026-01-27,normal,approved,BUD00237,https://docs.internal/pr/PR202500733.pdf
PR00734,PR202500734,2025-02-06,EMP015,CC007,DEP01,ITM0020,Request ITM0020,10,24683.45,246834.50,IDR,2025-03-10,high,approved,BUD00824,https://docs.internal/pr/PR202500734.pdf
PR00735,PR202400735,2024-09-08,EMP037,CC003,DEP03,ITM0014,Request ITM0014,100,15865.29,1586529.19,IDR,2024-09-30,urgent,approved,BUD00822,https://docs.internal/pr/PR202400735.pdf
PR00736,PR202400736,2024-04-17,EMP008,CC001,DEP01,ITM0020,Request ITM0020,2,30018.59,60037.18,IDR,2024-05-23,normal,rejected,BUD00958,https://docs.internal/pr/PR202400736.pdf
PR00737,PR202500737,2025-07-13,EMP034,CC002,DEP02,ITM0031,Request ITM0031,500,326.87,163435.76,IDR,2025-08-11,high,approved,BUD00717,https://docs.internal/pr/PR202500737.pdf
PR00738,PR202400738,2024-08-31,EMP035,CC005,DEP05,ITM0005,Request ITM0005,100,1205.21,120520.92,IDR,2024-10-20,urgent,approved,BUD00267,https://docs.internal/pr/PR202400738.pdf
PR00739,PR202500739,2025-09-29,EMP030,CC012,DEP06,ITM0001,Request ITM0001,5,16527.70,82638.48,IDR,2025-10-24,low,approved,BUD00702,https://docs.internal/pr/PR202500739.pdf
PR00740,PR202500740,2025-11-08,EMP008,CC002,DEP02,ITM0024,Request ITM0024,2500,569.59,1423985.89,IDR,2025-11-25,low,approved,BUD00956,https://docs.internal/pr/PR202500740.pdf
PR00741,PR202400741,2024-10-21,EMP023,CC010,DEP04,ITM0032,Request ITM0032,25,10237.94,255948.38,IDR,2024-12-06,high,approved,BUD00686,https://docs.internal/pr/PR202400741.pdf
PR00742,PR202500742,2025-03-02,EMP036,CC001,DEP01,ITM0015,Request ITM0015,1000,8.38,8376.68,IDR,2025-04-02,low,approved,BUD00768,https://docs.internal/pr/PR202500742.pdf
PR00743,PR202400743,2024-02-07,EMP013,CC005,DEP05,ITM0010,Request ITM0010,50,25562.80,1278139.81,IDR,2024-03-06,high,pending,BUD00875,https://docs.internal/pr/PR202400743.pdf
PR00744,PR202400744,2024-09-20,EMP037,CC010,DEP04,ITM0026,Request ITM0026,500,75.78,37892.25,IDR,2024-10-07,high,approved,BUD00301,https://docs.internal/pr/PR202400744.pdf
PR00745,PR202500745,2025-03-19,EMP012,CC007,DEP01,ITM0024,Request ITM0024,200,638.03,127606.59,IDR,2025-05-01,urgent,approved,BUD00060,https://docs.internal/pr/PR202500745.pdf
PR00746,PR202500746,2025-12-14,EMP022,CC012,DEP06,ITM0014,Request ITM0014,500,17498.27,8749132.91,IDR,2025-12-22,urgent,approved,BUD00136,https://docs.internal/pr/PR202500746.pdf
PR00747,PR202400747,2024-05-27,EMP017,CC004,DEP04,ITM0033,Request ITM0033,1000,799.00,799000.47,IDR,2024-06-18,urgent,approved,BUD01009,https://docs.internal/pr/PR202400747.pdf
PR00748,PR202500748,2025-04-11,EMP024,CC003,DEP03,ITM0024,Request ITM0024,500,577.39,288694.77,IDR,2025-05-12,low,approved,BUD00267,https://docs.internal/pr/PR202500748.pdf
PR00749,PR202400749,2024-02-22,EMP030,CC004,DEP04,ITM0038,Request ITM0038,20,2414.65,48293.04,IDR,2024-03-06,low,pending,BUD00299,https://docs.internal/pr/PR202400749.pdf
PR00750,PR202500750,2025-09-28,EMP013,CC002,DEP02,ITM0014,Request ITM0014,2,16678.88,33357.76,IDR,2025-10-27,normal,approved,BUD00080,https://docs.internal/pr/PR202500750.pdf
PR00751,PR202400751,2024-09-10,EMP009,CC007,DEP01,ITM0007,Request ITM0007,5,1922.76,9613.80,IDR,2024-10-08,high,pending,BUD00202,https://docs.internal/pr/PR202400751.pdf
PR00752,PR202500752,2025-06-17,EMP022,CC010,DEP04,ITM0024,Request ITM0024,1000,546.36,546359.07,IDR,2025-07-06,low,approved,BUD00867,https://docs.internal/pr/PR202500752.pdf
PR00753,PR202500753,2025-01-30,EMP033,CC012,DEP06,ITM0023,Request ITM0023,200,42.05,8410.92,IDR,2025-02-12,urgent,approved,BUD00899,https://docs.internal/pr/PR202500753.pdf
PR00754,PR202500754,2025-11-28,EMP013,CC011,DEP05,ITM0030,Request ITM0030,2500,224.73,561824.75,IDR,2026-01-04,urgent,approved,BUD01001,https://docs.internal/pr/PR202500754.pdf
PR00755,PR202400755,2024-05-03,EMP023,CC006,DEP06,ITM0004,Request ITM0004,2,9008.44,18016.88,IDR,2024-05-30,high,approved,BUD00892,https://docs.internal/pr/PR202400755.pdf
PR00756,PR202400756,2024-09-19,EMP027,CC001,DEP01,ITM0036,Request ITM0036,10,1289.54,12895.42,IDR,2024-10-15,high,approved,BUD00051,https://docs.internal/pr/PR202400756.pdf
PR00757,PR202500757,2025-10-13,EMP007,CC007,DEP01,ITM0005,Request ITM0005,10,1442.99,14429.85,IDR,2025-11-19,urgent,approved,BUD00509,https://docs.internal/pr/PR202500757.pdf
PR00758,PR202500758,2025-04-02,EMP020,CC005,DEP05,ITM0029,Request ITM0029,5000,115.82,579098.16,IDR,2025-04-29,high,approved,BUD00795,https://docs.internal/pr/PR202500758.pdf
PR00759,PR202500759,2025-02-25,EMP037,CC003,DEP03,ITM0034,Request ITM0034,100,23852.56,2385255.56,IDR,2025-04-02,normal,approved,BUD00546,https://docs.internal/pr/PR202500759.pdf
PR00760,PR202500760,2025-10-15,EMP022,CC002,DEP02,ITM0024,Request ITM0024,50,559.74,27987.02,IDR,2025-11-07,urgent,rejected,BUD00981,https://docs.internal/pr/PR202500760.pdf
PR00761,PR202500761,2025-11-24,EMP024,CC007,DEP01,ITM0017,Request ITM0017,500,105.53,52764.65,IDR,2025-12-16,high,approved,BUD00396,https://docs.internal/pr/PR202500761.pdf
PR00762,PR202500762,2025-11-04,EMP036,CC006,DEP06,ITM0002,Request ITM0002,1,41700.37,41700.37,IDR,2025-11-24,high,approved,BUD00385,https://docs.internal/pr/PR202500762.pdf
PR00763,PR202400763,2024-10-17,EMP009,CC008,DEP02,ITM0019,Request ITM0019,10,8970.27,89702.70,IDR,2024-11-09,high,approved,BUD00880,https://docs.internal/pr/PR202400763.pdf
PR00764,PR202500764,2025-09-16,EMP003,CC005,DEP05,ITM0022,Request ITM0022,500,64.02,32010.45,IDR,2025-10-17,normal,approved,BUD00909,https://docs.internal/pr/PR202500764.pdf
PR00765,PR202500765,2025-09-20,EMP036,CC008,DEP02,ITM0004,Request ITM0004,2,10682.00,21364.00,IDR,2025-10-29,low,approved,BUD00654,https://docs.internal/pr/PR202500765.pdf
PR00766,PR202500766,2025-03-13,EMP017,CC007,DEP01,ITM0013,Request ITM0013,200,581.77,116354.77,IDR,2025-04-27,high,approved,BUD00678,https://docs.internal/pr/PR202500766.pdf
PR00767,PR202500767,2025-02-02,EMP001,CC012,DEP06,ITM0017,Request ITM0017,100,108.37,10837.47,IDR,2025-02-25,low,approved,BUD00377,https://docs.internal/pr/PR202500767.pdf
PR00768,PR202400768,2024-09-16,EMP039,CC009,DEP03,ITM0005,Request ITM0005,50,1273.28,63663.84,IDR,2024-10-28,low,approved,BUD01000,https://docs.internal/pr/PR202400768.pdf
PR00769,PR202400769,2024-10-07,EMP008,CC010,DEP04,ITM0001,Request ITM0001,5,11635.78,58178.92,IDR,2024-11-03,urgent,approved,BUD00054,https://docs.internal/pr/PR202400769.pdf
PR00770,PR202400770,2024-02-19,EMP018,CC011,DEP05,ITM0034,Request ITM0034,5,19179.90,95899.49,IDR,2024-03-04,urgent,approved,BUD01038,https://docs.internal/pr/PR202400770.pdf
PR00771,PR202500771,2025-12-05,EMP032,CC006,DEP06,ITM0019,Request ITM0019,1,9934.81,9934.81,IDR,2025-12-28,high,approved,BUD01076,https://docs.internal/pr/PR202500771.pdf
PR00772,PR202500772,2025-10-26,EMP012,CC006,DEP06,ITM0014,Request ITM0014,50,15932.71,796635.66,IDR,2025-11-07,low,approved,BUD00410,https://docs.internal/pr/PR202500772.pdf
PR00773,PR202400773,2024-06-10,EMP009,CC010,DEP04,ITM0031,Request ITM0031,500,302.49,151246.95,IDR,2024-07-13,urgent,approved,BUD00520,https://docs.internal/pr/PR202400773.pdf
PR00774,PR202500774,2025-11-28,EMP014,CC005,DEP05,ITM0031,Request ITM0031,50,333.92,16696.16,IDR,2025-12-21,high,approved,BUD00508,https://docs.internal/pr/PR202500774.pdf
PR00775,PR202500775,2025-07-22,EMP038,CC011,DEP05,ITM0030,Request ITM0030,1000,245.24,245242.44,IDR,2025-08-14,low,pending,BUD00124,https://docs.internal/pr/PR202500775.pdf
PR00776,PR202400776,2024-03-26,EMP018,CC010,DEP04,ITM0010,Request ITM0010,5,26020.46,130102.32,IDR,2024-04-14,low,approved,BUD01075,https://docs.internal/pr/PR202400776.pdf
PR00777,PR202400777,2024-07-30,EMP022,CC012,DEP06,ITM0022,Request ITM0022,100,58.86,5886.28,IDR,2024-08-26,normal,approved,BUD00296,https://docs.internal/pr/PR202400777.pdf
PR00778,PR202500778,2024-12-29,EMP007,CC008,DEP02,ITM0017,Request ITM0017,100,113.12,11312.09,IDR,2025-01-17,urgent,approved,BUD01054,https://docs.internal/pr/PR202500778.pdf
PR00779,PR202500779,2025-05-21,EMP006,CC010,DEP04,ITM0037,Request ITM0037,50,43239.25,2161962.71,IDR,2025-06-23,low,rejected,BUD00580,https://docs.internal/pr/PR202500779.pdf
PR00780,PR202400780,2024-06-03,EMP033,CC006,DEP06,ITM0039,Request ITM0039,2,19504.31,39008.63,IDR,2024-06-29,normal,approved,BUD00248,https://docs.internal/pr/PR202400780.pdf
PR00781,PR202400781,2024-06-23,EMP027,CC005,DEP05,ITM0039,Request ITM0039,100,13366.45,1336645.42,IDR,2024-07-26,low,pending,BUD00642,https://docs.internal/pr/PR202400781.pdf
PR00782,PR202400782,2024-07-07,EMP014,CC002,DEP02,ITM0008,Request ITM0008,100,454.32,45432.32,IDR,2024-08-05,normal,approved,BUD00483,https://docs.internal/pr/PR202400782.pdf
PR00783,PR202400783,2024-02-14,EMP026,CC008,DEP02,ITM0009,Request ITM0009,500,38082.73,19041363.94,IDR,2024-03-23,urgent,approved,BUD00997,https://docs.internal/pr/PR202400783.pdf
PR00784,PR202500784,2025-11-28,EMP021,CC012,DEP06,ITM0012,Request ITM0012,100,19949.98,1994997.78,IDR,2026-01-09,low,approved,BUD01130,https://docs.internal/pr/PR202500784.pdf
PR00785,PR202500785,2025-09-15,EMP001,CC008,DEP02,ITM0006,Request ITM0006,20,7272.19,145443.79,IDR,2025-10-24,low,draft,BUD01016,https://docs.internal/pr/PR202500785.pdf
PR00786,PR202500786,2025-05-26,EMP023,CC008,DEP02,ITM0036,Request ITM0036,50,1761.27,88063.60,IDR,2025-06-22,urgent,approved,BUD00257,https://docs.internal/pr/PR202500786.pdf
PR00787,PR202500787,2025-12-05,EMP015,CC007,DEP01,ITM0007,Request ITM0007,2,1845.74,3691.47,IDR,2026-01-18,low,approved,BUD00687,https://docs.internal/pr/PR202500787.pdf
PR00788,PR202500788,2025-12-11,EMP020,CC011,DEP05,ITM0035,Request ITM0035,1,135797.35,135797.35,IDR,2026-01-20,high,approved,BUD00285,https://docs.internal/pr/PR202500788.pdf
PR00789,PR202400789,2024-06-11,EMP002,CC004,DEP04,ITM0004,Request ITM0004,40,9147.94,365917.62,IDR,2024-07-06,low,approved,BUD01044,https://docs.internal/pr/PR202400789.pdf
PR00790,PR202500790,2025-02-20,EMP001,CC004,DEP04,ITM0031,Request ITM0031,100,364.72,36472.14,IDR,2025-03-15,high,approved,BUD00385,https://docs.internal/pr/PR202500790.pdf
PR00791,PR202500791,2025-08-19,EMP005,CC012,DEP06,ITM0028,Request ITM0028,250,704.36,176090.02,IDR,2025-10-02,urgent,approved,BUD01135,https://docs.internal/pr/PR202500791.pdf
PR00792,PR202500792,2025-05-31,EMP035,CC009,DEP03,ITM0006,Request ITM0006,40,7850.52,314020.68,IDR,2025-06-11,urgent,pending,BUD00825,https://docs.internal/pr/PR202500792.pdf
PR00793,PR202400793,2024-11-02,EMP033,CC006,DEP06,ITM0003,Request ITM0003,10,3172.85,31728.47,IDR,2024-12-08,low,approved,BUD01105,https://docs.internal/pr/PR202400793.pdf
PR00794,PR202400794,2024-02-15,EMP019,CC001,DEP01,ITM0023,Request ITM0023,200,36.26,7251.32,IDR,2024-03-18,urgent,approved,BUD00934,https://docs.internal/pr/PR202400794.pdf
PR00795,PR202500795,2025-12-19,EMP036,CC007,DEP01,ITM0032,Request ITM0032,2,12913.07,25826.14,IDR,2026-01-07,urgent,approved,BUD00527,https://docs.internal/pr/PR202500795.pdf
PR00796,PR202500796,2025-08-19,EMP007,CC008,DEP02,ITM0004,Request ITM0004,2,8820.65,17641.30,IDR,2025-10-01,normal,approved,BUD00535,https://docs.internal/pr/PR202500796.pdf
PR00797,PR202400797,2024-02-07,EMP031,CC005,DEP05,ITM0016,Request ITM0016,200,62.18,12435.46,IDR,2024-03-23,high,approved,BUD00431,https://docs.internal/pr/PR202400797.pdf
PR00798,PR202400798,2024-07-10,EMP040,CC010,DEP04,ITM0009,Request ITM0009,50,32340.43,1617021.56,IDR,2024-08-06,high,approved,BUD00291,https://docs.internal/pr/PR202400798.pdf
PR00799,PR202500799,2025-11-03,EMP003,CC008,DEP02,ITM0022,Request ITM0022,250,53.15,13287.30,IDR,2025-12-07,low,approved,BUD00924,https://docs.internal/pr/PR202500799.pdf
PR00800,PR202500800,2024-12-27,EMP025,CC001,DEP01,ITM0032,Request ITM0032,100,10984.48,1098447.99,IDR,2025-01-17,low,approved,BUD00046,https://docs.internal/pr/PR202500800.pdf
PR00801,PR202400801,2024-02-19,EMP010,CC008,DEP02,ITM0015,Request ITM0015,200,8.44,1688.36,IDR,2024-03-17,normal,approved,BUD00498,https://docs.internal/pr/PR202400801.pdf
PR00802,PR202400802,2024-05-10,EMP025,CC002,DEP02,ITM0018,Request ITM0018,500,108.67,54337.01,IDR,2024-06-10,low,approved,BUD00567,https://docs.internal/pr/PR202400802.pdf
PR00803,PR202500803,2025-06-14,EMP014,CC010,DEP04,ITM0009,Request ITM0009,10,32364.98,323649.76,IDR,2025-07-19,high,approved,BUD00445,https://docs.internal/pr/PR202500803.pdf
PR00804,PR202500804,2024-12-30,EMP036,CC008,DEP02,ITM0031,Request ITM0031,1000,188.03,188028.50,IDR,2025-01-30,high,approved,BUD00106,https://docs.internal/pr/PR202500804.pdf
PR00805,PR202500805,2025-10-08,EMP034,CC010,DEP04,ITM0010,Request ITM0010,5,24349.90,121749.50,IDR,2025-10-27,high,rejected,BUD00369,https://docs.internal/pr/PR202500805.pdf
PR00806,PR202400806,2024-08-20,EMP030,CC006,DEP06,ITM0021,Request ITM0021,4,9434.46,37737.85,IDR,2024-09-24,urgent,approved,BUD00061,https://docs.internal/pr/PR202400806.pdf
PR00807,PR202400807,2024-11-30,EMP040,CC008,DEP02,ITM0001,Request ITM0001,2,13426.08,26852.16,IDR,2024-12-24,urgent,approved,BUD00845,https://docs.internal/pr/PR202400807.pdf
PR00808,PR202500808,2025-08-25,EMP017,CC001,DEP01,ITM0037,Request ITM0037,250,40406.52,10101629.78,IDR,2025-10-07,urgent,approved,BUD01047,https://docs.internal/pr/PR202500808.pdf
PR00809,PR202500809,2025-06-01,EMP015,CC011,DEP05,ITM0024,Request ITM0024,1000,471.92,471919.27,IDR,2025-07-03,normal,draft,BUD00962,https://docs.internal/pr/PR202500809.pdf
PR00810,PR202400810,2024-07-27,EMP010,CC004,DEP04,ITM0032,Request ITM0032,5,8435.54,42177.72,IDR,2024-08-23,high,approved,BUD00938,https://docs.internal/pr/PR202400810.pdf
PR00811,PR202500811,2025-11-13,EMP002,CC012,DEP06,ITM0038,Request ITM0038,50,3085.61,154280.71,IDR,2025-12-06,urgent,approved,BUD00091,https://docs.internal/pr/PR202500811.pdf
PR00812,PR202400812,2024-10-16,EMP010,CC005,DEP05,ITM0021,Request ITM0021,5,19655.17,98275.83,IDR,2024-12-02,urgent,approved,BUD00630,https://docs.internal/pr/PR202400812.pdf
PR00813,PR202400813,2024-02-05,EMP017,CC006,DEP06,ITM0008,Request ITM0008,400,467.14,186855.85,IDR,2024-03-25,urgent,approved,BUD00146,https://docs.internal/pr/PR202400813.pdf
PR00814,PR202500814,2025-02-21,EMP038,CC007,DEP01,ITM0017,Request ITM0017,100,85.87,8586.73,IDR,2025-03-15,normal,approved,BUD00145,https://docs.internal/pr/PR202500814.pdf
PR00815,PR202400815,2024-03-24,EMP011,CC002,DEP02,ITM0031,Request ITM0031,1000,357.53,357525.42,IDR,2024-04-09,normal,approved,BUD00183,https://docs.internal/pr/PR202400815.pdf
PR00816,PR202400816,2024-04-03,EMP005,CC008,DEP02,ITM0027,Request ITM0027,1000,204.88,204875.61,IDR,2024-05-08,normal,pending,BUD01028,https://docs.internal/pr/PR202400816.pdf
PR00817,PR202500817,2025-03-27,EMP016,CC011,DEP05,ITM0006,Request ITM0006,25,5204.76,130118.97,IDR,2025-05-12,high,draft,BUD01101,https://docs.internal/pr/PR202500817.pdf
PR00818,PR202500818,2025-03-19,EMP008,CC010,DEP04,ITM0005,Request ITM0005,10,1266.80,12668.02,IDR,2025-04-15,low,approved,BUD00886,https://docs.internal/pr/PR202500818.pdf
PR00819,PR202500819,2025-10-25,EMP001,CC004,DEP04,ITM0032,Request ITM0032,40,10078.02,403120.95,IDR,2025-11-27,urgent,approved,BUD00326,https://docs.internal/pr/PR202500819.pdf
PR00820,PR202400820,2024-02-26,EMP001,CC004,DEP04,ITM0019,Request ITM0019,2,10212.46,20424.92,IDR,2024-03-28,high,approved,BUD00642,https://docs.internal/pr/PR202400820.pdf
PR00821,PR202500821,2025-10-08,EMP031,CC011,DEP05,ITM0031,Request ITM0031,100,273.63,27362.97,IDR,2025-11-15,urgent,approved,BUD00727,https://docs.internal/pr/PR202500821.pdf
PR00822,PR202500822,2025-04-08,EMP016,CC010,DEP04,ITM0009,Request ITM0009,2,35206.11,70412.22,IDR,2025-04-28,urgent,approved,BUD01106,https://docs.internal/pr/PR202500822.pdf
PR00823,PR202400823,2024-01-24,EMP017,CC004,DEP04,ITM0026,Request ITM0026,50,151.30,7564.79,IDR,2024-02-15,urgent,approved,BUD00547,https://docs.internal/pr/PR202400823.pdf
PR00824,PR202500824,2025-05-13,EMP039,CC004,DEP04,ITM0033,Request ITM0033,500,833.11,416556.58,IDR,2025-06-15,high,approved,BUD00447,https://docs.internal/pr/PR202500824.pdf
PR00825,PR202500825,2024-12-31,EMP016,CC005,DEP05,ITM0024,Request ITM0024,1000,612.71,612708.31,IDR,2025-01-21,normal,approved,BUD00452,https://docs.internal/pr/PR202500825.pdf
PR00826,PR202500826,2025-03-07,EMP021,CC003,DEP03,ITM0027,Request ITM0027,100,164.16,16416.34,IDR,2025-04-10,high,approved,BUD01057,https://docs.internal/pr/PR202500826.pdf
PR00827,PR202400827,2024-08-29,EMP038,CC009,DEP03,ITM0040,Request ITM0040,20,2715.59,54311.73,IDR,2024-09-11,normal,approved,BUD00741,https://docs.internal/pr/PR202400827.pdf
PR00828,PR202500828,2025-03-29,EMP028,CC007,DEP01,ITM0002,Request ITM0002,2,39382.67,78765.34,IDR,2025-04-27,normal,approved,BUD00884,https://docs.internal/pr/PR202500828.pdf
PR00829,PR202500829,2025-02-09,EMP012,CC004,DEP04,ITM0039,Request ITM0039,40,13144.37,525774.76,IDR,2025-03-24,normal,approved,BUD00519,https://docs.internal/pr/PR202500829.pdf
PR00830,PR202500830,2025-06-12,EMP036,CC009,DEP03,ITM0040,Request ITM0040,40,2891.87,115674.68,IDR,2025-07-11,normal,approved,BUD00208,https://docs.internal/pr/PR202500830.pdf
PR00831,PR202400831,2023-12-23,EMP014,CC011,DEP05,ITM0016,Request ITM0016,100,55.80,5579.54,IDR,2024-02-05,low,approved,BUD01134,https://docs.internal/pr/PR202400831.pdf
PR00832,PR202500832,2025-10-25,EMP019,CC005,DEP05,ITM0006,Request ITM0006,100,6408.00,640799.89,IDR,2025-11-15,normal,approved,BUD01046,https://docs.internal/pr/PR202500832.pdf
PR00833,PR202400833,2024-10-05,EMP037,CC011,DEP05,ITM0040,Request ITM0040,1,3164.80,3164.80,IDR,2024-10-28,normal,approved,BUD00232,https://docs.internal/pr/PR202400833.pdf
PR00834,PR202500834,2025-02-23,EMP028,CC008,DEP02,ITM0002,Request ITM0002,5,32231.75,161158.74,IDR,2025-03-29,urgent,approved,BUD00278,https://docs.internal/pr/PR202500834.pdf
PR00835,PR202500835,2024-12-26,EMP019,CC007,DEP01,ITM0021,Request ITM0021,10,17976.24,179762.44,IDR,2025-02-03,low,pending,BUD00477,https://docs.internal/pr/PR202500835.pdf
PR00836,PR202500836,2025-06-05,EMP026,CC005,DEP05,ITM0028,Request ITM0028,100,677.31,67731.20,IDR,2025-06-28,high,approved,BUD01045,https://docs.internal/pr/PR202500836.pdf
PR00837,PR202400837,2024-07-06,EMP024,CC001,DEP01,ITM0013,Request ITM0013,50,620.63,31031.44,IDR,2024-07-16,urgent,approved,BUD00645,https://docs.internal/pr/PR202400837.pdf
PR00838,PR202500838,2025-11-04,EMP007,CC005,DEP05,ITM0006,Request ITM0006,1,7644.65,7644.65,IDR,2025-11-25,urgent,rejected,BUD01024,https://docs.internal/pr/PR202500838.pdf
PR00839,PR202500839,2025-12-28,EMP007,CC008,DEP02,ITM0029,Request ITM0029,1000,117.64,117641.64,IDR,2026-01-09,low,approved,BUD00922,https://docs.internal/pr/PR202500839.pdf
PR00840,PR202400840,2024-12-08,EMP032,CC003,DEP03,ITM0012,Request ITM0012,40,18791.97,751678.97,IDR,2025-01-06,normal,draft,BUD00441,https://docs.internal/pr/PR202400840.pdf
PR00841,PR202500841,2025-09-16,EMP026,CC011,DEP05,ITM0031,Request ITM0031,1000,615.37,615366.00,IDR,2025-11-01,high,approved,BUD00787,https://docs.internal/pr/PR202500841.pdf
PR00842,PR202400842,2024-02-22,EMP024,CC007,DEP01,ITM0027,Request ITM0027,200,197.31,39462.29,IDR,2024-03-11,high,approved,BUD00363,https://docs.internal/pr/PR202400842.pdf
PR00843,PR202400843,2024-06-04,EMP016,CC009,DEP03,ITM0006,Request ITM0006,2,7657.17,15314.34,IDR,2024-07-05,low,approved,BUD00331,https://docs.internal/pr/PR202400843.pdf
PR00844,PR202400844,2024-11-01,EMP037,CC003,DEP03,ITM0017,Request ITM0017,200,101.23,20245.88,IDR,2024-12-01,low,pending,BUD00696,https://docs.internal/pr/PR202400844.pdf
PR00845,PR202500845,2025-04-02,EMP006,CC003,DEP03,ITM0036,Request ITM0036,100,1608.32,160831.68,IDR,2025-05-05,normal,approved,BUD00980,https://docs.internal/pr/PR202500845.pdf
PR00846,PR202500846,2025-12-03,EMP038,CC001,DEP01,ITM0025,Request ITM0025,500,37.43,18712.52,IDR,2025-12-27,high,approved,BUD00005,https://docs.internal/pr/PR202500846.pdf
PR00847,PR202500847,2025-10-17,EMP003,CC001,DEP01,ITM0025,Request ITM0025,2000,47.95,95892.29,IDR,2025-11-08,low,approved,BUD00570,https://docs.internal/pr/PR202500847.pdf
PR00848,PR202400848,2024-09-07,EMP029,CC007,DEP01,ITM0021,Request ITM0021,50,13237.05,661852.54,IDR,2024-10-06,low,approved,BUD00083,https://docs.internal/pr/PR202400848.pdf
PR00849,PR202400849,2024-11-15,EMP020,CC011,DEP05,ITM0011,Request ITM0011,5,13184.36,65921.79,IDR,2024-12-08,low,approved,BUD00268,https://docs.internal/pr/PR202400849.pdf
PR00850,PR202400850,2024-04-12,EMP032,CC006,DEP06,ITM0022,Request ITM0022,1000,53.99,53988.18,IDR,2024-04-27,urgent,approved,BUD00359,https://docs.internal/pr/PR202400850.pdf
PR00851,PR202400851,2024-12-08,EMP016,CC006,DEP06,ITM0035,Request ITM0035,100,162051.16,16205116.43,IDR,2025-01-06,urgent,approved,BUD00145,https://docs.internal/pr/PR202400851.pdf
PR00852,PR202500852,2025-04-11,EMP032,CC012,DEP06,ITM0035,Request ITM0035,1,180753.36,180753.36,IDR,2025-05-15,urgent,draft,BUD00938,https://docs.internal/pr/PR202500852.pdf
PR00853,PR202500853,2025-05-06,EMP040,CC001,DEP01,ITM0027,Request ITM0027,400,184.97,73987.56,IDR,2025-06-09,low,approved,BUD00678,https://docs.internal/pr/PR202500853.pdf
PR00854,PR202500854,2025-02-06,EMP008,CC012,DEP06,ITM0028,Request ITM0028,200,805.76,161151.66,IDR,2025-03-05,urgent,rejected,BUD00895,https://docs.internal/pr/PR202500854.pdf
PR00855,PR202400855,2024-06-22,EMP016,CC001,DEP01,ITM0027,Request ITM0027,500,150.38,75190.00,IDR,2024-07-23,low,approved,BUD00895,https://docs.internal/pr/PR202400855.pdf
PR00856,PR202500856,2025-09-06,EMP028,CC005,DEP05,ITM0038,Request ITM0038,40,3081.37,123254.88,IDR,2025-09-27,normal,approved,BUD00013,https://docs.internal/pr/PR202500856.pdf
PR00857,PR202500857,2025-04-03,EMP009,CC009,DEP03,ITM0040,Request ITM0040,40,2802.23,112089.12,IDR,2025-04-13,high,approved,BUD00158,https://docs.internal/pr/PR202500857.pdf
PR00858,PR202400858,2024-04-22,EMP026,CC009,DEP03,ITM0026,Request ITM0026,200,110.66,22131.55,IDR,2024-05-15,high,pending,BUD00735,https://docs.internal/pr/PR202400858.pdf
PR00859,PR202500859,2025-05-08,EMP036,CC010,DEP04,ITM0021,Request ITM0021,5,16731.21,83656.04,IDR,2025-05-30,normal,pending,BUD00862,https://docs.internal/pr/PR202500859.pdf
PR00860,PR202400860,2024-09-25,EMP005,CC004,DEP04,ITM0027,Request ITM0027,250,192.13,48031.74,IDR,2024-10-16,urgent,approved,BUD00385,https://docs.internal/pr/PR202400860.pdf
PR00861,PR202500861,2025-07-28,EMP004,CC006,DEP06,ITM0033,Request ITM0033,5000,925.21,4626072.05,IDR,2025-09-01,low,approved,BUD00533,https://docs.internal/pr/PR202500861.pdf
PR00862,PR202500862,2025-11-30,EMP027,CC008,DEP02,ITM0025,Request ITM0025,500,40.14,20067.94,IDR,2026-01-11,high,approved,BUD01005,https://docs.internal/pr/PR202500862.pdf
PR00863,PR202500863,2025-03-13,EMP038,CC006,DEP06,ITM0036,Request ITM0036,100,1708.26,170825.73,IDR,2025-04-16,normal,approved,BUD00138,https://docs.internal/pr/PR202500863.pdf
PR00864,PR202500864,2025-01-06,EMP015,CC008,DEP02,ITM0013,Request ITM0013,2000,643.04,1286078.19,IDR,2025-01-25,normal,approved,BUD00221,https://docs.internal/pr/PR202500864.pdf
PR00865,PR202500865,2025-02-22,EMP023,CC003,DEP03,ITM0019,Request ITM0019,10,10381.59,103815.85,IDR,2025-04-06,normal,approved,BUD01040,https://docs.internal/pr/PR202500865.pdf
PR00866,PR202500866,2025-08-12,EMP031,CC007,DEP01,ITM0017,Request ITM0017,400,98.14,39256.13,IDR,2025-09-05,normal,rejected,BUD01111,https://docs.internal/pr/PR202500866.pdf
PR00867,PR202500867,2025-06-18,EMP039,CC006,DEP06,ITM0022,Request ITM0022,50,59.00,2950.13,IDR,2025-07-30,urgent,approved,BUD01056,https://docs.internal/pr/PR202500867.pdf
PR00868,PR202500868,2025-04-03,EMP036,CC002,DEP02,ITM0009,Request ITM0009,100,32980.18,3298018.11,IDR,2025-05-03,low,pending,BUD00875,https://docs.internal/pr/PR202500868.pdf
PR00869,PR202500869,2025-01-28,EMP017,CC009,DEP03,ITM0028,Request ITM0028,500,767.19,383595.34,IDR,2025-02-26,high,approved,BUD00862,https://docs.internal/pr/PR202500869.pdf
PR00870,PR202400870,2024-08-30,EMP011,CC006,DEP06,ITM0004,Request ITM0004,5,9030.64,45153.22,IDR,2024-09-11,normal,approved,BUD00361,https://docs.internal/pr/PR202400870.pdf
PR00871,PR202500871,2025-03-03,EMP036,CC010,DEP04,ITM0015,Request ITM0015,500,8.02,4007.54,IDR,2025-03-18,low,approved,BUD01088,https://docs.internal/pr/PR202500871.pdf
PR00872,PR202400872,2024-07-24,EMP036,CC009,DEP03,ITM0029,Request ITM0029,100,113.33,11333.21,IDR,2024-08-29,urgent,approved,BUD00959,https://docs.internal/pr/PR202400872.pdf
PR00873,PR202400873,2024-05-09,EMP012,CC007,DEP01,ITM0027,Request ITM0027,5000,196.35,981761.69,IDR,2024-05-24,normal,approved,BUD00010,https://docs.internal/pr/PR202400873.pdf
PR00874,PR202500874,2025-05-12,EMP034,CC008,DEP02,ITM0012,Request ITM0012,5,19920.86,99604.31,IDR,2025-06-24,normal,approved,BUD00546,https://docs.internal/pr/PR202500874.pdf
PR00875,PR202500875,2025-10-26,EMP007,CC002,DEP02,ITM0039,Request ITM0039,100,18044.61,1804461.10,IDR,2025-11-19,urgent,approved,BUD00512,https://docs.internal/pr/PR202500875.pdf
PR00876,PR202500876,2025-02-12,EMP018,CC006,DEP06,ITM0016,Request ITM0016,400,66.51,26603.54,IDR,2025-03-06,low,approved,BUD00649,https://docs.internal/pr/PR202500876.pdf
PR00877,PR202400877,2024-07-19,EMP029,CC012,DEP06,ITM0002,Request ITM0002,500,43748.78,21874387.56,IDR,2024-08-29,low,approved,BUD00388,https://docs.internal/pr/PR202400877.pdf
PR00878,PR202400878,2024-01-25,EMP021,CC011,DEP05,ITM0015,Request ITM0015,2500,4.21,10532.50,IDR,2024-02-27,low,approved,BUD00632,https://docs.internal/pr/PR202400878.pdf
PR00879,PR202500879,2025-08-26,EMP014,CC007,DEP01,ITM0024,Request ITM0024,1000,614.97,614973.50,IDR,2025-09-29,normal,approved,BUD00500,https://docs.internal/pr/PR202500879.pdf
PR00880,PR202400880,2024-08-06,EMP012,CC003,DEP03,ITM0004,Request ITM0004,25,8426.09,210652.26,IDR,2024-09-07,high,approved,BUD00627,https://docs.internal/pr/PR202400880.pdf
PR00881,PR202400881,2024-11-10,EMP040,CC002,DEP02,ITM0002,Request ITM0002,20,40293.33,805866.55,IDR,2024-12-27,urgent,pending,BUD00275,https://docs.internal/pr/PR202400881.pdf
PR00882,PR202400882,2024-11-27,EMP015,CC003,DEP03,ITM0002,Request ITM0002,20,41989.18,839783.61,IDR,2025-01-02,high,pending,BUD00115,https://docs.internal/pr/PR202400882.pdf
PR00883,PR202400883,2024-06-19,EMP001,CC008,DEP02,ITM0018,Request ITM0018,400,144.45,57779.67,IDR,2024-07-07,low,approved,BUD00951,https://docs.internal/pr/PR202400883.pdf
PR00884,PR202400884,2024-01-02,EMP033,CC010,DEP04,ITM0012,Request ITM0012,5,19325.38,96626.89,IDR,2024-02-01,high,rejected,BUD00285,https://docs.internal/pr/PR202400884.pdf
PR00885,PR202400885,2024-04-15,EMP022,CC001,DEP01,ITM0026,Request ITM0026,5000,137.86,689320.53,IDR,2024-05-22,low,rejected,BUD00978,https://docs.internal/pr/PR202400885.pdf
PR00886,PR202400886,2024-08-11,EMP004,CC004,DEP04,ITM0009,Request ITM0009,4,37234.86,148939.45,IDR,2024-09-17,normal,approved,BUD00749,https://docs.internal/pr/PR202400886.pdf
PR00887,PR202400887,2024-08-03,EMP009,CC010,DEP04,ITM0002,Request ITM0002,5,42120.26,210601.29,IDR,2024-09-03,high,approved,BUD00042,https://docs.internal/pr/PR202400887.pdf
PR00888,PR202500888,2025-01-12,EMP019,CC005,DEP05,ITM0033,Request ITM0033,500,628.88,314442.06,IDR,2025-02-16,urgent,approved,BUD00011,https://docs.internal/pr/PR202500888.pdf
PR00889,PR202400889,2024-02-02,EMP027,CC009,DEP03,ITM0039,Request ITM0039,5,17341.22,86706.11,IDR,2024-03-11,low,approved,BUD00445,https://docs.internal/pr/PR202400889.pdf
PR00890,PR202500890,2025-11-27,EMP006,CC002,DEP02,ITM0023,Request ITM0023,200,39.10,7820.54,IDR,2025-12-30,urgent,approved,BUD00624,https://docs.internal/pr/PR202500890.pdf
PR00891,PR202400891,2024-02-17,EMP034,CC012,DEP06,ITM0014,Request ITM0014,50,17460.50,873025.14,IDR,2024-03-22,low,approved,BUD01018,https://docs.internal/pr/PR202400891.pdf
PR00892,PR202500892,2025-02-20,EMP032,CC009,DEP03,ITM0031,Request ITM0031,100,247.50,24750.43,IDR,2025-03-22,high,approved,BUD00338,https://docs.internal/pr/PR202500892.pdf
PR00893,PR202500893,2025-02-04,EMP034,CC006,DEP06,ITM0015,Request ITM0015,500,7.32,3661.19,IDR,2025-02-27,urgent,approved,BUD00045,https://docs.internal/pr/PR202500893.pdf
PR00894,PR202400894,2024-06-27,EMP014,CC012,DEP06,ITM0036,Request ITM0036,20,1701.58,34031.50,IDR,2024-08-06,urgent,approved,BUD00306,https://docs.internal/pr/PR202400894.pdf
PR00895,PR202500895,2025-11-28,EMP015,CC012,DEP06,ITM0030,Request ITM0030,250,197.95,49487.10,IDR,2025-12-16,normal,approved,BUD00718,https://docs.internal/pr/PR202500895.pdf
PR00896,PR202500896,2025-07-31,EMP012,CC012,DEP06,ITM0030,Request ITM0030,250,193.43,48358.43,IDR,2025-09-04,low,approved,BUD00603,https://docs.internal/pr/PR202500896.pdf
PR00897,PR202500897,2025-10-10,EMP022,CC007,DEP01,ITM0015,Request ITM0015,1000,6.59,6587.69,IDR,2025-10-31,urgent,approved,BUD00958,https://docs.internal/pr/PR202500897.pdf
PR00898,PR202500898,2025-11-21,EMP015,CC006,DEP06,ITM0015,Request ITM0015,250,8.39,2097.38,IDR,2025-12-12,urgent,approved,BUD00151,https://docs.internal/pr/PR202500898.pdf
PR00899,PR202400899,2024-06-04,EMP009,CC004,DEP04,ITM0024,Request ITM0024,400,539.06,215622.23,IDR,2024-07-05,urgent,approved,BUD00355,https://docs.internal/pr/PR202400899.pdf
PR00900,PR202400900,2024-09-14,EMP011,CC002,DEP02,ITM0017,Request ITM0017,250,114.73,28682.11,IDR,2024-10-13,urgent,approved,BUD00183,https://docs.internal/pr/PR202400900.pdf
PR00901,PR202500901,2025-08-14,EMP029,CC005,DEP05,ITM0003,Request ITM0003,200,2830.76,566152.55,IDR,2025-09-22,low,approved,BUD00279,https://docs.internal/pr/PR202500901.pdf
PR00902,PR202500902,2025-09-14,EMP027,CC001,DEP01,ITM0012,Request ITM0012,25,21368.79,534219.75,IDR,2025-10-21,low,pending,BUD00330,https://docs.internal/pr/PR202500902.pdf
PR00903,PR202400903,2024-10-05,EMP013,CC007,DEP01,ITM0029,Request ITM0029,200,94.64,18927.31,IDR,2024-10-30,urgent,approved,BUD00548,https://docs.internal/pr/PR202400903.pdf
PR00904,PR202500904,2025-07-30,EMP007,CC007,DEP01,ITM0004,Request ITM0004,100,7352.65,735265.19,IDR,2025-08-17,urgent,approved,BUD00296,https://docs.internal/pr/PR202500904.pdf
PR00905,PR202400905,2024-10-01,EMP031,CC009,DEP03,ITM0003,Request ITM0003,100,2995.72,299572.40,IDR,2024-10-31,low,approved,BUD00353,https://docs.internal/pr/PR202400905.pdf
PR00906,PR202500906,2025-09-23,EMP002,CC002,DEP02,ITM0036,Request ITM0036,1,1489.51,1489.51,IDR,2025-11-01,low,rejected,BUD00055,https://docs.internal/pr/PR202500906.pdf
PR00907,PR202500907,2025-03-25,EMP030,CC004,DEP04,ITM0019,Request ITM0019,40,21165.36,846614.36,IDR,2025-05-01,normal,approved,BUD00569,https://docs.internal/pr/PR202500907.pdf
PR00908,PR202500908,2025-10-19,EMP012,CC007,DEP01,ITM0019,Request ITM0019,10,8582.97,85829.73,IDR,2025-11-15,urgent,approved,BUD00961,https://docs.internal/pr/PR202500908.pdf
PR00909,PR202400909,2024-04-03,EMP034,CC004,DEP04,ITM0019,Request ITM0019,10,9628.87,96288.74,IDR,2024-04-29,urgent,approved,BUD01111,https://docs.internal/pr/PR202400909.pdf
PR00910,PR202500910,2025-02-14,EMP037,CC009,DEP03,ITM0031,Request ITM0031,500,339.32,169659.53,IDR,2025-03-16,urgent,approved,BUD00161,https://docs.internal/pr/PR202500910.pdf
PR00911,PR202500911,2025-09-01,EMP036,CC012,DEP06,ITM0031,Request ITM0031,100,374.03,37402.51,IDR,2025-09-10,low,approved,BUD00200,https://docs.internal/pr/PR202500911.pdf
PR00912,PR202500912,2025-11-06,EMP009,CC010,DEP04,ITM0019,Request ITM0019,500,9169.14,4584569.69,IDR,2025-12-11,normal,approved,BUD00092,https://docs.internal/pr/PR202500912.pdf
PR00913,PR202400913,2024-04-18,EMP006,CC011,DEP05,ITM0031,Request ITM0031,100,366.35,36635.04,IDR,2024-05-28,low,draft,BUD00986,https://docs.internal/pr/PR202400913.pdf
PR00914,PR202400914,2024-09-20,EMP006,CC008,DEP02,ITM0026,Request ITM0026,1000,131.75,131754.43,IDR,2024-10-07,high,approved,BUD00472,https://docs.internal/pr/PR202400914.pdf
PR00915,PR202500915,2025-06-14,EMP012,CC011,DEP05,ITM0039,Request ITM0039,10,14901.68,149016.76,IDR,2025-07-02,normal,approved,BUD00830,https://docs.internal/pr/PR202500915.pdf
PR00916,PR202400916,2024-10-03,EMP007,CC002,DEP02,ITM0033,Request ITM0033,100,831.54,83153.90,IDR,2024-11-16,high,approved,BUD00401,https://docs.internal/pr/PR202400916.pdf
PR00917,PR202500917,2025-12-24,EMP026,CC009,DEP03,ITM0031,Request ITM0031,50,293.13,14656.72,IDR,2026-01-20,high,approved,BUD00862,https://docs.internal/pr/PR202500917.pdf
PR00918,PR202400918,2024-06-09,EMP024,CC006,DEP06,ITM0024,Request ITM0024,250,639.47,159867.79,IDR,2024-07-05,normal,approved,BUD00451,https://docs.internal/pr/PR202400918.pdf
PR00919,PR202400919,2024-07-29,EMP018,CC007,DEP01,ITM0039,Request ITM0039,2,19249.07,38498.14,IDR,2024-09-01,high,approved,BUD00070,https://docs.internal/pr/PR202400919.pdf
PR00920,PR202500920,2025-09-15,EMP013,CC007,DEP01,ITM0017,Request ITM0017,5000,109.12,545581.86,IDR,2025-10-14,urgent,approved,BUD00677,https://docs.internal/pr/PR202500920.pdf
PR00921,PR202400921,2024-03-04,EMP009,CC007,DEP01,ITM0011,Request ITM0011,20,13577.02,271540.44,IDR,2024-04-11,urgent,approved,BUD00336,https://docs.internal/pr/PR202400921.pdf
PR00922,PR202500922,2025-08-21,EMP017,CC012,DEP06,ITM0023,Request ITM0023,100,36.10,3609.75,IDR,2025-09-18,low,approved,BUD00892,https://docs.internal/pr/PR202500922.pdf
PR00923,PR202400923,2024-06-27,EMP019,CC006,DEP06,ITM0003,Request ITM0003,2,3239.23,6478.46,IDR,2024-07-29,normal,approved,BUD00778,https://docs.internal/pr/PR202400923.pdf
PR00924,PR202500924,2025-01-21,EMP032,CC009,DEP03,ITM0011,Request ITM0011,5,14436.64,72183.21,IDR,2025-03-06,high,approved,BUD00964,https://docs.internal/pr/PR202500924.pdf
PR00925,PR202500925,2025-03-25,EMP002,CC008,DEP02,ITM0039,Request ITM0039,100,13121.06,1312106.07,IDR,2025-04-26,normal,approved,BUD00303,https://docs.internal/pr/PR202500925.pdf
PR00926,PR202500926,2025-12-04,EMP013,CC012,DEP06,ITM0001,Request ITM0001,2,11169.31,22338.61,IDR,2026-01-11,urgent,approved,BUD00291,https://docs.internal/pr/PR202500926.pdf
PR00927,PR202400927,2024-07-19,EMP034,CC006,DEP06,ITM0015,Request ITM0015,500,5.48,2740.42,IDR,2024-07-29,urgent,approved,BUD01146,https://docs.internal/pr/PR202400927.pdf
PR00928,PR202400928,2024-03-29,EMP001,CC005,DEP05,ITM0021,Request ITM0021,5,19101.91,95509.55,IDR,2024-04-27,low,approved,BUD00053,https://docs.internal/pr/PR202400928.pdf
PR00929,PR202500929,2025-12-08,EMP019,CC001,DEP01,ITM0008,Request ITM0008,500,435.00,217501.01,IDR,2026-01-06,high,approved,BUD00093,https://docs.internal/pr/PR202500929.pdf
PR00930,PR202400930,2024-07-17,EMP003,CC009,DEP03,ITM0026,Request ITM0026,200,106.52,21304.70,IDR,2024-08-16,high,approved,BUD00133,https://docs.internal/pr/PR202400930.pdf
PR00931,PR202500931,2025-07-17,EMP027,CC009,DEP03,ITM0029,Request ITM0029,1000,104.76,104762.66,IDR,2025-08-09,normal,pending,BUD00037,https://docs.internal/pr/PR202500931.pdf
PR00932,PR202400932,2024-08-09,EMP004,CC002,DEP02,ITM0035,Request ITM0035,1,142572.25,142572.25,IDR,2024-09-07,high,approved,BUD00838,https://docs.internal/pr/PR202400932.pdf
PR00933,PR202400933,2024-02-18,EMP032,CC002,DEP02,ITM0033,Request ITM0033,100,947.75,94774.66,IDR,2024-03-08,high,pending,BUD00354,https://docs.internal/pr/PR202400933.pdf
PR00934,PR202500934,2025-01-13,EMP003,CC005,DEP05,ITM0006,Request ITM0006,25,7954.15,198853.86,IDR,2025-02-03,high,approved,BUD00380,https://docs.internal/pr/PR202500934.pdf
PR00935,PR202500935,2025-09-27,EMP032,CC005,DEP05,ITM0021,Request ITM0021,250,17577.56,4394389.43,IDR,2025-10-08,high,approved,BUD00895,https://docs.internal/pr/PR202500935.pdf
PR00936,PR202500936,2025-07-30,EMP001,CC006,DEP06,ITM0018,Request ITM0018,500,129.85,64925.47,IDR,2025-09-03,low,approved,BUD01046,https://docs.internal/pr/PR202500936.pdf
PR00937,PR202500937,2025-05-18,EMP019,CC010,DEP04,ITM0038,Request ITM0038,50,3315.76,165787.93,IDR,2025-06-27,high,approved,BUD00550,https://docs.internal/pr/PR202500937.pdf
PR00938,PR202400938,2024-04-24,EMP003,CC004,DEP04,ITM0014,Request ITM0014,1,15637.48,15637.48,IDR,2024-05-28,normal,approved,BUD00388,https://docs.internal/pr/PR202400938.pdf
PR00939,PR202400939,2024-09-22,EMP001,CC009,DEP03,ITM0006,Request ITM0006,5,7406.18,37030.88,IDR,2024-10-18,normal,approved,BUD00779,https://docs.internal/pr/PR202400939.pdf
PR00940,PR202500940,2025-07-23,EMP026,CC003,DEP03,ITM0005,Request ITM0005,250,1309.52,327380.09,IDR,2025-08-16,low,approved,BUD00077,https://docs.internal/pr/PR202500940.pdf
PR00941,PR202500941,2025-10-17,EMP026,CC001,DEP01,ITM0010,Request ITM0010,100,23934.83,2393483.45,IDR,2025-11-19,normal,approved,BUD00583,https://docs.internal/pr/PR202500941.pdf
PR00942,PR202500942,2025-11-12,EMP035,CC007,DEP01,ITM0019,Request ITM0019,2,7505.68,15011.36,IDR,2025-12-17,high,approved,BUD00931,https://docs.internal/pr/PR202500942.pdf
PR00943,PR202400943,2024-03-26,EMP013,CC004,DEP04,ITM0005,Request ITM0005,10,1381.79,13817.95,IDR,2024-05-07,high,approved,BUD00862,https://docs.internal/pr/PR202400943.pdf
PR00944,PR202500944,2025-02-20,EMP007,CC001,DEP01,ITM0015,Request ITM0015,1000,7.79,7794.40,IDR,2025-03-08,urgent,approved,BUD00248,https://docs.internal/pr/PR202500944.pdf
PR00945,PR202500945,2025-01-17,EMP007,CC001,DEP01,ITM0008,Request ITM0008,5000,227.54,1137675.00,IDR,2025-02-19,urgent,approved,BUD00045,https://docs.internal/pr/PR202500945.pdf
PR00946,PR202500946,2025-01-23,EMP036,CC004,DEP04,ITM0021,Request ITM0021,10,18348.98,183489.76,IDR,2025-02-15,high,approved,BUD00233,https://docs.internal/pr/PR202500946.pdf
PR00947,PR202400947,2024-11-15,EMP006,CC008,DEP02,ITM0035,Request ITM0035,1,173532.77,173532.77,IDR,2024-11-28,urgent,approved,BUD00060,https://docs.internal/pr/PR202400947.pdf
PR00948,PR202500948,2025-09-16,EMP026,CC012,DEP06,ITM0028,Request ITM0028,400,720.72,288287.26,IDR,2025-10-12,normal,approved,BUD00596,https://docs.internal/pr/PR202500948.pdf
PR00949,PR202400949,2024-05-03,EMP022,CC010,DEP04,ITM0006,Request ITM0006,2,8045.66,16091.31,IDR,2024-05-22,urgent,approved,BUD00801,https://docs.internal/pr/PR202400949.pdf
PR00950,PR202500950,2025-06-05,EMP025,CC001,DEP01,ITM0003,Request ITM0003,100,3110.70,311070.05,IDR,2025-07-22,normal,approved,BUD00029,https://docs.internal/pr/PR202500950.pdf
PR00951,PR202400951,2024-10-04,EMP024,CC004,DEP04,ITM0039,Request ITM0039,20,12787.44,255748.83,IDR,2024-11-10,urgent,approved,BUD00655,https://docs.internal/pr/PR202400951.pdf
PR00952,PR202500952,2025-01-08,EMP026,CC009,DEP03,ITM0037,Request ITM0037,5,48657.60,243288.02,IDR,2025-02-03,normal,approved,BUD00590,https://docs.internal/pr/PR202500952.pdf
PR00953,PR202400953,2024-05-25,EMP023,CC001,DEP01,ITM0011,Request ITM0011,25,14876.43,371910.79,IDR,2024-06-28,normal,rejected,BUD01064,https://docs.internal/pr/PR202400953.pdf
PR00954,PR202400954,2024-12-09,EMP018,CC003,DEP03,ITM0028,Request ITM0028,200,549.40,109880.11,IDR,2025-01-14,urgent,approved,BUD00387,https://docs.internal/pr/PR202400954.pdf
PR00955,PR202500955,2025-11-25,EMP023,CC012,DEP06,ITM0037,Request ITM0037,2,49749.68,99499.36,IDR,2026-01-04,urgent,rejected,BUD01013,https://docs.internal/pr/PR202500955.pdf
PR00956,PR202500956,2025-08-28,EMP038,CC006,DEP06,ITM0039,Request ITM0039,1,19209.47,19209.47,IDR,2025-09-26,low,approved,BUD00865,https://docs.internal/pr/PR202500956.pdf
PR00957,PR202400957,2024-06-19,EMP037,CC005,DEP05,ITM0036,Request ITM0036,10,1265.90,12659.02,IDR,2024-07-01,normal,approved,BUD00984,https://docs.internal/pr/PR202400957.pdf
PR00958,PR202400958,2024-09-04,EMP001,CC004,DEP04,ITM0029,Request ITM0029,1000,96.52,96523.94,IDR,2024-10-07,urgent,approved,BUD00474,https://docs.internal/pr/PR202400958.pdf
PR00959,PR202400959,2024-01-09,EMP018,CC008,DEP02,ITM0012,Request ITM0012,2,19595.30,39190.59,IDR,2024-02-20,normal,approved,BUD00698,https://docs.internal/pr/PR202400959.pdf
PR00960,PR202400960,2024-03-08,EMP039,CC004,DEP04,ITM0006,Request ITM0006,2,5997.61,11995.21,IDR,2024-04-08,low,approved,BUD00390,https://docs.internal/pr/PR202400960.pdf
PR00961,PR202400961,2024-11-15,EMP022,CC003,DEP03,ITM0018,Request ITM0018,200,136.45,27290.46,IDR,2024-12-25,low,approved,BUD00687,https://docs.internal/pr/PR202400961.pdf
PR00962,PR202400962,2024-12-13,EMP012,CC001,DEP01,ITM0029,Request ITM0029,1000,114.45,114453.82,IDR,2025-01-07,low,draft,BUD00741,https://docs.internal/pr/PR202400962.pdf
PR00963,PR202400963,2024-03-19,EMP004,CC002,DEP02,ITM0024,Request ITM0024,200,636.71,127341.65,IDR,2024-04-21,urgent,approved,BUD00648,https://docs.internal/pr/PR202400963.pdf
PR00964,PR202400964,2024-11-11,EMP034,CC004,DEP04,ITM0019,Request ITM0019,10,7010.81,70108.10,IDR,2024-12-18,urgent,approved,BUD00719,https://docs.internal/pr/PR202400964.pdf
PR00965,PR202500965,2025-12-17,EMP012,CC011,DEP05,ITM0022,Request ITM0022,250,56.81,14201.57,IDR,2026-01-06,low,approved,BUD00754,https://docs.internal/pr/PR202500965.pdf
PR00966,PR202500966,2025-05-13,EMP038,CC007,DEP01,ITM0024,Request ITM0024,400,487.24,194896.33,IDR,2025-06-26,normal,approved,BUD00515,https://docs.internal/pr/PR202500966.pdf
PR00967,PR202400967,2024-12-01,EMP036,CC012,DEP06,ITM0035,Request ITM0035,100,213692.13,21369212.87,IDR,2025-01-03,urgent,rejected,BUD01148,https://docs.internal/pr/PR202400967.pdf
PR00968,PR202400968,2024-01-08,EMP037,CC008,DEP02,ITM0031,Request ITM0031,2500,303.10,757742.67,IDR,2024-02-07,low,pending,BUD00659,https://docs.internal/pr/PR202400968.pdf
PR00969,PR202400969,2024-09-25,EMP009,CC009,DEP03,ITM0010,Request ITM0010,10,21017.96,210179.62,IDR,2024-10-25,urgent,approved,BUD00892,https://docs.internal/pr/PR202400969.pdf
PR00970,PR202400970,2024-02-13,EMP023,CC008,DEP02,ITM0018,Request ITM0018,100,135.82,13582.50,IDR,2024-03-07,low,rejected,BUD00277,https://docs.internal/pr/PR202400970.pdf
PR00971,PR202500971,2025-01-04,EMP040,CC012,DEP06,ITM0002,Request ITM0002,4,28281.62,113126.48,IDR,2025-01-30,high,approved,BUD00939,https://docs.internal/pr/PR202500971.pdf
PR00972,PR202400972,2024-06-08,EMP036,CC010,DEP04,ITM0010,Request ITM0010,50,18390.10,919505.16,IDR,2024-06-22,urgent,draft,BUD00826,https://docs.internal/pr/PR202400972.pdf
PR00973,PR202400973,2024-02-12,EMP035,CC003,DEP03,ITM0028,Request ITM0028,1000,395.67,395670.00,IDR,2024-03-23,high,approved,BUD00403,https://docs.internal/pr/PR202400973.pdf
PR00974,PR202400974,2024-11-28,EMP004,CC008,DEP02,ITM0023,Request ITM0023,5000,32.93,164627.30,IDR,2024-12-26,normal,approved,BUD00110,https://docs.internal/pr/PR202400974.pdf
PR00975,PR202400975,2024-11-27,EMP017,CC007,DEP01,ITM0017,Request ITM0017,5000,90.05,450243.34,IDR,2024-12-26,high,pending,BUD00197,https://docs.internal/pr/PR202400975.pdf
PR00976,PR202400976,2024-03-11,EMP039,CC007,DEP01,ITM0002,Request ITM0002,50,40797.17,2039858.55,IDR,2024-04-20,urgent,draft,BUD00520,https://docs.internal/pr/PR202400976.pdf
PR00977,PR202400977,2024-06-24,EMP011,CC009,DEP03,ITM0019,Request ITM0019,40,8082.71,323308.30,IDR,2024-07-23,normal,approved,BUD00971,https://docs.internal/pr/PR202400977.pdf
PR00978,PR202500978,2025-12-26,EMP011,CC009,DEP03,ITM0026,Request ITM0026,200,152.64,30528.87,IDR,2026-01-19,normal,draft,BUD01038,https://docs.internal/pr/PR202500978.pdf
PR00979,PR202500979,2025-06-10,EMP029,CC007,DEP01,ITM0032,Request ITM0032,2,12642.03,25284.05,IDR,2025-07-13,normal,approved,BUD00773,https://docs.internal/pr/PR202500979.pdf
PR00980,PR202400980,2024-02-17,EMP033,CC005,DEP05,ITM0014,Request ITM0014,1,13563.83,13563.83,IDR,2024-03-20,normal,approved,BUD00188,https://docs.internal/pr/PR202400980.pdf
PR00981,PR202400981,2024-01-28,EMP017,CC001,DEP01,ITM0019,Request ITM0019,50,8059.13,402956.56,IDR,2024-02-23,low,draft,BUD00428,https://docs.internal/pr/PR202400981.pdf
PR00982,PR202500982,2025-07-15,EMP018,CC004,DEP04,ITM0018,Request ITM0018,200,140.54,28108.93,IDR,2025-08-17,low,approved,BUD00567,https://docs.internal/pr/PR202500982.pdf
PR00983,PR202500983,2025-04-09,EMP031,CC006,DEP06,ITM0021,Request ITM0021,2,19502.15,39004.31,IDR,2025-05-05,normal,approved,BUD00368,https://docs.internal/pr/PR202500983.pdf
PR00984,PR202500984,2025-08-21,EMP003,CC005,DEP05,ITM0022,Request ITM0022,2500,55.39,138465.55,IDR,2025-09-17,low,approved,BUD00613,https://docs.internal/pr/PR202500984.pdf
PR00985,PR202400985,2024-03-18,EMP025,CC011,DEP05,ITM0037,Request ITM0037,50,35101.34,1755067.14,IDR,2024-04-23,low,approved,BUD00091,https://docs.internal/pr/PR202400985.pdf
PR00986,PR202500986,2025-08-01,EMP031,CC001,DEP01,ITM0033,Request ITM0033,5000,717.53,3587666.08,IDR,2025-09-08,normal,approved,BUD00190,https://docs.internal/pr/PR202500986.pdf
PR00987,PR202500987,2025-11-14,EMP035,CC001,DEP01,ITM0023,Request ITM0023,2500,35.69,89236.04,IDR,2025-12-30,normal,approved,BUD00701,https://docs.internal/pr/PR202500987.pdf
PR00988,PR202500988,2025-03-04,EMP026,CC012,DEP06,ITM0005,Request ITM0005,20,1477.66,29553.18,IDR,2025-03-30,normal,approved,BUD00737,https://docs.internal/pr/PR202500988.pdf
PR00989,PR202400989,2024-04-20,EMP037,CC004,DEP04,ITM0004,Request ITM0004,20,10006.66,200133.17,IDR,2024-05-29,low,pending,BUD00567,https://docs.internal/pr/PR202400989.pdf
PR00990,PR202500990,2025-04-11,EMP025,CC005,DEP05,ITM0021,Request ITM0021,100,16253.28,1625328.27,IDR,2025-05-11,normal,approved,BUD00964,https://docs.internal/pr/PR202500990.pdf
PR00991,PR202500991,2024-12-14,EMP020,CC001,DEP01,ITM0014,Request ITM0014,10,14332.76,143327.60,IDR,2025-01-22,normal,approved,BUD01027,https://docs.internal/pr/PR202500991.pdf
PR00992,PR202500992,2025-06-21,EMP017,CC011,DEP05,ITM0006,Request ITM0006,100,6316.03,631603.41,IDR,2025-07-22,high,pending,BUD00139,https://docs.internal/pr/PR202500992.pdf
PR00993,PR202500993,2024-12-19,EMP040,CC003,DEP03,ITM0039,Request ITM0039,100,20413.05,2041304.80,IDR,2025-01-21,high,approved,BUD00918,https://docs.internal/pr/PR202500993.pdf
PR00994,PR202400994,2024-04-13,EMP038,CC005,DEP05,ITM0021,Request ITM0021,10,19696.93,196969.25,IDR,2024-05-16,high,rejected,BUD00426,https://docs.internal/pr/PR202400994.pdf
PR00995,PR202500995,2025-03-29,EMP027,CC009,DEP03,ITM0013,Request ITM0013,2000,605.89,1211786.36,IDR,2025-04-28,low,approved,BUD01113,https://docs.internal/pr/PR202500995.pdf
PR00996,PR202400996,2024-06-04,EMP037,CC007,DEP01,ITM0018,Request ITM0018,1000,142.80,142797.97,IDR,2024-06-19,high,approved,BUD00056,https://docs.internal/pr/PR202400996.pdf
PR00997,PR202500997,2025-06-02,EMP003,CC010,DEP04,ITM0004,Request ITM0004,100,9332.09,933209.28,IDR,2025-06-18,normal,approved,BUD00604,https://docs.internal/pr/PR202500997.pdf
PR00998,PR202400998,2024-06-27,EMP021,CC009,DEP03,ITM0004,Request ITM0004,2,8090.34,16180.67,IDR,2024-07-30,low,pending,BUD00921,https://docs.internal/pr/PR202400998.pdf
PR00999,PR202500999,2025-09-30,EMP014,CC002,DEP02,ITM0019,Request ITM0019,25,7360.70,184017.60,IDR,2025-10-09,normal,approved,BUD00542,https://docs.internal/pr/PR202500999.pdf
PR01000,PR202401000,2024-08-02,EMP016,CC008,DEP02,ITM0034,Request ITM0034,5,11469.47,57347.37,IDR,2024-09-02,urgent,approved,BUD00048,https://docs.internal/pr/PR202401000.pdf
PR01001,PR202401001,2024-05-07,EMP028,CC003,DEP03,ITM0035,Request ITM0035,5,201050.42,1005252.12,IDR,2024-06-06,low,approved,BUD00903,https://docs.internal/pr/PR202401001.pdf
PR01002,PR202401002,2024-06-27,EMP028,CC011,DEP05,ITM0004,Request ITM0004,10,8742.99,87429.91,IDR,2024-07-16,high,approved,BUD00214,https://docs.internal/pr/PR202401002.pdf
PR01003,PR202501003,2025-02-03,EMP038,CC003,DEP03,ITM0036,Request ITM0036,5,1445.66,7228.32,IDR,2025-03-07,normal,approved,BUD00749,https://docs.internal/pr/PR202501003.pdf
PR01004,PR202401004,2024-03-02,EMP001,CC011,DEP05,ITM0031,Request ITM0031,1000,317.20,317200.35,IDR,2024-04-06,normal,approved,BUD00697,https://docs.internal/pr/PR202401004.pdf
PR01005,PR202401005,2024-07-29,EMP010,CC008,DEP02,ITM0017,Request ITM0017,1000,96.02,96018.26,IDR,2024-09-05,high,draft,BUD00503,https://docs.internal/pr/PR202401005.pdf
PR01006,PR202401006,2024-11-09,EMP021,CC004,DEP04,ITM0020,Request ITM0020,100,25487.19,2548718.90,IDR,2024-12-03,high,approved,BUD00163,https://docs.internal/pr/PR202401006.pdf
PR01007,PR202401007,2024-02-13,EMP039,CC008,DEP02,ITM0007,Request ITM0007,2,1647.40,3294.81,IDR,2024-03-04,high,approved,BUD00589,https://docs.internal/pr/PR202401007.pdf
PR01008,PR202501008,2025-11-05,EMP003,CC010,DEP04,ITM0007,Request ITM0007,10,1904.21,19042.14,IDR,2025-11-30,high,approved,BUD00598,https://docs.internal/pr/PR202501008.pdf
PR01009,PR202401009,2024-09-18,EMP017,CC005,DEP05,ITM0023,Request ITM0023,200,34.52,6904.65,IDR,2024-10-16,low,approved,BUD01053,https://docs.internal/pr/PR202401009.pdf
PR01010,PR202401010,2024-04-16,EMP032,CC001,DEP01,ITM0017,Request ITM0017,2500,93.83,234581.46,IDR,2024-04-25,urgent,approved,BUD00052,https://docs.internal/pr/PR202401010.pdf
PR01011,PR202401011,2024-05-27,EMP020,CC006,DEP06,ITM0013,Request ITM0013,1000,644.33,644331.20,IDR,2024-06-23,normal,approved,BUD01039,https://docs.internal/pr/PR202401011.pdf
PR01012,PR202501012,2025-11-09,EMP005,CC010,DEP04,ITM0015,Request ITM0015,1000,8.57,8571.13,IDR,2025-12-22,low,rejected,BUD00952,https://docs.internal/pr/PR202501012.pdf
PR01013,PR202501013,2025-02-04,EMP034,CC007,DEP01,ITM0004,Request ITM0004,20,3999.98,79999.68,IDR,2025-03-18,high,approved,BUD01069,https://docs.internal/pr/PR202501013.pdf
PR01014,PR202401014,2024-07-21,EMP014,CC009,DEP03,ITM0033,Request ITM0033,200,671.37,134273.89,IDR,2024-08-27,low,approved,BUD00911,https://docs.internal/pr/PR202401014.pdf
PR01015,PR202501015,2024-12-29,EMP002,CC004,DEP04,ITM0029,Request ITM0029,200,93.06,18611.69,IDR,2025-01-26,urgent,approved,BUD00928,https://docs.internal/pr/PR202501015.pdf
PR01016,PR202501016,2025-01-01,EMP030,CC004,DEP04,ITM0020,Request ITM0020,250,24275.47,6068867.16,IDR,2025-02-07,urgent,approved,BUD00983,https://docs.internal/pr/PR202501016.pdf
PR01017,PR202501017,2025-12-17,EMP004,CC008,DEP02,ITM0027,Request ITM0027,500,208.36,104182.30,IDR,2026-01-06,urgent,approved,BUD00816,https://docs.internal/pr/PR202501017.pdf
PR01018,PR202501018,2025-05-14,EMP033,CC011,DEP05,ITM0027,Request ITM0027,1000,164.95,164952.82,IDR,2025-06-08,high,approved,BUD00961,https://docs.internal/pr/PR202501018.pdf
PR01019,PR202401019,2024-11-19,EMP010,CC012,DEP06,ITM0023,Request ITM0023,500,33.02,16509.99,IDR,2024-12-13,high,approved,BUD00783,https://docs.internal/pr/PR202401019.pdf
PR01020,PR202501020,2025-04-11,EMP007,CC009,DEP03,ITM0006,Request ITM0006,50,7305.64,365281.89,IDR,2025-05-22,normal,approved,BUD00781,https://docs.internal/pr/PR202501020.pdf
PR01021,PR202501021,2025-10-18,EMP006,CC007,DEP01,ITM0028,Request ITM0028,100,508.97,50897.34,IDR,2025-11-17,urgent,pending,BUD00197,https://docs.internal/pr/PR202501021.pdf
PR01022,PR202401022,2024-04-27,EMP004,CC009,DEP03,ITM0030,Request ITM0030,250,182.56,45640.46,IDR,2024-05-30,high,draft,BUD01136,https://docs.internal/pr/PR202401022.pdf
PR01023,PR202401023,2024-06-18,EMP012,CC005,DEP05,ITM0001,Request ITM0001,40,16297.32,651892.83,IDR,2024-07-12,normal,draft,BUD00121,https://docs.internal/pr/PR202401023.pdf
PR01024,PR202401024,2024-07-31,EMP039,CC007,DEP01,ITM0005,Request ITM0005,2,1493.91,2987.83,IDR,2024-08-29,high,approved,BUD00623,https://docs.internal/pr/PR202401024.pdf
PR01025,PR202501025,2025-06-21,EMP035,CC003,DEP03,ITM0040,Request ITM0040,2,2864.93,5729.85,IDR,2025-07-23,low,approved,BUD00241,https://docs.internal/pr/PR202501025.pdf
PR01026,PR202401026,2024-06-16,EMP028,CC003,DEP03,ITM0017,Request ITM0017,2500,73.26,183152.40,IDR,2024-07-19,normal,approved,BUD00457,https://docs.internal/pr/PR202401026.pdf
PR01027,PR202501027,2025-02-27,EMP002,CC009,DEP03,ITM0011,Request ITM0011,5,13716.39,68581.96,IDR,2025-03-30,normal,approved,BUD00279,https://docs.internal/pr/PR202501027.pdf
PR01028,PR202501028,2025-08-08,EMP012,CC009,DEP03,ITM0031,Request ITM0031,200,317.51,63502.49,IDR,2025-09-18,low,pending,BUD00361,https://docs.internal/pr/PR202501028.pdf
PR01029,PR202501029,2025-12-22,EMP032,CC007,DEP01,ITM0015,Request ITM0015,1000,6.36,6360.35,IDR,2026-01-14,high,approved,BUD00234,https://docs.internal/pr/PR202501029.pdf
PR01030,PR202501030,2025-09-28,EMP005,CC007,DEP01,ITM0005,Request ITM0005,10,1326.50,13265.02,IDR,2025-10-28,urgent,approved,BUD00031,https://docs.internal/pr/PR202501030.pdf
PR01031,PR202401031,2024-08-17,EMP033,CC009,DEP03,ITM0036,Request ITM0036,20,1674.77,33495.50,IDR,2024-10-05,low,pending,BUD01076,https://docs.internal/pr/PR202401031.pdf
PR01032,PR202401032,2024-03-26,EMP002,CC004,DEP04,ITM0001,Request ITM0001,1,12891.05,12891.05,IDR,2024-04-28,low,approved,BUD01040,https://docs.internal/pr/PR202401032.pdf
PR01033,PR202401033,2024-02-09,EMP008,CC009,DEP03,ITM0031,Request ITM0031,2000,340.26,680515.89,IDR,2024-03-17,low,approved,BUD00135,https://docs.internal/pr/PR202401033.pdf
PR01034,PR202401034,2024-08-18,EMP021,CC010,DEP04,ITM0032,Request ITM0032,1,12249.59,12249.59,IDR,2024-09-12,urgent,approved,BUD00448,https://docs.internal/pr/PR202401034.pdf
PR01035,PR202401035,2024-07-26,EMP005,CC005,DEP05,ITM0037,Request ITM0037,2,51271.75,102543.51,IDR,2024-08-15,low,approved,BUD00484,https://docs.internal/pr/PR202401035.pdf
PR01036,PR202401036,2024-04-30,EMP001,CC008,DEP02,ITM0009,Request ITM0009,1,31420.30,31420.30,IDR,2024-06-06,normal,approved,BUD00693,https://docs.internal/pr/PR202401036.pdf
PR01037,PR202401037,2024-12-02,EMP024,CC006,DEP06,ITM0016,Request ITM0016,50,65.68,3284.18,IDR,2025-01-08,high,approved,BUD00796,https://docs.internal/pr/PR202401037.pdf
PR01038,PR202401038,2024-02-12,EMP039,CC011,DEP05,ITM0007,Request ITM0007,2,1785.27,3570.53,IDR,2024-03-10,urgent,approved,BUD00338,https://docs.internal/pr/PR202401038.pdf
PR01039,PR202501039,2024-12-22,EMP038,CC006,DEP06,ITM0023,Request ITM0023,1000,37.83,37825.54,IDR,2025-01-18,high,approved,BUD00870,https://docs.internal/pr/PR202501039.pdf
PR01040,PR202501040,2025-01-31,EMP029,CC007,DEP01,ITM0021,Request ITM0021,2,19509.85,39019.70,IDR,2025-02-15,low,approved,BUD00710,https://docs.internal/pr/PR202501040.pdf
PR01041,PR202501041,2025-03-09,EMP027,CC008,DEP02,ITM0009,Request ITM0009,25,33776.07,844401.63,IDR,2025-04-08,high,approved,BUD00784,https://docs.internal/pr/PR202501041.pdf
PR01042,PR202401042,2024-09-18,EMP037,CC002,DEP02,ITM0010,Request ITM0010,10,23098.46,230984.61,IDR,2024-10-09,low,approved,BUD00715,https://docs.internal/pr/PR202401042.pdf
PR01043,PR202501043,2024-12-20,EMP020,CC006,DEP06,ITM0032,Request ITM0032,50,10120.96,506048.07,IDR,2025-01-14,low,pending,BUD00894,https://docs.internal/pr/PR202501043.pdf
PR01044,PR202501044,2025-08-08,EMP020,CC004,DEP04,ITM0008,Request ITM0008,500,370.85,185422.57,IDR,2025-09-24,high,approved,BUD00764,https://docs.internal/pr/PR202501044.pdf
PR01045,PR202401045,2024-02-27,EMP037,CC009,DEP03,ITM0020,Request ITM0020,10,26892.96,268929.56,IDR,2024-04-04,low,approved,BUD00884,https://docs.internal/pr/PR202401045.pdf
PR01046,PR202501046,2025-08-11,EMP014,CC005,DEP05,ITM0008,Request ITM0008,100,420.44,42044.25,IDR,2025-09-17,normal,approved,BUD00705,https://docs.internal/pr/PR202501046.pdf
PR01047,PR202501047,2025-06-25,EMP034,CC001,DEP01,ITM0031,Request ITM0031,500,379.60,189801.10,IDR,2025-08-13,high,pending,BUD00141,https://docs.internal/pr/PR202501047.pdf
PR01048,PR202501048,2025-05-27,EMP036,CC009,DEP03,ITM0003,Request ITM0003,10,2878.53,28785.32,IDR,2025-06-22,low,approved,BUD00958,https://docs.internal/pr/PR202501048.pdf
PR01049,PR202401049,2024-10-01,EMP036,CC012,DEP06,ITM0006,Request ITM0006,50,5252.15,262607.57,IDR,2024-11-01,low,draft,BUD00417,https://docs.internal/pr/PR202401049.pdf
PR01050,PR202401050,2024-08-07,EMP005,CC006,DEP06,ITM0031,Request ITM0031,1000,348.61,348613.04,IDR,2024-09-07,normal,approved,BUD00748,https://docs.internal/pr/PR202401050.pdf
PR01051,PR202401051,2024-09-01,EMP039,CC011,DEP05,ITM0027,Request ITM0027,500,149.65,74823.91,IDR,2024-10-06,normal,approved,BUD00119,https://docs.internal/pr/PR202401051.pdf
PR01052,PR202401052,2024-02-27,EMP011,CC004,DEP04,ITM0020,Request ITM0020,40,24844.62,993785.00,IDR,2024-04-10,urgent,draft,BUD01021,https://docs.internal/pr/PR202401052.pdf
PR01053,PR202501053,2025-08-11,EMP036,CC001,DEP01,ITM0037,Request ITM0037,2,18099.62,36199.25,IDR,2025-09-06,low,approved,BUD00325,https://docs.internal/pr/PR202501053.pdf
PR01054,PR202501054,2025-12-15,EMP013,CC010,DEP04,ITM0015,Request ITM0015,500,8.58,4290.25,IDR,2026-01-26,high,rejected,BUD00136,https://docs.internal/pr/PR202501054.pdf
PR01055,PR202501055,2025-12-19,EMP005,CC012,DEP06,ITM0036,Request ITM0036,25,1515.38,37884.50,IDR,2026-01-22,high,approved,BUD00450,https://docs.internal/pr/PR202501055.pdf
PR01056,PR202501056,2025-06-27,EMP018,CC006,DEP06,ITM0011,Request ITM0011,1,14220.46,14220.46,IDR,2025-07-24,urgent,approved,BUD01017,https://docs.internal/pr/PR202501056.pdf
PR01057,PR202501057,2025-03-20,EMP034,CC007,DEP01,ITM0036,Request ITM0036,2,1434.74,2869.48,IDR,2025-03-31,urgent,approved,BUD00007,https://docs.internal/pr/PR202501057.pdf
PR01058,PR202401058,2023-12-30,EMP031,CC004,DEP04,ITM0032,Request ITM0032,10,21055.30,210553.02,IDR,2024-02-06,high,approved,BUD00238,https://docs.internal/pr/PR202401058.pdf
PR01059,PR202401059,2024-11-11,EMP002,CC007,DEP01,ITM0025,Request ITM0025,400,48.05,19218.79,IDR,2024-12-09,normal,approved,BUD00856,https://docs.internal/pr/PR202401059.pdf
PR01060,PR202401060,2024-04-30,EMP039,CC011,DEP05,ITM0016,Request ITM0016,1000,68.87,68866.21,IDR,2024-05-17,normal,approved,BUD00144,https://docs.internal/pr/PR202401060.pdf
PR01061,PR202401061,2024-04-03,EMP039,CC006,DEP06,ITM0004,Request ITM0004,25,7148.54,178713.42,IDR,2024-05-17,normal,approved,BUD00264,https://docs.internal/pr/PR202401061.pdf
PR01062,PR202401062,2024-08-26,EMP034,CC008,DEP02,ITM0025,Request ITM0025,5000,32.55,162746.61,IDR,2024-09-10,low,approved,BUD00609,https://docs.internal/pr/PR202401062.pdf
PR01063,PR202501063,2024-12-28,EMP040,CC002,DEP02,ITM0011,Request ITM0011,2,13552.57,27105.15,IDR,2025-01-24,low,pending,BUD00490,https://docs.internal/pr/PR202501063.pdf
PR01064,PR202501064,2025-05-01,EMP036,CC011,DEP05,ITM0036,Request ITM0036,10,1322.94,13229.36,IDR,2025-05-26,urgent,approved,BUD00984,https://docs.internal/pr/PR202501064.pdf
PR01065,PR202501065,2025-02-08,EMP010,CC012,DEP06,ITM0015,Request ITM0015,100,7.16,715.64,IDR,2025-02-26,high,approved,BUD01057,https://docs.internal/pr/PR202501065.pdf
PR01066,PR202501066,2025-06-18,EMP011,CC009,DEP03,ITM0005,Request ITM0005,4,970.81,3883.23,IDR,2025-07-12,normal,approved,BUD00039,https://docs.internal/pr/PR202501066.pdf
PR01067,PR202501067,2025-05-20,EMP040,CC005,DEP05,ITM0037,Request ITM0037,4,51018.46,204073.82,IDR,2025-06-10,low,pending,BUD01130,https://docs.internal/pr/PR202501067.pdf
PR01068,PR202401068,2024-10-17,EMP004,CC012,DEP06,ITM0021,Request ITM0021,5,15593.64,77968.18,IDR,2024-11-07,low,approved,BUD00438,https://docs.internal/pr/PR202401068.pdf
PR01069,PR202501069,2025-03-22,EMP039,CC002,DEP02,ITM0028,Request ITM0028,1000,752.07,752065.96,IDR,2025-05-06,normal,pending,BUD00684,https://docs.internal/pr/PR202501069.pdf
PR01070,PR202401070,2024-08-15,EMP028,CC012,DEP06,ITM0017,Request ITM0017,500,89.03,44513.41,IDR,2024-09-24,low,approved,BUD00509,https://docs.internal/pr/PR202401070.pdf
PR01071,PR202501071,2025-10-14,EMP029,CC003,DEP03,ITM0028,Request ITM0028,5000,513.91,2569541.07,IDR,2025-11-22,low,approved,BUD00476,https://docs.internal/pr/PR202501071.pdf
PR01072,PR202401072,2024-12-20,EMP038,CC001,DEP01,ITM0004,Request ITM0004,100,7840.27,784027.00,IDR,2025-01-10,high,rejected,BUD00429,https://docs.internal/pr/PR202401072.pdf
PR01073,PR202401073,2024-06-25,EMP025,CC003,DEP03,ITM0011,Request ITM0011,10,13060.43,130604.34,IDR,2024-07-23,urgent,pending,BUD00761,https://docs.internal/pr/PR202401073.pdf
PR01074,PR202501074,2025-01-16,EMP014,CC002,DEP02,ITM0029,Request ITM0029,1000,114.37,114367.09,IDR,2025-02-23,high,approved,BUD00163,https://docs.internal/pr/PR202501074.pdf
PR01075,PR202501075,2025-03-27,EMP029,CC002,DEP02,ITM0021,Request ITM0021,1,13928.11,13928.11,IDR,2025-05-04,urgent,pending,BUD00731,https://docs.internal/pr/PR202501075.pdf
PR01076,PR202501076,2025-06-28,EMP022,CC011,DEP05,ITM0022,Request ITM0022,100,54.41,5441.09,IDR,2025-07-22,high,pending,BUD00820,https://docs.internal/pr/PR202501076.pdf
PR01077,PR202501077,2025-08-04,EMP032,CC004,DEP04,ITM0030,Request ITM0030,2000,580.91,1161822.00,IDR,2025-08-28,normal,approved,BUD00611,https://docs.internal/pr/PR202501077.pdf
PR01078,PR202501078,2025-11-22,EMP022,CC007,DEP01,ITM0031,Request ITM0031,200,392.69,78537.91,IDR,2026-01-05,low,approved,BUD01114,https://docs.internal/pr/PR202501078.pdf
PR01079,PR202401079,2024-11-18,EMP018,CC008,DEP02,ITM0016,Request ITM0016,1000,49.01,49006.52,IDR,2024-12-16,low,approved,BUD00806,https://docs.internal/pr/PR202401079.pdf
PR01080,PR202401080,2024-02-15,EMP024,CC008,DEP02,ITM0026,Request ITM0026,400,147.40,58959.93,IDR,2024-03-15,normal,approved,BUD00817,https://docs.internal/pr/PR202401080.pdf
PR01081,PR202401081,2024-09-01,EMP010,CC007,DEP01,ITM0040,Request ITM0040,50,2776.36,138818.17,IDR,2024-09-23,high,pending,BUD00692,https://docs.internal/pr/PR202401081.pdf
PR01082,PR202401082,2024-10-16,EMP034,CC003,DEP03,ITM0013,Request ITM0013,250,663.11,165776.74,IDR,2024-11-02,urgent,approved,BUD00289,https://docs.internal/pr/PR202401082.pdf
PR01083,PR202401083,2024-11-03,EMP007,CC001,DEP01,ITM0030,Request ITM0030,250,270.90,67723.88,IDR,2024-11-30,urgent,approved,BUD00852,https://docs.internal/pr/PR202401083.pdf
PR01084,PR202401084,2024-05-04,EMP030,CC005,DEP05,ITM0016,Request ITM0016,2000,63.30,126598.29,IDR,2024-05-28,normal,draft,BUD00651,https://docs.internal/pr/PR202401084.pdf
PR01085,PR202501085,2025-05-01,EMP006,CC007,DEP01,ITM0025,Request ITM0025,500,47.80,23901.96,IDR,2025-06-01,low,approved,BUD00460,https://docs.internal/pr/PR202501085.pdf
PR01086,PR202401086,2024-02-24,EMP024,CC011,DEP05,ITM0032,Request ITM0032,10,12559.44,125594.44,IDR,2024-03-24,high,draft,BUD00471,https://docs.internal/pr/PR202401086.pdf
PR01087,PR202401087,2024-08-07,EMP012,CC009,DEP03,ITM0033,Request ITM0033,1000,757.90,757895.70,IDR,2024-09-13,low,approved,BUD00658,https://docs.internal/pr/PR202401087.pdf
PR01088,PR202501088,2025-05-31,EMP016,CC001,DEP01,ITM0017,Request ITM0017,5000,81.77,408869.49,IDR,2025-06-26,urgent,approved,BUD00618,https://docs.internal/pr/PR202501088.pdf
PR01089,PR202501089,2025-04-18,EMP026,CC004,DEP04,ITM0015,Request ITM0015,500,6.35,3175.96,IDR,2025-05-16,low,approved,BUD00906,https://docs.internal/pr/PR202501089.pdf
PR01090,PR202501090,2025-10-16,EMP020,CC009,DEP03,ITM0029,Request ITM0029,2500,114.24,285587.74,IDR,2025-11-15,low,approved,BUD00463,https://docs.internal/pr/PR202501090.pdf
PR01091,PR202501091,2025-03-06,EMP007,CC005,DEP05,ITM0023,Request ITM0023,1000,28.98,28975.37,IDR,2025-03-29,normal,approved,BUD00163,https://docs.internal/pr/PR202501091.pdf
PR01092,PR202501092,2025-10-05,EMP034,CC001,DEP01,ITM0038,Request ITM0038,10,2360.75,23607.53,IDR,2025-10-13,normal,approved,BUD00342,https://docs.internal/pr/PR202501092.pdf
PR01093,PR202401093,2024-02-05,EMP016,CC001,DEP01,ITM0035,Request ITM0035,10,179000.76,1790007.58,IDR,2024-02-19,urgent,approved,BUD01102,https://docs.internal/pr/PR202401093.pdf
PR01094,PR202501094,2025-01-23,EMP001,CC011,DEP05,ITM0023,Request ITM0023,1000,43.65,43654.16,IDR,2025-02-28,normal,pending,BUD00342,https://docs.internal/pr/PR202501094.pdf
PR01095,PR202501095,2025-11-30,EMP038,CC003,DEP03,ITM0010,Request ITM0010,10,19006.77,190067.73,IDR,2025-12-29,normal,approved,BUD01146,https://docs.internal/pr/PR202501095.pdf
PR01096,PR202401096,2024-11-13,EMP038,CC010,DEP04,ITM0036,Request ITM0036,10,851.36,8513.62,IDR,2024-11-30,high,approved,BUD00133,https://docs.internal/pr/PR202401096.pdf
PR01097,PR202401097,2024-10-06,EMP035,CC001,DEP01,ITM0003,Request ITM0003,50,2843.24,142161.98,IDR,2024-11-09,normal,draft,BUD00044,https://docs.internal/pr/PR202401097.pdf
PR01098,PR202401098,2024-02-14,EMP029,CC006,DEP06,ITM0002,Request ITM0002,2,91252.43,182504.86,IDR,2024-03-24,normal,approved,BUD00677,https://docs.internal/pr/PR202401098.pdf
PR01099,PR202401099,2024-04-12,EMP004,CC010,DEP04,ITM0003,Request ITM0003,2,2420.16,4840.33,IDR,2024-05-28,urgent,pending,BUD00993,https://docs.internal/pr/PR202401099.pdf
PR01100,PR202401100,2024-05-23,EMP014,CC006,DEP06,ITM0035,Request ITM0035,2,145529.42,291058.84,IDR,2024-07-08,low,approved,BUD00194,https://docs.internal/pr/PR202401100.pdf
PR01101,PR202401101,2024-12-03,EMP035,CC006,DEP06,ITM0024,Request ITM0024,2000,607.87,1215731.14,IDR,2025-01-05,urgent,approved,BUD00548,https://docs.internal/pr/PR202401101.pdf
PR01102,PR202401102,2024-08-03,EMP008,CC004,DEP04,ITM0028,Request ITM0028,1000,817.55,817545.54,IDR,2024-09-06,high,approved,BUD00714,https://docs.internal/pr/PR202401102.pdf
PR01103,PR202401103,2024-04-17,EMP013,CC007,DEP01,ITM0001,Request ITM0001,25,15145.67,378641.66,IDR,2024-05-12,low,approved,BUD01065,https://docs.internal/pr/PR202401103.pdf
PR01104,PR202501104,2025-12-16,EMP029,CC010,DEP04,ITM0019,Request ITM0019,10,9314.54,93145.45,IDR,2026-01-15,low,approved,BUD00658,https://docs.internal/pr/PR202501104.pdf
PR01105,PR202501105,2025-12-04,EMP013,CC003,DEP03,ITM0023,Request ITM0023,400,37.61,15042.41,IDR,2026-01-08,low,approved,BUD00371,https://docs.internal/pr/PR202501105.pdf
PR01106,PR202501106,2025-06-09,EMP018,CC004,DEP04,ITM0003,Request ITM0003,5,2031.49,10157.45,IDR,2025-07-17,urgent,approved,BUD00005,https://docs.internal/pr/PR202501106.pdf
PR01107,PR202501107,2025-11-18,EMP025,CC001,DEP01,ITM0025,Request ITM0025,400,47.31,18922.15,IDR,2025-12-25,normal,approved,BUD00504,https://docs.internal/pr/PR202501107.pdf
PR01108,PR202501108,2025-06-19,EMP024,CC006,DEP06,ITM0024,Request ITM0024,100,625.62,62562.23,IDR,2025-07-23,high,approved,BUD01137,https://docs.internal/pr/PR202501108.pdf
PR01109,PR202401109,2024-11-23,EMP021,CC009,DEP03,ITM0024,Request ITM0024,2500,499.29,1248214.71,IDR,2024-12-31,low,approved,BUD00815,https://docs.internal/pr/PR202401109.pdf
PR01110,PR202401110,2024-10-28,EMP010,CC004,DEP04,ITM0010,Request ITM0010,10,20792.06,207920.64,IDR,2024-11-22,low,approved,BUD00553,https://docs.internal/pr/PR202401110.pdf
PR01111,PR202501111,2025-04-27,EMP027,CC003,DEP03,ITM0015,Request ITM0015,500,6.78,3387.78,IDR,2025-06-12,high,approved,BUD00836,https://docs.internal/pr/PR202501111.pdf
PR01112,PR202501112,2025-05-06,EMP032,CC012,DEP06,ITM0008,Request ITM0008,500,473.87,236934.66,IDR,2025-06-09,normal,pending,BUD00880,https://docs.internal/pr/PR202501112.pdf
PR01113,PR202401113,2024-06-23,EMP013,CC009,DEP03,ITM0019,Request ITM0019,50,8942.34,447117.20,IDR,2024-07-20,high,approved,BUD00398,https://docs.internal/pr/PR202401113.pdf
PR01114,PR202401114,2024-06-21,EMP018,CC005,DEP05,ITM0002,Request ITM0002,50,37180.82,1859040.95,IDR,2024-07-11,high,approved,BUD00329,https://docs.internal/pr/PR202401114.pdf
PR01115,PR202401115,2024-07-01,EMP029,CC009,DEP03,ITM0036,Request ITM0036,50,1504.38,75219.24,IDR,2024-08-12,high,approved,BUD00164,https://docs.internal/pr/PR202401115.pdf
PR01116,PR202401116,2024-11-28,EMP040,CC002,DEP02,ITM0020,Request ITM0020,40,21505.35,860214.12,IDR,2024-12-18,high,approved,BUD00780,https://docs.internal/pr/PR202401116.pdf
PR01117,PR202501117,2025-11-24,EMP031,CC001,DEP01,ITM0027,Request ITM0027,1000,345.10,345096.00,IDR,2025-12-24,high,approved,BUD00350,https://docs.internal/pr/PR202501117.pdf
PR01118,PR202501118,2025-11-18,EMP012,CC003,DEP03,ITM0027,Request ITM0027,200,198.84,39767.28,IDR,2025-12-03,urgent,draft,BUD00565,https://docs.internal/pr/PR202501118.pdf
PR01119,PR202501119,2025-09-10,EMP011,CC009,DEP03,ITM0029,Request ITM0029,1000,110.82,110824.84,IDR,2025-10-04,low,approved,BUD00956,https://docs.internal/pr/PR202501119.pdf
PR01120,PR202501120,2025-08-24,EMP004,CC005,DEP05,ITM0002,Request ITM0002,100,31155.41,3115540.56,IDR,2025-09-12,low,approved,BUD00939,https://docs.internal/pr/PR202501120.pdf
PR01121,PR202401121,2024-03-26,EMP004,CC011,DEP05,ITM0002,Request ITM0002,5,35813.69,179068.43,IDR,2024-04-28,normal,approved,BUD01106,https://docs.internal/pr/PR202401121.pdf
PR01122,PR202401122,2024-04-03,EMP012,CC005,DEP05,ITM0001,Request ITM0001,20,12992.93,259858.58,IDR,2024-05-08,urgent,pending,BUD00071,https://docs.internal/pr/PR202401122.pdf
PR01123,PR202501123,2025-10-12,EMP007,CC011,DEP05,ITM0038,Request ITM0038,250,3083.15,770788.14,IDR,2025-11-08,normal,approved,BUD00153,https://docs.internal/pr/PR202501123.pdf
PR01124,PR202501124,2025-12-11,EMP028,CC011,DEP05,ITM0003,Request ITM0003,1,3076.61,3076.61,IDR,2026-01-17,urgent,approved,BUD00571,https://docs.internal/pr/PR202501124.pdf
PR01125,PR202401125,2024-03-22,EMP036,CC003,DEP03,ITM0015,Request ITM0015,1000,8.51,8513.01,IDR,2024-04-25,urgent,approved,BUD00790,https://docs.internal/pr/PR202401125.pdf
PR01126,PR202401126,2024-10-16,EMP014,CC007,DEP01,ITM0016,Request ITM0016,2500,64.77,161927.34,IDR,2024-11-24,urgent,approved,BUD00469,https://docs.internal/pr/PR202401126.pdf
PR01127,PR202501127,2025-07-27,EMP001,CC012,DEP06,ITM0005,Request ITM0005,1,1361.71,1361.71,IDR,2025-09-04,low,approved,BUD00902,https://docs.internal/pr/PR202501127.pdf
PR01128,PR202401128,2024-01-18,EMP022,CC008,DEP02,ITM0003,Request ITM0003,10,2982.25,29822.49,IDR,2024-02-19,normal,approved,BUD00364,https://docs.internal/pr/PR202401128.pdf
PR01129,PR202501129,2025-06-26,EMP035,CC002,DEP02,ITM0004,Request ITM0004,20,9318.50,186369.97,IDR,2025-07-22,low,rejected,BUD00511,https://docs.internal/pr/PR202501129.pdf
PR01130,PR202501130,2025-11-07,EMP039,CC011,DEP05,ITM0001,Request ITM0001,250,15244.66,3811165.95,IDR,2025-12-03,urgent,approved,BUD00712,https://docs.internal/pr/PR202501130.pdf
PR01131,PR202501131,2025-04-13,EMP012,CC009,DEP03,ITM0022,Request ITM0022,500,62.71,31356.39,IDR,2025-05-16,urgent,approved,BUD00729,https://docs.internal/pr/PR202501131.pdf
PR01132,PR202401132,2024-09-29,EMP022,CC008,DEP02,ITM0015,Request ITM0015,50,6.14,306.93,IDR,2024-11-16,urgent,approved,BUD00627,https://docs.internal/pr/PR202401132.pdf
PR01133,PR202501133,2025-03-27,EMP028,CC006,DEP06,ITM0001,Request ITM0001,1,13838.03,13838.03,IDR,2025-05-05,urgent,approved,BUD01029,https://docs.internal/pr/PR202501133.pdf
PR01134,PR202401134,2024-10-08,EMP015,CC002,DEP02,ITM0026,Request ITM0026,100,119.96,11996.23,IDR,2024-11-08,low,approved,BUD00982,https://docs.internal/pr/PR202401134.pdf
PR01135,PR202501135,2025-08-28,EMP032,CC012,DEP06,ITM0017,Request ITM0017,500,90.45,45223.02,IDR,2025-09-25,low,approved,BUD00938,https://docs.internal/pr/PR202501135.pdf
PR01136,PR202501136,2025-05-12,EMP027,CC012,DEP06,ITM0023,Request ITM0023,200,37.09,7417.82,IDR,2025-06-10,normal,approved,BUD00542,https://docs.internal/pr/PR202501136.pdf
PR01137,PR202401137,2024-03-16,EMP009,CC008,DEP02,ITM0038,Request ITM0038,40,3087.48,123499.20,IDR,2024-04-26,urgent,approved,BUD00979,https://docs.internal/pr/PR202401137.pdf
PR01138,PR202401138,2024-11-28,EMP024,CC010,DEP04,ITM0017,Request ITM0017,1000,89.85,89852.06,IDR,2024-12-27,urgent,approved,BUD00612,https://docs.internal/pr/PR202401138.pdf
PR01139,PR202501139,2025-04-26,EMP023,CC012,DEP06,ITM0016,Request ITM0016,5000,69.74,348684.96,IDR,2025-05-14,high,approved,BUD00461,https://docs.internal/pr/PR202501139.pdf
PR01140,PR202501140,2025-12-14,EMP007,CC002,DEP02,ITM0013,Request ITM0013,1000,721.48,721482.82,IDR,2026-01-22,urgent,approved,BUD00397,https://docs.internal/pr/PR202501140.pdf
PR01141,PR202401141,2024-07-07,EMP012,CC012,DEP06,ITM0026,Request ITM0026,2500,152.76,381904.64,IDR,2024-07-31,normal,approved,BUD00640,https://docs.internal/pr/PR202401141.pdf
PR01142,PR202401142,2024-04-06,EMP023,CC006,DEP06,ITM0029,Request ITM0029,500,107.52,53761.69,IDR,2024-04-21,normal,approved,BUD00136,https://docs.internal/pr/PR202401142.pdf
PR01143,PR202401143,2024-11-22,EMP007,CC003,DEP03,ITM0015,Request ITM0015,100,6.79,679.23,IDR,2024-12-10,urgent,approved,BUD00924,https://docs.internal/pr/PR202401143.pdf
PR01144,PR202501144,2025-11-21,EMP038,CC009,DEP03,ITM0015,Request ITM0015,400,8.24,3294.05,IDR,2025-12-08,urgent,rejected,BUD00398,https://docs.internal/pr/PR202501144.pdf
PR01145,PR202401145,2024-05-08,EMP038,CC005,DEP05,ITM0029,Request ITM0029,100,91.08,9107.50,IDR,2024-06-08,normal,approved,BUD00157,https://docs.internal/pr/PR202401145.pdf
PR01146,PR202401146,2024-02-12,EMP024,CC001,DEP01,ITM0010,Request ITM0010,10,26403.35,264033.47,IDR,2024-03-18,high,approved,BUD00716,https://docs.internal/pr/PR202401146.pdf
PR01147,PR202401147,2024-04-09,EMP031,CC010,DEP04,ITM0007,Request ITM0007,10,1643.39,16433.94,IDR,2024-04-22,urgent,approved,BUD00097,https://docs.internal/pr/PR202401147.pdf
PR01148,PR202501148,2025-11-27,EMP008,CC006,DEP06,ITM0039,Request ITM0039,250,13258.41,3314603.66,IDR,2025-12-12,low,approved,BUD00735,https://docs.internal/pr/PR202501148.pdf
PR01149,PR202401149,2024-08-21,EMP007,CC002,DEP02,ITM0019,Request ITM0019,50,8986.16,449307.88,IDR,2024-09-25,normal,pending,BUD00757,https://docs.internal/pr/PR202401149.pdf
PR01150,PR202401150,2024-07-07,EMP032,CC008,DEP02,ITM0001,Request ITM0001,5,16051.44,80257.18,IDR,2024-08-15,high,approved,BUD00318,https://docs.internal/pr/PR202401150.pdf
PR01151,PR202501151,2025-09-08,EMP004,CC006,DEP06,ITM0035,Request ITM0035,5,433201.94,2166009.71,IDR,2025-10-15,urgent,draft,BUD00627,https://docs.internal/pr/PR202501151.pdf
PR01152,PR202501152,2025-07-04,EMP002,CC012,DEP06,ITM0004,Request ITM0004,10,8877.98,88779.78,IDR,2025-08-11,low,approved,BUD00561,https://docs.internal/pr/PR202501152.pdf
PR01153,PR202401153,2024-09-04,EMP037,CC009,DEP03,ITM0025,Request ITM0025,200,46.09,9218.22,IDR,2024-09-18,low,approved,BUD00391,https://docs.internal/pr/PR202401153.pdf
PR01154,PR202401154,2024-03-25,EMP027,CC008,DEP02,ITM0004,Request ITM0004,2,8615.49,17230.98,IDR,2024-04-17,high,approved,BUD00756,https://docs.internal/pr/PR202401154.pdf
PR01155,PR202501155,2025-09-08,EMP029,CC008,DEP02,ITM0018,Request ITM0018,500,137.34,68670.44,IDR,2025-09-26,urgent,approved,BUD00379,https://docs.internal/pr/PR202501155.pdf
PR01156,PR202501156,2025-04-02,EMP017,CC009,DEP03,ITM0021,Request ITM0021,2,17507.95,35015.90,IDR,2025-05-04,normal,approved,BUD01096,https://docs.internal/pr/PR202501156.pdf
PR01157,PR202501157,2025-02-12,EMP008,CC002,DEP02,ITM0014,Request ITM0014,1,15121.32,15121.32,IDR,2025-03-01,urgent,approved,BUD00620,https://docs.internal/pr/PR202501157.pdf
PR01158,PR202501158,2025-03-10,EMP040,CC010,DEP04,ITM0020,Request ITM0020,250,27064.19,6766046.33,IDR,2025-04-01,urgent,approved,BUD00826,https://docs.internal/pr/PR202501158.pdf
PR01159,PR202401159,2024-07-18,EMP026,CC012,DEP06,ITM0006,Request ITM0006,5,7392.41,36962.03,IDR,2024-08-29,urgent,rejected,BUD00630,https://docs.internal/pr/PR202401159.pdf
PR01160,PR202501160,2025-12-20,EMP008,CC002,DEP02,ITM0027,Request ITM0027,2000,176.95,353909.19,IDR,2026-01-16,urgent,approved,BUD00263,https://docs.internal/pr/PR202501160.pdf
PR01161,PR202501161,2025-04-12,EMP005,CC008,DEP02,ITM0032,Request ITM0032,5,11459.32,57296.58,IDR,2025-05-12,high,approved,BUD00572,https://docs.internal/pr/PR202501161.pdf
PR01162,PR202401162,2024-06-04,EMP034,CC012,DEP06,ITM0029,Request ITM0029,5000,107.04,535217.51,IDR,2024-07-18,normal,approved,BUD00948,https://docs.internal/pr/PR202401162.pdf
PR01163,PR202401163,2024-12-05,EMP010,CC008,DEP02,ITM0002,Request ITM0002,40,34147.67,1365906.74,IDR,2024-12-27,normal,approved,BUD00223,https://docs.internal/pr/PR202401163.pdf
PR01164,PR202401164,2024-06-01,EMP025,CC006,DEP06,ITM0005,Request ITM0005,25,1219.71,30492.75,IDR,2024-06-15,low,approved,BUD00571,https://docs.internal/pr/PR202401164.pdf
PR01165,PR202501165,2025-07-31,EMP002,CC001,DEP01,ITM0018,Request ITM0018,200,95.83,19166.39,IDR,2025-09-01,normal,approved,BUD00068,https://docs.internal/pr/PR202501165.pdf
PR01166,PR202401166,2024-02-16,EMP011,CC003,DEP03,ITM0003,Request ITM0003,100,2590.06,259006.22,IDR,2024-03-23,high,approved,BUD00681,https://docs.internal/pr/PR202401166.pdf
PR01167,PR202401167,2024-08-19,EMP019,CC009,DEP03,ITM0024,Request ITM0024,200,660.47,132093.61,IDR,2024-09-16,normal,approved,BUD00384,https://docs.internal/pr/PR202401167.pdf
PR01168,PR202401168,2024-02-23,EMP006,CC010,DEP04,ITM0025,Request ITM0025,400,44.29,17717.08,IDR,2024-04-04,high,approved,BUD00407,https://docs.internal/pr/PR202401168.pdf
PR01169,PR202401169,2024-11-18,EMP032,CC009,DEP03,ITM0016,Request ITM0016,50,72.85,3642.30,IDR,2024-12-03,high,approved,BUD00351,https://docs.internal/pr/PR202401169.pdf
PR01170,PR202501170,2025-04-02,EMP013,CC012,DEP06,ITM0032,Request ITM0032,20,10924.71,218494.12,IDR,2025-05-02,urgent,approved,BUD01048,https://docs.internal/pr/PR202501170.pdf
PR01171,PR202401171,2024-07-15,EMP029,CC002,DEP02,ITM0002,Request ITM0002,10,21821.23,218212.34,IDR,2024-08-20,low,approved,BUD00443,https://docs.internal/pr/PR202401171.pdf
PR01172,PR202501172,2025-09-04,EMP002,CC010,DEP04,ITM0040,Request ITM0040,100,2993.37,299337.03,IDR,2025-10-21,low,approved,BUD00539,https://docs.internal/pr/PR202501172.pdf
PR01173,PR202401173,2024-06-21,EMP012,CC010,DEP04,ITM0021,Request ITM0021,100,15193.21,1519320.67,IDR,2024-07-19,high,pending,BUD00741,https://docs.internal/pr/PR202401173.pdf
PR01174,PR202401174,2024-04-18,EMP026,CC003,DEP03,ITM0026,Request ITM0026,500,133.96,66981.23,IDR,2024-05-22,high,approved,BUD00218,https://docs.internal/pr/PR202401174.pdf
PR01175,PR202501175,2025-12-15,EMP038,CC012,DEP06,ITM0017,Request ITM0017,500,76.08,38037.95,IDR,2026-01-21,high,approved,BUD00130,https://docs.internal/pr/PR202501175.pdf
PR01176,PR202401176,2024-07-14,EMP032,CC008,DEP02,ITM0017,Request ITM0017,500,106.03,53014.29,IDR,2024-08-02,high,approved,BUD00303,https://docs.internal/pr/PR202401176.pdf
PR01177,PR202501177,2025-05-24,EMP021,CC011,DEP05,ITM0016,Request ITM0016,200,116.12,23223.60,IDR,2025-06-13,high,approved,BUD00462,https://docs.internal/pr/PR202501177.pdf
PR01178,PR202501178,2025-03-13,EMP036,CC012,DEP06,ITM0010,Request ITM0010,20,13337.39,266747.80,IDR,2025-04-16,high,approved,BUD00710,https://docs.internal/pr/PR202501178.pdf
PR01179,PR202401179,2024-05-02,EMP025,CC008,DEP02,ITM0001,Request ITM0001,100,13278.36,1327836.14,IDR,2024-06-01,high,approved,BUD00991,https://docs.internal/pr/PR202401179.pdf
PR01180,PR202501180,2025-09-09,EMP036,CC007,DEP01,ITM0007,Request ITM0007,500,2075.70,1037851.15,IDR,2025-10-12,high,approved,BUD00030,https://docs.internal/pr/PR202501180.pdf
PR01181,PR202401181,2024-10-12,EMP033,CC006,DEP06,ITM0004,Request ITM0004,20,10528.91,210578.18,IDR,2024-10-31,normal,approved,BUD00389,https://docs.internal/pr/PR202401181.pdf
PR01182,PR202401182,2024-12-02,EMP005,CC008,DEP02,ITM0018,Request ITM0018,500,136.63,68317.41,IDR,2025-01-07,urgent,approved,BUD00760,https://docs.internal/pr/PR202401182.pdf
PR01183,PR202501183,2025-09-05,EMP011,CC002,DEP02,ITM0040,Request ITM0040,10,2797.87,27978.69,IDR,2025-09-30,low,approved,BUD00823,https://docs.internal/pr/PR202501183.pdf
PR01184,PR202501184,2025-03-24,EMP023,CC002,DEP02,ITM0029,Request ITM0029,50,100.70,5034.84,IDR,2025-04-22,low,approved,BUD00999,https://docs.internal/pr/PR202501184.pdf
PR01185,PR202501185,2025-09-12,EMP040,CC008,DEP02,ITM0023,Request ITM0023,1000,34.20,34198.29,IDR,2025-10-20,high,approved,BUD00642,https://docs.internal/pr/PR202501185.pdf
PR01186,PR202401186,2024-03-11,EMP019,CC002,DEP02,ITM0017,Request ITM0017,200,84.12,16823.35,IDR,2024-04-16,urgent,draft,BUD00399,https://docs.internal/pr/PR202401186.pdf
PR01187,PR202401187,2024-08-06,EMP010,CC002,DEP02,ITM0015,Request ITM0015,500,8.52,4261.42,IDR,2024-09-17,normal,approved,BUD00189,https://docs.internal/pr/PR202401187.pdf
PR01188,PR202401188,2024-11-26,EMP012,CC009,DEP03,ITM0005,Request ITM0005,2,1149.78,2299.56,IDR,2025-01-05,urgent,approved,BUD00333,https://docs.internal/pr/PR202401188.pdf
PR01189,PR202501189,2025-09-27,EMP012,CC008,DEP02,ITM0006,Request ITM0006,2,6415.13,12830.27,IDR,2025-10-31,normal,approved,BUD00606,https://docs.internal/pr/PR202501189.pdf
PR01190,PR202401190,2024-03-23,EMP029,CC008,DEP02,ITM0036,Request ITM0036,20,851.36,17027.23,IDR,2024-04-22,low,approved,BUD00275,https://docs.internal/pr/PR202401190.pdf
PR01191,PR202401191,2024-12-22,EMP014,CC012,DEP06,ITM0008,Request ITM0008,2500,440.47,1101163.66,IDR,2025-01-10,normal,approved,BUD00715,https://docs.internal/pr/PR202401191.pdf
PR01192,PR202401192,2024-06-12,EMP005,CC005,DEP05,ITM0021,Request ITM0021,40,18692.92,747716.91,IDR,2024-07-05,urgent,approved,BUD00876,https://docs.internal/pr/PR202401192.pdf
PR01193,PR202501193,2024-12-22,EMP030,CC001,DEP01,ITM0024,Request ITM0024,1000,545.90,545895.31,IDR,2025-01-20,urgent,approved,BUD00538,https://docs.internal/pr/PR202501193.pdf
PR01194,PR202401194,2024-01-25,EMP025,CC004,DEP04,ITM0019,Request ITM0019,100,10168.49,1016849.12,IDR,2024-03-11,low,approved,BUD00602,https://docs.internal/pr/PR202401194.pdf
PR01195,PR202401195,2024-12-17,EMP009,CC001,DEP01,ITM0039,Request ITM0039,40,13617.94,544717.60,IDR,2024-12-28,low,approved,BUD01123,https://docs.internal/pr/PR202401195.pdf
PR01196,PR202401196,2024-01-18,EMP011,CC002,DEP02,ITM0024,Request ITM0024,400,619.42,247768.36,IDR,2024-02-12,normal,approved,BUD00035,https://docs.internal/pr/PR202401196.pdf
PR01197,PR202501197,2025-01-17,EMP014,CC006,DEP06,ITM0002,Request ITM0002,40,43732.31,1749292.36,IDR,2025-02-02,high,approved,BUD01140,https://docs.internal/pr/PR202501197.pdf
PR01198,PR202501198,2025-06-20,EMP040,CC005,DEP05,ITM0002,Request ITM0002,50,34733.71,1736685.34,IDR,2025-07-16,urgent,approved,BUD00225,https://docs.internal/pr/PR202501198.pdf
PR01199,PR202501199,2025-07-04,EMP014,CC004,DEP04,ITM0006,Request ITM0006,10,5713.04,57130.41,IDR,2025-07-24,normal,approved,BUD00565,https://docs.internal/pr/PR202501199.pdf
PR01200,PR202401200,2024-11-19,EMP036,CC002,DEP02,ITM0019,Request ITM0019,10,7565.40,75654.02,IDR,2024-12-21,high,approved,BUD00975,https://docs.internal/pr/PR202401200.pdf
