po_id,po_number,po_date,pr_id,vendor_id,item_id,quantity,unit_price,total_amount,discount,tax_amount,freight_cost,currency,exchange_rate,payment_terms,delivery_date_promised,delivery_date_actual,incoterms,contract_id,status,is_split_po,parent_po_id
PO00001,PO202400001,2024-10-22,PR00002,VEN005,ITM0009,5.00,33528.53,183364.92,5067.61,17883.26,2906.61,IDR,1.0,Net 15,2024-11-13,2024-10-30,EXW,CTR001,closed,false,
PO00002,PO202500002,2025-06-23,PR00003,VEN015,ITM0018,500.00,118.09,63264.79,2052.05,6269.48,0.00,IDR,1.0,COD,2025-07-19,2025-07-11,CIF,CTR004,closed,false,
PO00003,PO202400003,2024-11-13,PR00004,VEN001,ITM0017,500.00,97.57,53508.67,580.43,5302.66,0.00,IDR,1.0,Net 90,2024-11-30,2024-11-24,FOB,,closed,false,
PO00004,PO202400004,2024-10-22,PR00005,VEN013,ITM0029,50.00,83.08,4432.68,160.58,439.27,0.00,IDR,1.0,Net 15,2024-11-13,2024-12-04,CIF,CTR016,closed,false,
PO00005,PO202400005,2024-03-05,PR00006,VEN002,ITM0006,50.00,7004.26,382295.69,12121.25,37190.09,7013.85,IDR,1.0,Net 60,2024-03-28,2024-03-07,DDP,CTR008,closed,false,
PO00006,PO202500006,2025-07-07,PR00007,VEN020,ITM0014,20.00,16874.89,365022.25,13010.39,35693.62,4841.13,IDR,1.0,Net 90,2025-07-18,2025-07-07,DDP,CTR011,closed,false,
PO00007,PO202400007,2024-03-23,PR00008,VEN021,ITM0019,100.00,9482.71,1053733.74,23691.79,101703.68,27451.12,IDR,1.0,Net 90,2024-03-31,2024-03-23,DDP,CTR025,open,false,
PO00008,PO202400008,2024-06-23,PR00009,VEN016,ITM0002,2.00,33171.32,71526.61,2668.48,7004.16,848.28,IDR,1.0,Net 15,2024-07-25,2024-07-01,CIF,CTR021,cancelled,false,
PO00009,PO202400009,2024-02-16,PR00010,VEN003,ITM0022,200.00,57.16,12240.42,403.95,1213.01,0.00,IDR,1.0,COD,2024-03-12,2024-03-12,CIF,CTR013,closed,false,
PO00010,PO202500010,2025-09-18,PR00011,VEN012,ITM0020,1.00,24471.08,27623.28,195.47,2670.32,677.36,IDR,1.0,Net 30,2025-10-18,2025-10-01,DDP,CTR025,closed,false,
PO00011,PO202400011,2024-09-20,PR00012,VEN028,ITM0027,5000.00,197.47,1064798.57,28073.66,105520.58,0.00,IDR,1.0,Net 60,2024-10-05,2024-10-04,EXW,CTR016,closed,false,
PO00012,PO202500012,2025-09-15,PR00014,VEN005,ITM0038,5.00,3346.32,17928.41,579.88,1776.69,0.00,IDR,1.0,Net 90,2025-10-05,2025-09-24,FOB,CTR009,cancelled,false,
PO00013,PO202500013,2025-05-06,PR00015,VEN014,ITM0011,5.00,14685.85,79975.93,2764.20,7773.15,1537.73,IDR,1.0,COD,2025-06-16,2025-05-19,EXW,CTR011,closed,false,
PO00014,PO202400014,2024-03-26,PR00017,VEN015,ITM0023,2000.00,35.14,74589.57,3074.38,7391.76,0.00,IDR,1.0,COD,2024-04-03,2024-04-03,DDP,CTR013,closed,false,
PO00015,PO202500015,2025-04-30,PR00018,VEN005,ITM0037,20.00,51346.02,1153606.47,14646.28,111350.16,29982.16,IDR,1.0,Net 15,2025-05-16,2025-05-03,CIF,,closed,false,
PO00016,PO202400016,2024-05-04,PR00019,VEN030,ITM0026,200.00,148.11,32651.69,206.50,3235.75,0.00,IDR,1.0,COD,2024-05-18,2024-05-10,EXW,CTR013,closed,false,
PO00017,PO202500017,2025-07-05,PR00020,VEN017,ITM0006,10.00,7487.72,82380.61,1555.99,8065.34,994.01,IDR,1.0,Net 45,2025-08-08,2025-07-31,FOB,,closed,false,
PO00018,PO202400018,2024-07-09,PR00021,VEN018,ITM0019,4.00,9879.51,42745.57,1315.78,4202.25,341.07,IDR,1.0,Net 45,2024-08-16,2024-07-24,DDP,,open,false,
PO00019,PO202500019,2025-06-08,PR00022,VEN028,ITM0002,5.00,41219.54,221134.56,7898.10,21801.96,1133.01,IDR,1.0,Net 30,2025-07-23,2025-07-12,EXW,CTR008,closed,false,
PO00020,PO202400020,2024-07-15,PR00023,VEN017,ITM0010,50.00,25054.09,1397296.66,19083.97,135698.28,27977.66,IDR,1.0,Net 30,2024-08-05,2024-07-19,CIF,CTR001,closed,false,
PO00021,PO202500021,2025-12-17,PR00025,VEN005,ITM0006,200.00,7966.44,1702080.46,60068.37,168654.13,206.92,IDR,1.0,Net 15,2025-12-30,2025-12-25,CIF,CTR008,closed,false,
PO00022,PO202400022,2024-12-17,PR00026,VEN017,ITM0008,1000.00,422.13,447606.08,18885.32,44357.36,0.00,IDR,1.0,Net 90,2025-01-16,2025-01-07,DDP,CTR001,closed,false,
PO00023,PO202500023,2025-01-11,PR00027,VEN004,ITM0026,2000.00,101.27,222216.11,2337.44,22021.42,0.00,IDR,1.0,Net 45,2025-01-19,2025-01-11,FOB,CTR013,closed,false,
PO00024,PO202500024,2025-06-16,PR00028,VEN011,ITM0035,1.00,182966.09,203789.54,1501.64,19961.09,2364.00,IDR,1.0,Net 60,2025-07-17,2025-06-23,DDP,CTR002,closed,false,
PO00025,PO202400025,2024-12-24,PR00029,VEN002,ITM0038,50.00,2558.10,135511.92,5822.16,13429.11,0.00,IDR,1.0,Net 30,2025-01-19,2024-12-29,DDP,,closed,false,
PO00026,PO202400026,2024-04-12,PR00030,VEN011,ITM0014,20.00,14227.99,318635.87,3213.90,30948.05,6341.88,IDR,1.0,Net 30,2024-05-26,2024-05-03,DDP,CTR011,closed,false,
PO00027,PO202500027,2025-11-14,PR00032,VEN030,ITM0040,10.00,3375.12,36983.43,432.77,3665.02,0.00,IDR,1.0,COD,2025-12-06,2025-11-17,EXW,,closed,false,
PO00028,PO202500028,2025-05-12,PR00033,VEN028,ITM0004,2.00,11344.71,24787.78,940.46,2392.39,646.43,IDR,1.0,COD,2025-06-04,2025-05-14,EXW,CTR008,closed,false,
PO00029,PO202500029,2025-04-25,PR00034,VEN002,ITM0038,200.00,2717.97,579592.14,21439.44,57437.06,0.00,IDR,1.0,Net 45,2025-05-18,2025-05-04,FOB,CTR009,open,false,
PO00030,PO202400030,2024-09-28,PR00035,VEN021,ITM0011,10.00,13630.48,151304.50,186.40,14973.03,213.04,IDR,1.0,Net 15,2024-10-16,2024-10-02,EXW,,closed,false,
PO00031,PO202500031,2025-05-04,PR00036,VEN009,ITM0009,4.00,34341.24,149575.87,6228.43,14425.02,4014.33,IDR,1.0,Net 45,2025-05-27,2025-05-09,EXW,,closed,false,
PO00032,PO202400032,2024-07-14,PR00037,VEN010,ITM0018,100.00,103.38,11082.53,353.70,1098.27,0.00,IDR,1.0,Net 90,2024-07-26,2024-07-16,DDP,CTR004,cancelled,false,
PO00033,PO202500033,2025-12-31,PR00038,VEN023,ITM0025,1000.00,33.56,37008.80,221.92,3667.54,0.00,IDR,1.0,COD,2026-01-09,2026-01-04,EXW,,closed,false,
PO00034,PO202400034,2024-07-19,PR00040,VEN025,ITM0032,166.67,11609.75,2114145.59,54261.50,206876.62,26572.38,IDR,1.0,Net 30,2024-08-04,2024-07-21,CIF,CTR003,closed,true,
PO00035,PO202400035,2024-07-17,PR00040,VEN025,ITM0032,166.67,11609.75,2174239.70,27503.62,209819.99,56965.23,IDR,1.0,Net 30,2024-08-18,2024-07-23,FOB,CTR003,closed,true,PO00034
PO00036,PO202400036,2024-07-19,PR00040,VEN025,ITM0032,166.67,11609.75,2093075.66,96730.60,202205.02,52643.15,IDR,1.0,COD,2024-08-03,2024-07-20,FOB,CTR003,closed,true,PO00034
PO00037,PO202400037,2024-08-31,PR00041,VEN010,ITM0026,1000.00,109.83,116966.76,4453.53,11591.30,0.00,IDR,1.0,COD,2024-09-18,2024-09-13,DDP,,closed,false,
PO00038,PO202500038,2025-05-24,PR00042,VEN010,ITM0031,500.00,246.93,133596.19,3107.88,13239.26,0.00,IDR,1.0,Net 30,2025-06-29,2025-06-04,DDP,CTR016,closed,false,
PO00039,PO202500039,2025-04-19,PR00043,VEN013,ITM0001,25.00,10693.89,295310.57,5825.34,28767.41,5021.26,IDR,1.0,COD,2025-05-08,2025-05-03,FOB,,closed,false,
PO00040,PO202500040,2025-01-06,PR00044,VEN014,ITM0028,2000.00,810.97,1789835.89,9483.59,177371.12,0.00,IDR,1.0,COD,2025-02-04,2025-01-19,CIF,,closed,false,
PO00041,PO202400041,2024-10-27,PR00045,VEN014,ITM0025,500.00,49.45,26769.05,610.41,2652.79,0.00,IDR,1.0,Net 45,2024-11-16,2024-10-27,CIF,CTR013,closed,false,
PO00042,PO202400042,2024-09-16,PR00046,VEN026,ITM0022,200.00,59.13,13049.70,69.81,1293.21,0.00,IDR,1.0,Net 45,2024-10-16,2024-09-25,DDP,CTR013,open,false,
PO00043,PO202400043,2024-11-19,PR00047,VEN009,ITM0006,5.00,7464.41,41604.34,158.20,4088.02,352.47,IDR,1.0,Net 45,2024-12-23,2024-11-21,FOB,CTR008,closed,false,
PO00044,PO202400044,2024-05-30,PR00048,VEN021,ITM0029,1000.00,106.81,116537.64,1819.53,11548.77,0.00,IDR,1.0,Net 15,2024-06-16,2024-06-16,EXW,CTR016,closed,false,
PO00045,PO202500045,2025-10-28,PR00049,VEN010,ITM0029,1000.00,186.52,199666.12,6636.62,19786.73,0.00,IDR,1.0,Net 90,2025-11-09,2025-11-03,DDP,CTR016,closed,false,
PO00046,PO202500046,2025-05-11,PR00051,VEN012,ITM0011,50.00,12858.61,686110.36,30115.52,67409.62,5885.97,IDR,1.0,Net 60,2025-05-31,2025-05-26,FOB,,closed,false,
PO00047,PO202500047,2025-06-30,PR00055,VEN019,ITM0026,500.00,118.05,64452.81,960.02,6387.22,0.00,IDR,1.0,Net 30,2025-07-10,2025-07-01,EXW,CTR013,closed,false,
PO00048,PO202400048,2024-11-01,PR00056,VEN018,ITM0030,100.00,267.99,29496.99,225.37,2923.13,0.00,IDR,1.0,Net 45,2024-12-12,2024-12-06,DDP,CTR016,closed,false,
PO00049,PO202400049,2024-03-17,PR00057,VEN019,ITM0035,20.00,162072.20,3457420.20,155426.05,339461.97,31940.27,IDR,1.0,Net 15,2024-04-01,2024-03-17,FOB,CTR002,closed,false,
PO00050,PO202400050,2024-12-27,PR00058,VEN027,ITM0025,50.00,41.33,2237.24,51.02,221.71,0.00,IDR,1.0,Net 60,2025-01-05,2025-01-05,DDP,CTR013,closed,false,
PO00051,PO202400051,2024-06-09,PR00059,VEN028,ITM0037,20.00,46796.34,1013230.81,24205.73,100289.32,1220.39,IDR,1.0,Net 15,2024-06-30,2024-06-22,DDP,CTR002,closed,false,
PO00052,PO202400052,2024-07-17,PR00060,VEN021,ITM0005,100.00,3073.47,339695.81,1314.44,33663.55,0.00,IDR,1.0,Net 30,2024-07-26,2024-07-18,DDP,CTR008,closed,false,
PO00053,PO202500053,2025-02-27,PR00061,VEN029,ITM0028,250.00,678.42,182416.61,5264.95,18077.32,0.00,IDR,1.0,Net 45,2025-03-21,2025-02-28,DDP,,closed,false,
PO00054,PO202500054,2025-01-14,PR00063,VEN023,ITM0031,2000.00,274.79,603526.02,5856.77,59808.89,0.00,IDR,1.0,Net 90,2025-02-11,2025-02-26,FOB,CTR016,closed,false,
PO00055,PO202400055,2024-05-13,PR00066,VEN023,ITM0013,100.00,653.18,69658.60,2562.64,6903.10,0.00,IDR,1.0,Net 15,2024-05-24,2024-05-19,EXW,CTR011,closed,false,
PO00056,PO202500056,2025-02-14,PR00067,VEN021,ITM0038,2.00,2959.11,6453.74,104.03,639.56,0.00,IDR,1.0,COD,2025-02-23,2025-02-23,DDP,CTR009,closed,false,
PO00057,PO202500057,2025-07-09,PR00068,VEN026,ITM0006,2.00,7362.60,16056.90,553.95,1558.84,326.82,IDR,1.0,Net 60,2025-07-16,2025-07-13,DDP,CTR008,open,false,
PO00058,PO202400058,2024-09-26,PR00069,VEN025,ITM0036,2.00,1424.58,3058.38,93.86,303.08,0.00,IDR,1.0,Net 60,2024-10-24,2024-10-09,EXW,CTR002,closed,false,
PO00059,PO202400059,2024-04-05,PR00070,VEN023,ITM0013,200.00,608.65,133153.08,1771.81,13195.35,0.00,IDR,1.0,COD,2024-04-16,2024-04-10,DDP,CTR011,closed,false,
PO00060,PO202500060,2025-02-04,PR00073,VEN013,ITM0012,25.00,17544.60,472135.57,15842.98,46504.91,2858.74,IDR,1.0,Net 90,2025-03-09,2025-03-29,FOB,,closed,false,
PO00061,PO202400061,2024-07-14,PR00075,VEN020,ITM0002,50.00,40273.16,2209283.91,72130.28,213568.05,54188.13,IDR,1.0,Net 90,2024-08-09,2024-08-02,CIF,,open,false,
PO00062,PO202400062,2024-04-08,PR00076,VEN014,ITM0011,100.00,13097.33,1406735.53,42827.79,139359.57,470.77,IDR,1.0,Net 45,2024-05-14,2024-04-25,FOB,CTR011,closed,false,
PO00063,PO202400063,2024-04-07,PR00077,VEN022,ITM0025,200.00,36.87,7882.82,272.06,781.18,0.00,IDR,1.0,Net 45,2024-04-19,2024-04-12,DDP,CTR013,closed,false,
PO00064,PO202500064,2025-10-21,PR00078,VEN017,ITM0003,50.00,3244.80,171154.24,8047.22,16961.23,0.00,IDR,1.0,Net 45,2025-11-05,2025-10-27,DDP,CTR008,closed,false,
PO00065,PO202500065,2025-02-02,PR00079,VEN014,ITM0011,5.00,13836.41,76871.33,979.71,7502.26,1166.70,IDR,1.0,Net 90,2025-02-13,2025-02-13,CIF,CTR011,closed,false,
PO00066,PO202500066,2025-10-18,PR00080,VEN014,ITM0005,1.00,1513.68,1677.29,2.61,166.22,0.00,IDR,1.0,Net 60,2025-10-26,2025-10-20,CIF,CTR008,closed,false,
PO00067,PO202400067,2024-06-18,PR00081,VEN023,ITM0017,1000.00,75.66,83274.09,637.04,8252.39,0.00,IDR,1.0,Net 90,2024-06-25,2024-06-24,DDP,CTR004,closed,false,
PO00068,PO202400068,2024-08-23,PR00082,VEN013,ITM0012,250.00,17589.15,4864440.97,22164.34,481263.53,8054.48,IDR,1.0,Net 30,2024-10-06,2024-10-10,FOB,,closed,false,
PO00069,PO202500069,2025-04-07,PR00084,VEN017,ITM0031,200.00,363.06,77144.25,3111.75,7644.93,0.00,IDR,1.0,Net 30,2025-05-08,2025-04-19,FOB,CTR016,partial,false,
PO00070,PO202400070,2024-08-13,PR00086,VEN029,ITM0031,500.00,324.98,178346.92,1816.23,17674.02,0.00,IDR,1.0,Net 30,2024-09-07,2024-08-15,CIF,CTR016,closed,false,
PO00071,PO202500071,2025-11-10,PR00087,VEN004,ITM0015,200.00,5.82,1236.47,49.30,122.53,0.00,IDR,1.0,COD,2025-12-17,2025-11-23,DDP,CTR004,open,false,
PO00072,PO202400072,2024-11-02,PR00088,VEN018,ITM0011,10.00,13777.06,149390.70,4888.01,14617.08,1891.04,IDR,1.0,Net 45,2024-12-15,2024-12-02,CIF,CTR011,closed,false,
PO00073,PO202400073,2024-05-08,PR00089,VEN006,ITM0031,1000.00,390.33,414533.31,16879.88,41079.88,0.00,IDR,1.0,Net 15,2024-06-08,2024-06-05,FOB,CTR016,closed,false,
PO00074,PO202400074,2024-08-03,PR00090,VEN010,ITM0028,1000.00,565.24,608624.50,16931.91,60314.14,0.00,IDR,1.0,Net 45,2024-08-10,2024-08-08,CIF,,closed,false,
PO00075,PO202500075,2025-12-04,PR00091,VEN002,ITM0020,100.00,26592.00,2930655.80,28614.71,289364.34,10706.58,IDR,1.0,COD,2025-12-24,2025-12-12,FOB,,closed,false,
PO00076,PO202500076,2025-01-16,PR00092,VEN020,ITM0033,2500.00,868.93,2399465.68,10638.59,237784.89,0.00,IDR,1.0,Net 45,2025-02-16,2025-01-23,EXW,,open,false,
PO00077,PO202500077,2025-03-04,PR00093,VEN018,ITM0035,5.00,205147.97,1126017.85,23478.50,110248.75,13507.76,IDR,1.0,Net 60,2025-04-09,2025-03-21,CIF,CTR002,closed,false,
PO00078,PO202400078,2024-05-05,PR00094,VEN003,ITM0004,5.00,11115.07,60771.43,1952.34,5898.53,1249.89,IDR,1.0,Net 45,2024-06-14,2024-05-07,CIF,CTR008,cancelled,false,
PO00079,PO202400079,2024-12-02,PR00096,VEN007,ITM0017,200.00,101.54,22532.78,9.00,2232.98,0.00,IDR,1.0,Net 90,2025-01-09,2025-01-04,FOB,CTR023,closed,false,
PO00080,PO202400080,2024-07-14,PR00097,VEN001,ITM0028,200.00,650.26,139200.81,4644.91,13794.68,0.00,IDR,1.0,Net 60,2024-08-15,2024-08-07,FOB,,cancelled,false,
PO00081,PO202400081,2024-06-08,PR00098,VEN001,ITM0033,1000.00,818.47,903276.10,4707.02,89513.85,0.00,IDR,1.0,Net 60,2024-06-30,2024-06-21,FOB,CTR003,open,false,
PO00082,PO202500082,2025-10-23,PR00099,VEN013,ITM0004,10.00,7610.92,85986.84,2.04,8371.78,1507.94,IDR,1.0,Net 60,2025-11-12,2025-10-31,CIF,CTR008,closed,false,
PO00083,PO202500083,2025-02-14,PR00100,VEN007,ITM0018,1000.00,138.48,152159.74,1398.64,15078.89,0.00,IDR,1.0,Net 15,2025-03-02,2025-02-20,EXW,CTR023,open,false,
PO00084,PO202500084,2025-01-28,PR00102,VEN013,ITM0025,1000.00,34.78,38079.40,470.23,3773.63,0.00,IDR,1.0,Net 30,2025-02-19,2025-02-28,EXW,CTR013,closed,false,
PO00085,PO202400085,2024-08-12,PR00103,VEN006,ITM0018,1000.00,50.93,55176.17,1219.74,5467.91,0.00,IDR,1.0,Net 90,2024-08-30,2024-08-17,CIF,CTR004,closed,false,
PO00086,PO202500086,2025-04-11,PR00104,VEN004,ITM0026,50.00,111.42,5885.20,269.19,583.22,0.00,IDR,1.0,Net 30,2025-05-22,2025-06-04,CIF,CTR013,closed,false,
PO00087,PO202400087,2024-05-15,PR00105,VEN017,ITM0007,1.00,2225.83,2429.45,37.14,240.76,0.00,IDR,1.0,Net 60,2024-05-27,2024-05-24,EXW,,closed,false,
PO00088,PO202500088,2025-12-08,PR00106,VEN026,ITM0017,100.00,115.32,12163.86,573.59,1205.43,0.00,IDR,1.0,Net 45,2026-01-08,2026-01-08,DDP,CTR004,closed,false,
PO00089,PO202400089,2024-09-16,PR00109,VEN004,ITM0009,5.00,28259.22,153748.72,3318.80,15177.50,593.92,IDR,1.0,COD,2024-10-12,2024-10-09,FOB,CTR001,open,false,
PO00090,PO202500090,2025-06-27,PR00110,VEN014,ITM0015,500.00,8.73,4650.66,175.33,460.88,0.00,IDR,1.0,Net 15,2025-07-31,2025-07-03,EXW,,closed,false,
PO00091,PO202500091,2025-06-26,PR00112,VEN024,ITM0026,1000.00,145.14,159245.11,1680.56,15781.05,0.00,IDR,1.0,Net 45,2025-07-12,2025-07-01,EXW,CTR013,closed,false,
PO00092,PO202500092,2025-12-30,PR00113,VEN008,ITM0025,500.00,45.34,24436.70,653.43,2421.66,0.00,IDR,1.0,Net 60,2026-01-11,2026-01-10,DDP,CTR013,closed,false,
PO00093,PO202400093,2024-11-23,PR00115,VEN013,ITM0037,50.00,37469.59,2077297.02,18685.24,204027.35,18475.54,IDR,1.0,Net 60,2024-12-21,2025-01-08,FOB,CTR002,open,false,
PO00094,PO202500094,2025-01-05,PR00116,VEN007,ITM0031,1000.00,344.64,365471.43,15389.58,36217.89,0.00,IDR,1.0,Net 45,2025-01-15,2025-01-11,CIF,CTR016,open,false,
PO00095,PO202500095,2025-12-21,PR00118,VEN024,ITM0034,50.00,20865.09,1147960.40,19313.58,112633.51,11385.91,IDR,1.0,Net 60,2026-01-16,2025-12-24,DDP,CTR003,closed,false,
PO00096,PO202500096,2025-11-26,PR00120,VEN004,ITM0027,250.00,148.48,40431.27,695.34,4006.70,0.00,IDR,1.0,Net 45,2026-01-04,2025-12-12,DDP,CTR016,partial,false,
PO00097,PO202500097,2025-08-08,PR00121,VEN018,ITM0016,250.00,73.93,19711.07,724.77,1953.35,0.00,IDR,1.0,Net 15,2025-08-31,2025-08-13,FOB,CTR018,closed,false,
PO00098,PO202400098,2024-05-13,PR00122,VEN006,ITM0023,1000.00,39.44,41819.05,1764.11,4144.23,0.00,IDR,1.0,Net 30,2024-05-24,2024-05-18,FOB,CTR013,closed,false,
PO00099,PO202400099,2024-01-11,PR00123,VEN021,ITM0037,250.00,81448.31,22930080.63,84953.40,2230483.60,422473.43,IDR,1.0,Net 45,2024-02-04,2024-01-17,EXW,CTR002,closed,true,
PO00100,PO202400100,2024-01-11,PR00123,VEN021,ITM0037,250.00,81448.31,22410522.06,594214.54,2174464.87,468194.73,IDR,1.0,Net 60,2024-01-28,2024-01-26,EXW,CTR002,closed,true,PO00099
PO00101,PO202500101,2025-03-25,PR00124,VEN012,ITM0034,250.00,18971.47,5289054.76,50694.72,516139.01,80742.94,IDR,1.0,Net 60,2025-04-15,2025-04-06,CIF,CTR003,closed,false,
PO00102,PO202400102,2024-12-23,PR00125,VEN026,ITM0004,2.00,10740.86,22715.84,1038.48,2248.76,23.85,IDR,1.0,COD,2025-02-01,2024-12-24,DDP,,closed,false,
PO00103,PO202500103,2025-10-24,PR00126,VEN002,ITM0015,500.00,7.46,3976.13,147.63,394.03,0.00,IDR,1.0,Net 90,2025-11-17,2025-10-28,EXW,CTR004,closed,false,
PO00104,PO202400104,2024-09-18,PR00127,VEN023,ITM0019,50.00,6555.92,360269.11,10740.05,34876.13,8337.23,IDR,1.0,Net 30,2024-10-03,2024-09-29,CIF,CTR025,closed,false,
PO00105,PO202400105,2024-09-04,PR00129,VEN014,ITM0033,50.00,912.67,48386.46,2042.24,4795.05,0.00,IDR,1.0,COD,2024-09-28,2024-09-21,DDP,,closed,false,
PO00106,PO202500106,2025-12-23,PR00130,VEN004,ITM0001,20.00,10846.81,232921.18,10516.43,22706.17,3795.25,IDR,1.0,Net 90,2026-01-14,2025-12-24,EXW,CTR008,closed,false,
PO00107,PO202400107,2024-10-16,PR00131,VEN027,ITM0001,250.00,13457.04,3810578.16,15017.04,368416.68,92918.89,IDR,1.0,Net 90,2024-10-29,2024-11-21,DDP,CTR008,partial,false,
PO00108,PO202500108,2025-06-19,PR00133,VEN019,ITM0040,2.00,2770.90,5997.00,139.10,594.30,0.00,IDR,1.0,COD,2025-07-05,2025-07-30,CIF,CTR009,cancelled,false,
PO00109,PO202500109,2025-08-30,PR00135,VEN026,ITM0021,1.00,18641.22,20182.85,638.61,1980.29,199.96,IDR,1.0,Net 60,2025-10-03,2025-09-25,FOB,CTR025,partial,false,
PO00110,PO202500110,2025-09-30,PR00137,VEN019,ITM0019,1.00,8486.57,9166.52,256.21,905.34,30.82,IDR,1.0,Net 30,2025-10-22,2025-10-15,DDP,,closed,false,
PO00111,PO202400111,2024-06-05,PR00138,VEN006,ITM0002,2.00,40518.18,89266.27,1852.01,8710.28,1371.64,IDR,1.0,Net 30,2024-07-19,2024-07-16,DDP,CTR008,closed,false,
PO00112,PO202500112,2025-03-05,PR00139,VEN013,ITM0012,2.00,18168.32,39528.58,1121.85,3873.63,440.15,IDR,1.0,Net 30,2025-03-13,2025-03-21,DDP,CTR011,closed,false,
PO00113,PO202400113,2024-10-13,PR00140,VEN015,ITM0005,50.00,1288.86,69979.02,1398.61,6934.86,0.00,IDR,1.0,COD,2024-11-01,2024-10-13,CIF,CTR008,closed,false,
PO00114,PO202500114,2025-09-25,PR00141,VEN026,ITM0009,5.00,33807.43,188839.28,2124.64,18360.38,3566.38,IDR,1.0,Net 30,2025-10-12,2025-10-17,EXW,CTR001,closed,false,
PO00115,PO202500115,2025-01-11,PR00142,VEN023,ITM0013,200.00,661.76,143262.23,3286.26,14197.16,0.00,IDR,1.0,Net 45,2025-02-09,2025-01-20,CIF,CTR011,partial,false,
PO00116,PO202500116,2025-12-31,PR00143,VEN004,ITM0009,200.00,25627.96,5409804.65,253957.35,535879.74,2290.92,IDR,1.0,Net 15,2026-01-22,2026-01-27,EXW,,closed,false,
PO00117,PO202500117,2025-03-13,PR00144,VEN022,ITM0008,1000.00,294.36,316575.86,9152.59,31372.38,0.00,IDR,1.0,Net 60,2025-03-25,2025-03-15,EXW,CTR005,closed,false,
PO00118,PO202400118,2024-10-11,PR00145,VEN027,ITM0020,250.00,26667.92,7188425.82,251504.55,705702.42,67246.83,IDR,1.0,Net 60,2024-11-24,2024-10-12,DDP,CTR025,partial,false,
PO00119,PO202400119,2024-11-28,PR00147,VEN002,ITM0026,1000.00,129.84,139950.19,3762.68,13868.94,0.00,IDR,1.0,Net 30,2024-12-22,2025-01-11,CIF,CTR013,closed,false,
PO00120,PO202500120,2025-12-31,PR00148,VEN019,ITM0029,400.00,93.01,40623.45,606.03,4025.75,0.00,IDR,1.0,Net 60,2026-02-02,2026-01-27,EXW,CTR016,closed,false,
PO00121,PO202500121,2025-02-11,PR00149,VEN030,ITM0010,4.00,26400.37,113366.48,5268.53,11036.63,1996.90,IDR,1.0,Net 15,2025-03-16,2025-02-18,FOB,CTR001,closed,false,
PO00122,PO202400122,2024-11-18,PR00150,VEN023,ITM0008,200.00,304.55,65358.61,2027.99,6476.98,0.00,IDR,1.0,COD,2024-12-11,2024-12-24,DDP,CTR001,closed,false,
PO00123,PO202500123,2025-04-03,PR00151,VEN023,ITM0036,1.00,1299.52,1397.99,40.07,138.54,0.00,IDR,1.0,Net 15,2025-04-12,2025-04-08,DDP,CTR002,partial,false,
PO00124,PO202400124,2024-01-08,PR00152,VEN022,ITM0024,2000.00,460.07,1007136.96,12801.63,99806.37,0.00,IDR,1.0,COD,2024-02-04,2024-01-17,DDP,,closed,false,
PO00125,PO202400125,2024-05-08,PR00153,VEN025,ITM0033,1000.00,742.33,806177.83,16044.21,79891.50,0.00,IDR,1.0,Net 60,2024-05-20,2024-05-12,EXW,CTR003,closed,false,
PO00126,PO202400126,2024-03-10,PR00154,VEN011,ITM0034,50.00,18321.13,993839.71,39260.19,96447.57,20596.04,IDR,1.0,Net 30,2024-04-13,2024-03-23,EXW,CTR003,closed,false,
PO00127,PO202500127,2025-11-06,PR00155,VEN018,ITM0023,1000.00,40.82,44774.30,479.31,4437.09,0.00,IDR,1.0,Net 60,2025-11-30,2025-11-19,EXW,,open,false,
PO00128,PO202400128,2024-08-14,PR00156,VEN014,ITM0011,200.00,14532.89,3236714.93,7152.39,318936.88,18351.85,IDR,1.0,COD,2024-09-02,2024-10-01,CIF,CTR011,partial,false,
PO00129,PO202500129,2025-06-27,PR00157,VEN002,ITM0032,2.00,10218.16,22543.39,515.52,2191.29,431.30,IDR,1.0,Net 15,2025-07-30,2025-07-06,DDP,,closed,false,
PO00130,PO202400130,2024-11-24,PR00158,VEN014,ITM0015,1000.00,8.30,8998.33,197.98,891.73,0.00,IDR,1.0,Net 30,2024-12-20,2024-12-19,CIF,CTR004,closed,false,
PO00131,PO202500131,2025-03-27,PR00159,VEN027,ITM0022,500.00,48.99,26159.04,926.95,2592.34,0.00,IDR,1.0,Net 45,2025-05-06,2025-04-06,FOB,CTR013,partial,false,
PO00132,PO202500132,2025-05-18,PR00161,VEN030,ITM0022,500.00,62.43,34376.78,244.18,3406.71,0.00,IDR,1.0,Net 60,2025-06-29,2025-06-09,EXW,CTR013,partial,false,
PO00133,PO202500133,2025-09-28,PR00162,VEN009,ITM0014,5.00,15801.43,85341.28,2429.17,8423.58,339.73,IDR,1.0,Net 90,2025-10-05,2025-09-28,DDP,,partial,false,
PO00134,PO202400134,2024-08-07,PR00163,VEN023,ITM0018,200.00,91.85,20023.27,331.58,1984.29,0.00,IDR,1.0,Net 45,2024-08-14,2024-08-12,EXW,,closed,false,
PO00135,PO202500135,2025-12-13,PR00164,VEN021,ITM0018,2500.00,128.41,354217.99,1916.99,35102.68,0.00,IDR,1.0,Net 90,2025-12-23,2025-12-21,FOB,CTR004,partial,false,
PO00136,PO202400136,2024-07-16,PR00165,VEN005,ITM0033,200.00,940.79,206949.54,1716.95,20508.51,0.00,IDR,1.0,Net 30,2024-08-03,2024-07-16,CIF,CTR003,open,false,
PO00137,PO202500137,2025-12-31,PR00166,VEN005,ITM0018,200.00,138.11,29381.01,1152.85,2911.63,0.00,IDR,1.0,Net 90,2026-01-16,2026-01-06,EXW,CTR004,closed,false,
PO00138,PO202500138,2025-09-22,PR00167,VEN013,ITM0037,2.00,36142.49,81903.91,78.61,7942.70,1754.84,IDR,1.0,Net 90,2025-11-05,2025-10-19,CIF,CTR002,closed,false,
PO00139,PO202400139,2024-05-13,PR00169,VEN003,ITM0004,250.00,10463.87,2810315.52,110612.04,275589.06,29371.38,IDR,1.0,Net 90,2024-05-30,2024-05-28,CIF,CTR008,closed,false,
PO00140,PO202500140,2025-03-09,PR00170,VEN016,ITM0023,1000.00,30.47,33106.49,648.66,3280.82,0.00,IDR,1.0,Net 60,2025-04-04,2025-04-04,DDP,CTR013,closed,false,
PO00141,PO202400141,2024-07-13,PR00171,VEN017,ITM0037,25.00,47855.34,1306443.79,31806.55,128103.46,13763.38,IDR,1.0,Net 15,2024-07-25,2024-07-18,EXW,CTR002,open,false,
PO00142,PO202500142,2025-04-10,PR00172,VEN025,ITM0019,2.00,8952.72,19477.65,566.64,1907.27,231.57,IDR,1.0,Net 60,2025-05-09,2025-06-03,DDP,CTR025,partial,false,
PO00143,PO202500143,2025-04-07,PR00173,VEN009,ITM0012,5.00,26747.32,145889.74,4489.80,14217.15,2425.80,IDR,1.0,Net 45,2025-05-02,2025-04-20,CIF,CTR011,open,false,
PO00144,PO202500144,2025-01-01,PR00174,VEN030,ITM0031,500.00,370.47,197919.26,6927.83,19613.62,0.00,IDR,1.0,COD,2025-01-31,2025-01-25,FOB,CTR016,closed,false,
PO00145,PO202500145,2025-01-19,PR00175,VEN013,ITM0009,1.00,26477.28,28883.37,909.29,2812.48,502.90,IDR,1.0,Net 15,2025-02-15,2025-02-05,DDP,CTR015,partial,false,
PO00146,PO202500146,2025-08-17,PR00176,VEN014,ITM0027,1000.00,105.45,111560.67,4940.89,11055.56,0.00,IDR,1.0,Net 45,2025-09-13,2025-08-19,DDP,CTR016,closed,false,
PO00147,PO202400147,2024-12-05,PR00177,VEN014,ITM0011,100.00,14420.66,1601406.44,31618.82,155149.17,35810.27,IDR,1.0,Net 30,2024-12-30,2024-12-28,DDP,CTR011,closed,false,
PO00148,PO202400148,2024-09-05,PR00178,VEN009,ITM0014,5.00,15613.98,85887.64,2199.77,8345.71,1671.80,IDR,1.0,Net 60,2024-09-22,2024-09-14,EXW,CTR011,closed,false,
PO00149,PO202400149,2024-12-17,PR00180,VEN028,ITM0025,500.00,50.07,26899.67,799.36,2665.73,0.00,IDR,1.0,Net 30,2025-01-26,2024-12-29,FOB,CTR013,closed,false,
PO00150,PO202400150,2024-07-06,PR00181,VEN008,ITM0016,2000.00,71.18,151852.67,5562.35,15048.46,0.00,IDR,1.0,Net 60,2024-07-17,2024-07-07,FOB,CTR004,closed,false,
PO00151,PO202500151,2025-10-12,PR00182,VEN001,ITM0030,200.00,224.22,47553.83,2003.13,4712.54,0.00,IDR,1.0,COD,2025-11-18,2025-10-23,EXW,,closed,false,
PO00152,PO202400152,2024-11-23,PR00183,VEN004,ITM0031,200.00,274.42,59989.12,840.37,5944.87,0.00,IDR,1.0,Net 15,2024-12-22,2025-01-04,DDP,CTR016,closed,false,
PO00153,PO202400153,2024-08-01,PR00184,VEN010,ITM0017,200.00,233.47,49314.27,2267.33,4887.00,0.00,IDR,1.0,Net 30,2024-09-01,2024-09-01,DDP,CTR004,cancelled,false,
PO00154,PO202400154,2024-03-31,PR00185,VEN009,ITM0022,500.00,60.67,32295.63,1239.65,3200.47,0.00,IDR,1.0,Net 15,2024-04-08,2024-04-01,EXW,CTR013,closed,false,
PO00155,PO202500155,2025-09-01,PR00187,VEN017,ITM0003,20.00,3280.17,70598.76,2001.01,6996.27,0.00,IDR,1.0,Net 45,2025-09-12,2025-09-07,CIF,CTR008,closed,false,
PO00156,PO202500156,2025-09-30,PR00188,VEN001,ITM0002,2.00,35064.12,77276.72,2110.58,7481.94,1777.12,IDR,1.0,Net 45,2025-11-10,2025-10-04,CIF,CTR008,closed,false,
PO00157,PO202500157,2025-04-25,PR00189,VEN001,ITM0025,500.00,40.29,21516.86,762.16,2132.30,0.00,IDR,1.0,Net 30,2025-06-02,2025-05-17,CIF,CTR013,closed,false,
PO00158,PO202500158,2025-01-24,PR00190,VEN028,ITM0026,250.00,139.86,37166.22,1481.47,3683.14,0.00,IDR,1.0,Net 45,2025-03-08,2025-02-26,FOB,,closed,false,
PO00159,PO202400159,2024-04-22,PR00191,VEN016,ITM0002,10.00,28986.99,329112.74,961.29,31779.95,8424.17,IDR,1.0,Net 90,2024-05-25,2024-06-14,FOB,CTR021,partial,false,
PO00160,PO202400160,2024-08-18,PR00192,VEN005,ITM0033,250.00,950.52,262032.33,1564.88,25967.17,0.00,IDR,1.0,Net 90,2024-09-17,2024-09-05,DDP,CTR003,partial,false,
PO00161,PO202400161,2024-12-26,PR00193,VEN016,ITM0031,5000.00,283.29,1503718.06,61755.45,149017.11,0.00,IDR,1.0,COD,2025-01-31,2025-01-16,EXW,CTR016,closed,false,
PO00162,PO202500162,2025-01-20,PR00194,VEN018,ITM0028,1000.00,825.62,892123.70,21902.03,88408.65,0.00,IDR,1.0,Net 30,2025-03-02,2025-02-03,CIF,CTR016,cancelled,false,
PO00163,PO202400163,2024-11-29,PR00196,VEN014,ITM0034,2.00,23649.26,52677.36,377.07,5161.36,594.56,IDR,1.0,COD,2024-12-18,2024-12-10,EXW,,cancelled,false,
PO00164,PO202400164,2024-05-23,PR00197,VEN024,ITM0008,500.00,459.60,253485.10,1434.69,25120.14,0.00,IDR,1.0,Net 15,2024-06-28,2024-06-13,FOB,CTR001,partial,false,
PO00165,PO202500165,2025-11-16,PR00199,VEN022,ITM0027,250.00,158.25,42619.28,1167.80,4223.53,0.00,IDR,1.0,Net 15,2025-11-29,2025-11-17,DDP,CTR016,closed,false,
PO00166,PO202500166,2025-11-16,PR00200,VEN019,ITM0014,4.00,13498.53,60356.87,433.55,5891.66,904.64,IDR,1.0,COD,2025-12-13,2025-12-10,DDP,CTR011,partial,false,
PO00167,PO202400167,2024-12-11,PR00201,VEN025,ITM0024,200.00,504.19,110025.70,1715.06,10903.45,0.00,IDR,1.0,Net 60,2025-01-12,2025-01-04,EXW,,cancelled,false,
PO00168,PO202500168,2025-09-20,PR00202,VEN011,ITM0006,1.00,7068.87,7750.66,194.83,756.15,120.47,IDR,1.0,Net 90,2025-10-08,2025-10-08,DDP,CTR008,closed,false,
PO00169,PO202500169,2025-12-31,PR00203,VEN019,ITM0035,100.00,163734.27,18066931.13,358472.40,1761644.98,290331.77,IDR,1.0,Net 30,2026-01-17,2026-01-14,EXW,CTR002,closed,false,
PO00170,PO202500170,2025-12-22,PR00204,VEN013,ITM0009,20.00,24509.64,540441.95,12984.52,52492.91,10740.81,IDR,1.0,Net 15,2026-01-10,2026-01-10,CIF,CTR015,cancelled,false,
PO00171,PO202400171,2024-01-31,PR00205,VEN024,ITM0032,500.00,11907.07,6607975.77,104544.24,643388.76,115598.31,IDR,1.0,Net 30,2024-02-28,2024-02-03,FOB,CTR003,closed,false,
PO00172,PO202400172,2024-12-30,PR00206,VEN026,ITM0002,50.00,45061.71,2532413.42,4368.09,247358.92,36337.08,IDR,1.0,Net 30,2025-01-25,2025-01-02,CIF,CTR008,closed,false,
PO00173,PO202400173,2024-10-09,PR00207,VEN027,ITM0016,250.00,59.58,16466.01,61.36,1631.77,0.00,IDR,1.0,Net 30,2024-11-16,2024-11-13,DDP,CTR004,closed,false,
PO00174,PO202400174,2024-02-28,PR00208,VEN013,ITM0020,5.00,19522.75,107853.62,993.75,10628.20,605.41,IDR,1.0,Net 15,2024-03-06,2024-03-05,EXW,CTR025,closed,false,
PO00175,PO202500175,2025-10-05,PR00209,VEN029,ITM0017,200.00,100.33,22023.85,223.70,2182.54,0.00,IDR,1.0,Net 15,2025-10-19,2025-10-19,EXW,CTR004,closed,false,
PO00176,PO202400176,2024-10-04,PR00211,VEN015,ITM0024,1000.00,554.31,593093.08,19987.74,58774.99,0.00,IDR,1.0,Net 30,2024-11-08,2024-10-19,CIF,CTR013,closed,false,
PO00177,PO202400177,2024-04-16,PR00212,VEN013,ITM0001,5.00,10440.69,56711.44,1599.01,5566.49,540.53,IDR,1.0,Net 15,2024-05-22,2024-04-25,CIF,CTR008,partial,false,
PO00178,PO202400178,2024-12-03,PR00213,VEN014,ITM0030,500.00,279.49,153436.82,1515.97,15205.45,0.00,IDR,1.0,Net 45,2025-01-15,2025-01-14,DDP,CTR016,closed,false,
PO00179,PO202400179,2024-08-22,PR00214,VEN029,ITM0036,10.00,1352.13,14643.41,329.03,1451.15,0.00,IDR,1.0,COD,2024-10-01,2024-08-24,FOB,CTR002,open,false,
PO00180,PO202500180,2025-01-06,PR00215,VEN019,ITM0021,2.00,16907.88,36829.80,1527.88,3551.67,990.25,IDR,1.0,Net 15,2025-01-22,2025-01-28,DDP,CTR025,closed,false,
PO00181,PO202400181,2024-03-28,PR00216,VEN006,ITM0005,5.00,1363.34,7460.50,95.52,739.33,0.00,IDR,1.0,COD,2024-04-05,2024-03-30,EXW,,closed,false,
PO00182,PO202500182,2025-10-31,PR00217,VEN001,ITM0037,25.00,40516.31,1119451.56,22784.05,108913.59,20414.38,IDR,1.0,Net 15,2025-11-27,2025-11-03,FOB,,closed,false,
PO00183,PO202400183,2024-10-21,PR00220,VEN028,ITM0038,10.00,3322.99,35792.79,984.12,3547.03,0.00,IDR,1.0,COD,2024-11-23,2024-11-08,EXW,CTR009,closed,false,
PO00184,PO202400184,2024-12-18,PR00221,VEN020,ITM0004,100.00,11133.43,1180431.61,55616.91,116349.88,6355.58,IDR,1.0,COD,2025-01-04,2024-12-29,EXW,CTR008,partial,false,
PO00185,PO202500185,2025-11-08,PR00222,VEN001,ITM0024,100.00,528.00,58051.38,501.46,5752.84,0.00,IDR,1.0,COD,2025-12-16,2025-11-18,EXW,CTR013,closed,false,
PO00186,PO202400186,2024-11-11,PR00223,VEN021,ITM0022,1000.00,58.76,62250.85,2673.81,6169.00,0.00,IDR,1.0,Net 60,2024-12-18,2024-12-16,CIF,CTR013,open,false,
PO00187,PO202500187,2025-01-28,PR00224,VEN019,ITM0040,100.00,2945.18,324526.06,2151.75,32160.24,0.00,IDR,1.0,Net 60,2025-02-24,2025-02-07,CIF,CTR009,closed,false,
PO00188,PO202400188,2024-10-24,PR00225,VEN001,ITM0019,10.00,7861.76,84782.66,3410.97,8272.73,1303.26,IDR,1.0,Net 60,2024-11-09,2024-11-05,EXW,CTR025,closed,false,
PO00189,PO202500189,2025-12-31,PR00226,VEN030,ITM0005,10.00,1349.90,14647.87,302.71,1451.59,0.00,IDR,1.0,Net 30,2026-01-23,2026-01-01,FOB,CTR008,closed,false,
PO00190,PO202500190,2025-01-31,PR00227,VEN001,ITM0026,500.00,127.67,70829.44,23.46,7019.13,0.00,IDR,1.0,Net 15,2025-02-25,2025-02-11,CIF,CTR013,closed,false,
PO00191,PO202400191,2024-08-27,PR00228,VEN013,ITM0003,50.00,2380.30,130911.38,1076.60,12973.20,0.00,IDR,1.0,Net 60,2024-09-16,2024-09-08,DDP,CTR008,closed,false,
PO00192,PO202400192,2024-04-19,PR00229,VEN020,ITM0002,200.00,71414.95,15877830.60,24990.06,1568379.91,51451.55,IDR,1.0,Net 45,2024-05-12,2024-04-25,FOB,,closed,false,
PO00193,PO202500193,2025-06-05,PR00230,VEN007,ITM0010,5.00,24486.81,129297.05,6096.22,12797.16,162.07,IDR,1.0,COD,2025-07-09,2025-07-06,FOB,CTR001,open,false,
PO00194,PO202500194,2025-08-06,PR00231,VEN014,ITM0023,400.00,39.06,17201.69,128.34,1704.67,0.00,IDR,1.0,Net 30,2025-09-03,2025-09-02,EXW,CTR013,closed,false,
PO00195,PO202500195,2025-03-05,PR00232,VEN018,ITM0033,1000.00,853.40,904872.42,38199.65,89672.04,0.00,IDR,1.0,Net 45,2025-03-12,2025-03-06,EXW,CTR003,partial,false,
PO00196,PO202400196,2024-07-09,PR00233,VEN003,ITM0005,10.00,1387.09,14939.92,411.51,1480.53,0.00,IDR,1.0,Net 15,2024-08-16,2024-09-03,DDP,CTR008,closed,false,
PO00197,PO202500197,2025-05-31,PR00234,VEN003,ITM0006,10.00,7329.69,80430.26,2174.82,7823.42,1484.80,IDR,1.0,Net 30,2025-07-09,2025-07-02,DDP,CTR008,closed,false,
PO00198,PO202500198,2025-01-04,PR00235,VEN027,ITM0010,10.00,20891.76,234924.70,1454.12,22820.99,4640.21,IDR,1.0,COD,2025-02-16,2025-02-04,FOB,CTR001,closed,false,
PO00199,PO202400199,2024-09-26,PR00236,VEN016,ITM0023,100.00,28.94,3193.82,16.76,316.50,0.00,IDR,1.0,Net 30,2024-10-17,2024-10-05,FOB,,open,false,
PO00200,PO202500200,2025-05-06,PR00237,VEN023,ITM0013,1000.00,626.85,667002.98,25951.02,66099.39,0.00,IDR,1.0,Net 90,2025-05-16,2025-05-20,FOB,CTR011,open,false,
PO00201,PO202500201,2025-10-05,PR00238,VEN025,ITM0032,5.00,10074.47,54518.23,2194.12,5299.61,1040.37,IDR,1.0,Net 15,2025-11-16,2025-12-08,CIF,CTR003,open,false,
PO00202,PO202400202,2024-10-22,PR00239,VEN011,ITM0015,200.00,7.58,1624.17,51.97,160.95,0.00,IDR,1.0,Net 15,2024-12-02,2024-11-04,CIF,CTR010,closed,false,
PO00203,PO202500203,2025-10-25,PR00240,VEN008,ITM0024,1000.00,610.84,669027.61,8115.08,66300.03,0.00,IDR,1.0,Net 90,2025-12-02,2025-11-24,CIF,CTR013,closed,false,
PO00204,PO202400204,2024-04-01,PR00241,VEN020,ITM0022,200.00,62.20,13149.31,593.68,1303.08,0.00,IDR,1.0,Net 30,2024-05-14,2024-04-18,CIF,CTR013,closed,false,
PO00205,PO202400205,2024-09-05,PR00242,VEN014,ITM0006,100.00,7824.94,847080.58,27345.38,83066.35,8865.60,IDR,1.0,Net 90,2024-09-25,2024-09-16,EXW,CTR008,closed,false,
PO00206,PO202500206,2025-09-07,PR00243,VEN001,ITM0025,250.00,40.60,11157.18,99.33,1105.67,0.00,IDR,1.0,Net 30,2025-10-08,2025-09-21,FOB,,partial,false,
PO00207,PO202500207,2025-09-09,PR00245,VEN025,ITM0005,1.00,1156.19,1273.37,9.01,126.19,0.00,IDR,1.0,Net 45,2025-10-01,2025-09-20,CIF,CTR008,closed,false,
PO00208,PO202400208,2024-11-20,PR00246,VEN022,ITM0032,100.00,9511.60,1044903.58,17477.63,102705.08,8515.99,IDR,1.0,COD,2024-12-23,2024-12-09,CIF,CTR003,closed,false,
PO00209,PO202400209,2024-08-20,PR00247,VEN016,ITM0017,500.00,77.14,42723.75,78.15,4233.88,0.00,IDR,1.0,Net 90,2024-08-31,2024-08-23,FOB,CTR012,closed,false,
PO00210,PO202500210,2025-02-10,PR00248,VEN019,ITM0034,5.00,18111.23,99659.42,1738.18,9769.98,1071.46,IDR,1.0,Net 30,2025-02-19,2025-02-12,DDP,CTR003,closed,false,
PO00211,PO202400211,2024-03-09,PR00249,VEN026,ITM0031,500.00,345.26,183615.27,7210.38,18196.11,0.00,IDR,1.0,COD,2024-04-18,2024-04-16,FOB,CTR016,closed,false,
PO00212,PO202400212,2024-04-19,PR00250,VEN008,ITM0036,500.00,1744.01,923105.26,40379.29,91478.90,0.00,IDR,1.0,Net 30,2024-05-23,2024-05-16,FOB,,closed,false,
PO00213,PO202400213,2024-07-17,PR00251,VEN011,ITM0039,1.00,17028.12,18391.15,781.66,1787.11,357.58,IDR,1.0,Net 15,2024-08-29,2024-07-27,FOB,CTR009,closed,false,
PO00214,PO202500214,2025-09-29,PR00252,VEN003,ITM0034,2.00,23455.50,51516.27,1532.79,4991.60,1146.46,IDR,1.0,Net 90,2025-10-21,2025-10-08,DDP,CTR003,closed,false,
PO00215,PO202400215,2024-05-16,PR00255,VEN022,ITM0028,100.00,537.55,57280.58,2150.76,5676.45,0.00,IDR,1.0,Net 60,2024-06-13,2024-05-31,CIF,CTR016,cancelled,false,
PO00216,PO202500216,2025-05-12,PR00257,VEN001,ITM0022,2500.00,51.15,137825.84,3705.53,13658.42,0.00,IDR,1.0,Net 90,2025-06-04,2025-05-19,DDP,,cancelled,false,
PO00217,PO202400217,2024-10-01,PR00258,VEN002,ITM0028,5000.00,714.94,3890717.07,69532.32,385566.56,0.00,IDR,1.0,Net 15,2024-10-29,2024-10-21,FOB,CTR016,closed,false,
PO00218,PO202400218,2024-10-26,PR00259,VEN006,ITM0027,100.00,217.77,23567.97,544.94,2335.56,0.00,IDR,1.0,COD,2024-12-01,2024-11-25,FOB,CTR016,closed,false,
PO00219,PO202500219,2025-01-15,PR00260,VEN007,ITM0035,10.00,201872.77,2293431.54,6752.70,221317.25,60139.25,IDR,1.0,Net 45,2025-02-22,2025-02-13,CIF,CTR006,closed,false,
PO00220,PO202500220,2025-05-19,PR00261,VEN020,ITM0007,50.00,2117.99,112754.29,4319.08,11173.85,0.00,IDR,1.0,Net 45,2025-06-12,2025-06-01,EXW,CTR001,cancelled,false,
PO00221,PO202400221,2024-04-16,PR00262,VEN014,ITM0020,2.00,26899.69,60375.17,571.11,5855.11,1291.78,IDR,1.0,Net 45,2024-04-26,2024-04-24,FOB,CTR025,partial,false,
PO00222,PO202400222,2024-03-24,PR00263,VEN019,ITM0007,2.00,1671.09,3686.33,21.17,365.31,0.00,IDR,1.0,Net 15,2024-05-02,2024-04-19,EXW,,closed,false,
PO00223,PO202500223,2025-07-24,PR00264,VEN013,ITM0009,20.00,28317.81,625646.46,6537.33,61580.07,4247.60,IDR,1.0,Net 30,2025-08-04,2025-07-26,FOB,CTR015,closed,false,
PO00224,PO202500224,2025-10-25,PR00265,VEN011,ITM0024,1000.00,574.98,621498.49,15072.61,61589.94,0.00,IDR,1.0,Net 45,2025-11-27,2025-11-12,DDP,,closed,false,
PO00225,PO202400225,2024-09-15,PR00268,VEN028,ITM0036,10.00,1690.40,18008.59,680.04,1784.64,0.00,IDR,1.0,COD,2024-10-04,2024-10-04,DDP,CTR002,closed,false,
PO00226,PO202400226,2024-04-15,PR00269,VEN008,ITM0009,5.00,35532.39,188896.83,7933.52,18670.13,498.25,IDR,1.0,Net 45,2024-04-29,2024-04-19,CIF,CTR001,closed,false,
PO00227,PO202400227,2024-05-12,PR00270,VEN008,ITM0038,10.00,3351.20,36830.73,331.17,3649.89,0.00,IDR,1.0,Net 60,2024-06-17,2024-06-09,FOB,CTR009,closed,false,
PO00228,PO202400228,2024-03-27,PR00271,VEN003,ITM0014,2.00,15744.67,34330.99,707.03,3386.05,162.61,IDR,1.0,Net 90,2024-04-20,2024-04-15,FOB,CTR011,open,false,
PO00229,PO202400229,2024-08-23,PR00272,VEN028,ITM0035,50.00,191545.84,10609640.81,65211.76,1046328.82,51231.82,IDR,1.0,Net 90,2024-09-30,2024-09-05,FOB,,open,false,
PO00230,PO202400230,2024-10-09,PR00273,VEN001,ITM0022,50.00,22.46,1207.00,35.42,119.61,0.00,IDR,1.0,COD,2024-10-17,2024-10-14,EXW,CTR013,closed,false,
PO00231,PO202400231,2024-07-03,PR00274,VEN017,ITM0019,5.00,10060.43,55553.82,1019.08,5421.14,849.61,IDR,1.0,Net 45,2024-08-05,2024-07-20,EXW,CTR025,cancelled,false,
PO00232,PO202500232,2025-12-08,PR00275,VEN027,ITM0020,20.00,23471.60,519834.93,12406.52,50272.80,12536.72,IDR,1.0,COD,2025-12-15,2025-12-12,DDP,CTR025,closed,false,
PO00233,PO202500233,2025-02-13,PR00276,VEN024,ITM0019,40.00,9438.19,422620.45,769.76,41443.37,4419.16,IDR,1.0,Net 15,2025-03-16,2025-03-08,FOB,CTR025,partial,false,
PO00234,PO202400234,2024-01-24,PR00277,VEN013,ITM0031,1000.00,255.09,282334.98,733.68,27979.14,0.00,IDR,1.0,Net 60,2024-02-15,2024-01-30,EXW,CTR016,open,false,
PO00235,PO202500235,2025-12-29,PR00278,VEN015,ITM0034,10.00,19981.65,216652.82,8540.29,21040.39,4336.18,IDR,1.0,Net 30,2026-02-06,2026-01-18,DDP,CTR003,closed,false,
PO00236,PO202400236,2024-05-10,PR00279,VEN030,ITM0034,10.00,20894.63,228121.38,6678.85,22249.42,3604.50,IDR,1.0,Net 30,2024-06-20,2024-05-24,FOB,CTR003,closed,false,
PO00237,PO202400237,2024-09-10,PR00283,VEN012,ITM0022,500.00,48.16,26269.47,412.48,2603.28,0.00,IDR,1.0,Net 45,2024-10-17,2024-10-15,DDP,CTR013,closed,false,
PO00238,PO202400238,2024-03-19,PR00284,VEN019,ITM0037,2.00,43264.08,93915.29,2259.30,9269.57,376.87,IDR,1.0,Net 60,2024-05-02,2024-04-24,FOB,CTR002,closed,false,
PO00239,PO202400239,2024-09-15,PR00285,VEN025,ITM0010,10.00,24137.44,260538.01,11381.18,25299.25,5245.56,IDR,1.0,COD,2024-10-30,2024-10-27,CIF,CTR001,partial,false,
PO00240,PO202500240,2025-12-12,PR00286,VEN011,ITM0028,1000.00,614.72,654002.04,25529.79,64811.01,0.00,IDR,1.0,Net 45,2025-12-31,2025-12-22,FOB,CTR016,cancelled,false,
PO00241,PO202400241,2024-09-14,PR00287,VEN013,ITM0018,400.00,99.46,43996.71,149.31,4360.03,0.00,IDR,1.0,Net 15,2024-10-03,2024-10-16,FOB,CTR004,partial,false,
PO00242,PO202400242,2024-06-30,PR00288,VEN007,ITM0034,10.00,23580.74,254673.12,8995.66,24949.29,2912.08,IDR,1.0,Net 45,2024-08-14,2024-07-01,DDP,CTR003,closed,false,
PO00243,PO202400243,2024-05-21,PR00290,VEN015,ITM0006,50.00,6020.33,338917.89,1118.82,32988.77,6031.26,IDR,1.0,Net 60,2024-06-16,2024-05-22,EXW,CTR008,closed,false,
PO00244,PO202500244,2025-03-12,PR00293,VEN028,ITM0015,1000.00,8.61,9217.30,301.23,913.43,0.00,IDR,1.0,Net 90,2025-04-19,2025-04-06,FOB,CTR004,partial,false,
PO00245,PO202500245,2025-11-05,PR00294,VEN014,ITM0011,10.00,13779.15,147950.78,6578.79,14433.40,2304.67,IDR,1.0,COD,2025-11-29,2025-11-24,FOB,CTR011,closed,false,
PO00246,PO202400246,2024-10-25,PR00295,VEN029,ITM0020,10.00,25222.29,283043.52,2471.64,27472.64,5819.59,IDR,1.0,Net 15,2024-11-12,2024-11-08,FOB,CTR025,open,false,
PO00247,PO202400247,2024-06-11,PR00296,VEN007,ITM0037,40.00,48601.39,2158245.77,37924.09,209674.44,42440.01,IDR,1.0,Net 60,2024-07-17,2024-06-12,CIF,CTR006,closed,false,
PO00248,PO202500248,2025-03-20,PR00298,VEN022,ITM0006,20.00,5670.28,122663.71,4029.39,12031.38,1256.19,IDR,1.0,Net 30,2025-04-27,2025-04-13,FOB,CTR008,closed,false,
PO00249,PO202400249,2024-03-17,PR00299,VEN030,ITM0008,2000.00,443.56,966681.94,16239.25,95797.31,0.00,IDR,1.0,Net 45,2024-04-19,2024-04-19,DDP,,open,false,
PO00250,PO202500250,2025-01-27,PR00300,VEN020,ITM0025,5000.00,47.45,253246.31,9098.30,25096.48,0.00,IDR,1.0,Net 90,2025-02-13,2025-02-06,DDP,CTR013,partial,false,
PO00251,PO202400251,2024-06-10,PR00302,VEN003,ITM0040,2.00,3555.13,7549.66,308.76,748.16,0.00,IDR,1.0,Net 30,2024-06-30,2024-06-20,DDP,CTR009,closed,false,
PO00252,PO202500252,2025-04-08,PR00303,VEN024,ITM0029,50.00,118.38,6370.69,179.51,631.33,0.00,IDR,1.0,Net 15,2025-04-15,2025-04-09,FOB,,open,false,
PO00253,PO202500253,2025-06-15,PR00304,VEN006,ITM0030,400.00,282.38,122917.52,2216.68,12181.02,0.00,IDR,1.0,COD,2025-07-03,2025-06-18,DDP,CTR016,closed,false,
PO00254,PO202400254,2024-06-24,PR00305,VEN026,ITM0028,200.00,754.68,166516.03,921.89,16501.59,0.00,IDR,1.0,Net 15,2024-07-30,2024-07-25,EXW,CTR016,partial,false,
PO00255,PO202500255,2025-09-10,PR00306,VEN015,ITM0038,5.00,2502.69,13636.94,227.94,1351.41,0.00,IDR,1.0,Net 15,2025-09-20,2025-09-12,DDP,,closed,false,
PO00256,PO202500256,2025-08-09,PR00308,VEN011,ITM0037,50.00,39204.79,2139913.51,80688.27,206750.62,53611.83,IDR,1.0,COD,2025-09-11,2025-09-16,FOB,CTR002,closed,false,
PO00257,PO202500257,2025-04-22,PR00309,VEN002,ITM0009,20.00,29027.93,648892.12,5746.12,63229.38,10850.19,IDR,1.0,Net 15,2025-05-12,2025-05-10,CIF,CTR001,closed,false,
PO00258,PO202400258,2024-05-02,PR00310,VEN022,ITM0036,100.00,1175.22,129049.10,1261.11,12788.65,0.00,IDR,1.0,Net 15,2024-06-14,2024-05-10,FOB,CTR002,closed,false,
PO00259,PO202400259,2024-06-12,PR00311,VEN009,ITM0002,20.00,45278.14,1002506.59,20063.41,97404.94,19602.20,IDR,1.0,Net 30,2024-07-16,2024-06-13,EXW,CTR008,closed,false,
PO00260,PO202400260,2024-06-06,PR00312,VEN030,ITM0024,1000.00,655.28,723489.55,3486.91,71697.16,0.00,IDR,1.0,Net 60,2024-07-12,2024-06-13,FOB,,closed,false,
PO00261,PO202400261,2024-05-02,PR00313,VEN017,ITM0028,1000.00,287.76,315753.30,3297.57,31290.87,0.00,IDR,1.0,Net 30,2024-05-12,2024-05-06,EXW,CTR016,closed,false,
PO00262,PO202500262,2025-03-12,PR00314,VEN009,ITM0039,20.00,19483.63,434400.99,1121.88,42740.58,3109.64,IDR,1.0,Net 90,2025-04-15,2025-04-02,FOB,CTR009,closed,false,
PO00263,PO202500263,2025-12-01,PR00315,VEN018,ITM0016,2000.00,71.94,155490.11,3807.20,15408.93,0.00,IDR,1.0,Net 90,2025-12-22,2025-12-07,FOB,CTR018,closed,false,
PO00264,PO202400264,2024-10-29,PR00316,VEN013,ITM0012,40.00,18476.14,822140.00,15177.85,79625.46,18646.73,IDR,1.0,Net 15,2024-11-06,2024-11-02,FOB,,partial,false,
PO00265,PO202400265,2024-06-02,PR00318,VEN017,ITM0023,1000.00,41.00,45316.64,174.51,4490.84,0.00,IDR,1.0,COD,2024-07-04,2024-06-07,DDP,CTR013,closed,false,
PO00266,PO202400266,2024-10-30,PR00319,VEN008,ITM0023,5000.00,42.14,224787.23,8207.82,22276.21,0.00,IDR,1.0,Net 90,2024-12-13,2024-12-11,EXW,CTR013,closed,false,
PO00267,PO202500267,2025-04-14,PR00320,VEN017,ITM0029,2000.00,108.48,231439.95,8446.61,22935.49,0.00,IDR,1.0,Net 60,2025-05-25,2025-05-16,DDP,CTR016,closed,false,
PO00268,PO202500268,2025-11-08,PR00321,VEN021,ITM0039,250.00,20350.50,5671351.07,24012.46,556997.34,50741.53,IDR,1.0,Net 15,2025-11-16,2025-11-13,EXW,CTR009,closed,false,
PO00269,PO202500269,2025-09-02,PR00322,VEN016,ITM0005,50.00,1086.86,58985.03,1203.29,5845.36,0.00,IDR,1.0,Net 90,2025-10-12,2025-10-18,CIF,CTR021,partial,false,
PO00270,PO202500270,2025-07-02,PR00323,VEN023,ITM0020,4.00,22354.85,96250.77,3255.75,9478.00,609.13,IDR,1.0,COD,2025-08-12,2025-09-01,EXW,CTR025,closed,false,
PO00271,PO202500271,2025-07-04,PR00326,VEN015,ITM0037,2.00,43772.92,97380.04,806.85,9541.29,1099.75,IDR,1.0,Net 15,2025-07-29,2025-07-16,EXW,CTR002,closed,false,
PO00272,PO202500272,2025-03-16,PR00327,VEN020,ITM0021,1.00,6861.43,7501.11,177.12,735.27,81.53,IDR,1.0,Net 15,2025-04-23,2025-04-30,EXW,CTR025,closed,false,
PO00273,PO202400273,2024-04-23,PR00328,VEN007,ITM0004,100.00,10793.10,1198821.23,14286.13,117152.62,16644.78,IDR,1.0,Net 60,2024-05-08,2024-04-30,EXW,CTR008,partial,false,
PO00274,PO202500274,2025-12-11,PR00330,VEN014,ITM0011,50.00,13071.36,718919.37,19897.25,69703.77,15544.97,IDR,1.0,Net 45,2026-01-07,2025-12-27,CIF,CTR011,closed,false,
PO00275,PO202400275,2024-11-19,PR00331,VEN027,ITM0005,4.00,1221.03,5259.89,145.49,521.25,0.00,IDR,1.0,Net 45,2024-12-30,2024-12-21,DDP,CTR008,closed,false,
PO00276,PO202400276,2024-12-18,PR00332,VEN027,ITM0009,5.00,30856.29,166933.18,4569.76,16468.29,753.21,IDR,1.0,Net 45,2025-01-09,2024-12-21,DDP,,closed,false,
PO00277,PO202400277,2024-06-28,PR00333,VEN001,ITM0008,250.00,363.13,96754.26,3617.07,9588.26,0.00,IDR,1.0,Net 60,2024-07-08,2024-07-18,EXW,CTR001,closed,false,
PO00278,PO202500278,2025-09-24,PR00334,VEN002,ITM0007,500.00,1670.99,923129.70,3844.42,91481.32,0.00,IDR,1.0,Net 30,2025-10-26,2025-11-07,CIF,CTR001,open,false,
PO00279,PO202400279,2024-02-15,PR00335,VEN025,ITM0036,2.00,1360.94,2935.81,77.00,290.94,0.00,IDR,1.0,Net 90,2024-03-26,2024-04-19,FOB,CTR002,open,false,
PO00280,PO202500280,2025-09-30,PR00336,VEN003,ITM0002,40.00,40464.71,1788973.68,29232.26,174829.16,24788.52,IDR,1.0,Net 30,2025-11-05,2025-10-18,CIF,CTR008,closed,false,
PO00281,PO202400281,2024-03-05,PR00339,VEN030,ITM0015,250.00,8.47,2339.71,9.42,231.86,0.00,IDR,1.0,COD,2024-04-14,2024-03-21,CIF,CTR004,closed,false,
PO00282,PO202500282,2025-01-15,PR00340,VEN019,ITM0040,100.00,2914.08,323388.62,67.07,32047.52,0.00,IDR,1.0,Net 90,2025-02-07,2025-03-08,EXW,CTR009,closed,false,
PO00283,PO202500283,2025-01-17,PR00341,VEN009,ITM0017,50.00,116.07,6312.26,117.03,625.54,0.00,IDR,1.0,Net 15,2025-02-04,2025-01-26,EXW,CTR004,partial,false,
PO00284,PO202400284,2024-11-02,PR00342,VEN007,ITM0033,500.00,917.66,500028.54,8355.84,49552.38,0.00,IDR,1.0,Net 90,2024-11-19,2024-11-07,FOB,CTR003,closed,false,
PO00285,PO202400285,2024-05-12,PR00343,VEN013,ITM0033,400.00,605.70,255506.48,12092.24,25320.46,0.00,IDR,1.0,Net 30,2024-05-27,2024-05-22,EXW,CTR003,partial,false,
PO00286,PO202500286,2025-10-10,PR00344,VEN002,ITM0022,250.00,51.41,13822.00,399.72,1369.75,0.00,IDR,1.0,Net 60,2025-10-17,2025-10-11,FOB,,closed,false,
PO00287,PO202500287,2025-08-08,PR00345,VEN008,ITM0040,10.00,3639.77,39417.89,886.09,3906.28,0.00,IDR,1.0,COD,2025-08-15,2025-08-14,FOB,CTR009,partial,false,
PO00288,PO202500288,2025-08-06,PR00346,VEN019,ITM0020,50.00,25597.44,1426442.29,8319.67,139870.76,15019.16,IDR,1.0,Net 60,2025-08-19,2025-08-10,CIF,CTR025,closed,false,
PO00289,PO202500289,2025-10-14,PR00347,VEN018,ITM0035,2.00,214157.84,461824.44,18770.02,45050.02,7228.76,IDR,1.0,COD,2025-11-18,2025-10-25,DDP,,closed,false,
PO00290,PO202400290,2024-10-18,PR00348,VEN029,ITM0030,500.00,215.62,118645.83,921.32,11757.69,0.00,IDR,1.0,Net 60,2024-11-27,2024-11-20,FOB,CTR016,closed,false,
PO00291,PO202400291,2024-11-16,PR00349,VEN023,ITM0030,500.00,213.65,116941.19,1474.81,11588.77,0.00,IDR,1.0,Net 60,2024-11-26,2024-11-24,DDP,,open,false,
PO00292,PO202400292,2024-07-08,PR00350,VEN009,ITM0006,20.00,7365.06,158323.55,5261.55,15624.35,659.62,IDR,1.0,Net 45,2024-07-23,2024-07-23,FOB,CTR008,partial,false,
PO00293,PO202400293,2024-10-16,PR00351,VEN022,ITM0001,20.00,12633.73,284385.94,1132.73,27669.60,5174.54,IDR,1.0,Net 15,2024-10-27,2024-10-22,CIF,CTR008,closed,false,
PO00294,PO202400294,2024-07-15,PR00352,VEN026,ITM0006,5.00,7990.59,43684.04,1023.08,4282.28,471.90,IDR,1.0,Net 60,2024-07-25,2024-07-19,EXW,CTR008,open,false,
PO00295,PO202400295,2024-06-29,PR00354,VEN022,ITM0027,2000.00,138.16,303025.72,3317.17,30029.58,0.00,IDR,1.0,Net 60,2024-07-11,2024-07-08,CIF,CTR016,closed,false,
PO00296,PO202400296,2024-11-03,PR00357,VEN025,ITM0039,1.00,16781.53,18655.78,155.54,1828.86,200.93,IDR,1.0,Net 45,2024-11-30,2024-11-14,DDP,CTR009,closed,false,
PO00297,PO202500297,2025-02-28,PR00358,VEN002,ITM0019,20.00,9199.15,197602.79,7086.29,19458.64,1247.43,IDR,1.0,Net 15,2025-03-08,2025-03-01,EXW,CTR025,closed,false,
PO00298,PO202400298,2024-07-29,PR00359,VEN026,ITM0033,500.00,906.66,492377.90,9746.02,48794.21,0.00,IDR,1.0,Net 15,2024-08-25,2024-08-04,FOB,CTR003,closed,false,
PO00299,PO202500299,2025-02-10,PR00360,VEN022,ITM0034,5.00,11469.47,63051.26,1517.09,6141.33,1079.64,IDR,1.0,Net 30,2025-03-20,2025-03-24,EXW,CTR003,closed,false,
PO00300,PO202400300,2024-11-20,PR00362,VEN023,ITM0031,200.00,274.87,58093.67,2637.69,5757.03,0.00,IDR,1.0,COD,2024-12-07,2024-12-16,DDP,CTR016,closed,false,
PO00301,PO202500301,2025-05-19,PR00363,VEN030,ITM0028,2500.00,795.74,2098088.40,99182.99,207918.67,0.00,IDR,1.0,Net 60,2025-06-30,2025-07-30,CIF,CTR016,closed,false,
PO00302,PO202500302,2025-10-12,PR00364,VEN028,ITM0031,1000.00,382.83,408534.61,14780.48,40485.41,0.00,IDR,1.0,Net 15,2025-11-23,2025-10-12,DDP,CTR016,closed,false,
PO00303,PO202500303,2025-03-01,PR00365,VEN026,ITM0018,50.00,136.41,7564.54,5.77,749.64,0.00,IDR,1.0,Net 15,2025-03-13,2025-03-07,EXW,CTR004,closed,false,
PO00304,PO202500304,2025-09-29,PR00366,VEN004,ITM0032,1.00,8426.72,9246.56,206.69,904.20,122.32,IDR,1.0,Net 30,2025-11-13,2025-11-21,FOB,,closed,false,
PO00305,PO202500305,2025-06-05,PR00369,VEN001,ITM0004,10.00,8710.39,92567.82,4314.29,9106.85,671.39,IDR,1.0,Net 60,2025-06-14,2025-06-08,DDP,CTR008,closed,false,
PO00306,PO202500306,2025-10-12,PR00370,VEN005,ITM0023,100.00,41.32,4568.66,16.19,452.75,0.00,IDR,1.0,Net 60,2025-11-06,2025-10-31,EXW,CTR013,partial,false,
PO00307,PO202500307,2025-12-31,PR00371,VEN026,ITM0005,5.00,1516.03,8109.55,274.23,803.65,0.00,IDR,1.0,Net 45,2026-02-12,2026-02-03,EXW,CTR008,partial,false,
PO00308,PO202500308,2025-01-21,PR00372,VEN012,ITM0027,100.00,172.64,18325.45,755.01,1816.04,0.00,IDR,1.0,Net 30,2025-02-05,2025-01-27,DDP,CTR016,closed,false,
PO00309,PO202500309,2025-08-10,PR00373,VEN009,ITM0005,2.00,1477.77,3250.60,27.06,322.13,0.00,IDR,1.0,Net 90,2025-08-30,2025-08-10,DDP,CTR008,closed,false,
PO00310,PO202500310,2025-08-19,PR00374,VEN029,ITM0010,100.00,23539.47,2570723.43,98243.75,248127.32,66893.22,IDR,1.0,Net 45,2025-09-05,2025-08-27,DDP,CTR001,closed,false,
PO00311,PO202400311,2024-06-16,PR00375,VEN004,ITM0037,2.00,33137.20,71156.89,2479.96,7017.39,345.08,IDR,1.0,Net 15,2024-07-16,2024-06-18,CIF,CTR002,closed,false,
PO00312,PO202500312,2025-08-06,PR00376,VEN026,ITM0005,100.00,1452.85,159178.78,1881.03,15774.47,0.00,IDR,1.0,COD,2025-09-11,2025-08-12,DDP,CTR008,closed,false,
PO00313,PO202500313,2025-01-03,PR00377,VEN018,ITM0015,500.00,8.66,4690.93,105.13,464.87,0.00,IDR,1.0,Net 15,2025-01-22,2025-01-05,FOB,CTR018,closed,false,
PO00314,PO202400314,2024-07-01,PR00379,VEN016,ITM0008,1000.00,295.92,316318.30,10949.64,31346.86,0.00,IDR,1.0,Net 30,2024-08-11,2024-08-20,DDP,CTR001,closed,false,
PO00315,PO202500315,2025-05-20,PR00380,VEN014,ITM0011,40.00,13741.74,619377.83,5749.63,59831.21,15626.48,IDR,1.0,COD,2025-06-16,2025-05-28,DDP,CTR011,partial,false,
PO00316,PO202500316,2025-11-30,PR00381,VEN014,ITM0011,500.00,13569.30,7475072.73,225277.68,721531.13,194167.64,IDR,1.0,Net 30,2026-01-03,2025-12-21,FOB,CTR011,closed,false,
PO00317,PO202500317,2025-07-01,PR00382,VEN023,ITM0015,100.00,6.35,683.77,18.49,67.76,0.00,IDR,1.0,COD,2025-07-28,2025-07-18,EXW,,closed,false,
PO00318,PO202500318,2025-07-17,PR00383,VEN021,ITM0025,200.00,46.61,10262.82,76.02,1017.04,0.00,IDR,1.0,Net 60,2025-08-27,2025-07-24,FOB,CTR013,closed,false,
PO00319,PO202500319,2025-12-31,PR00384,VEN014,ITM0011,1.00,13400.14,14889.53,129.57,1459.76,159.21,IDR,1.0,Net 30,2026-01-07,2025-12-31,CIF,CTR011,closed,false,
PO00320,PO202500320,2025-08-01,PR00385,VEN002,ITM0004,25.00,9176.62,252645.02,7283.94,24434.46,6079.09,IDR,1.0,COD,2025-09-02,2025-08-30,EXW,,closed,false,
PO00321,PO202500321,2025-12-20,PR00386,VEN024,ITM0033,1000.00,971.56,1032254.90,41597.22,102295.53,0.00,IDR,1.0,Net 60,2026-01-11,2026-01-08,DDP,,closed,false,
PO00322,PO202500322,2025-12-22,PR00387,VEN023,ITM0010,500.00,18396.34,10087679.30,277023.17,981326.38,185204.04,IDR,1.0,Net 15,2025-12-29,2026-01-24,FOB,CTR001,closed,false,
PO00323,PO202500323,2025-10-25,PR00388,VEN018,ITM0002,25.00,39697.87,1058314.29,42029.12,104545.93,3350.83,IDR,1.0,Net 90,2025-11-16,2025-11-08,CIF,CTR008,closed,false,
PO00324,PO202500324,2025-02-07,PR00389,VEN006,ITM0021,5.00,17457.88,94759.27,3818.62,9181.78,2106.72,IDR,1.0,Net 60,2025-03-16,2025-03-13,DDP,CTR025,closed,false,
PO00325,PO202400325,2024-01-18,PR00391,VEN013,ITM0023,500.00,28.32,15019.80,629.12,1488.45,0.00,IDR,1.0,Net 30,2024-01-28,2024-01-22,CIF,CTR013,cancelled,false,
PO00326,PO202400326,2024-05-29,PR00393,VEN020,ITM0023,500.00,41.48,22765.56,231.09,2256.05,0.00,IDR,1.0,Net 90,2024-06-25,2024-06-25,CIF,CTR013,closed,false,
PO00327,PO202400327,2024-05-10,PR00394,VEN030,ITM0006,20.00,7990.89,178998.44,1445.91,17420.91,3205.59,IDR,1.0,Net 45,2024-06-08,2024-06-06,EXW,CTR008,closed,false,
PO00328,PO202500328,2025-05-10,PR00395,VEN008,ITM0031,200.00,381.08,83190.37,1270.42,8244.09,0.00,IDR,1.0,Net 90,2025-06-18,2025-05-24,DDP,CTR016,closed,false,
PO00329,PO202500329,2025-08-23,PR00396,VEN013,ITM0012,1.00,55510.43,59817.55,1902.78,5896.84,313.06,IDR,1.0,Net 60,2025-09-23,2025-09-22,CIF,CTR011,closed,false,
PO00330,PO202400330,2024-09-25,PR00397,VEN002,ITM0022,50.00,52.85,2835.98,87.68,281.04,0.00,IDR,1.0,Net 60,2024-10-20,2024-10-04,EXW,CTR013,open,false,
PO00331,PO202400331,2024-08-29,PR00400,VEN014,ITM0011,1.00,13774.98,15619.85,54.95,1509.20,390.63,IDR,1.0,Net 60,2024-10-11,2024-08-30,CIF,CTR011,closed,false,
PO00332,PO202500332,2025-02-16,PR00401,VEN024,ITM0021,100.00,18451.90,1967286.69,79126.29,194267.06,6955.46,IDR,1.0,COD,2025-03-25,2025-03-08,DDP,CTR025,closed,false,
PO00333,PO202400333,2024-12-17,PR00402,VEN016,ITM0034,5.00,15240.77,84513.12,2074.85,8154.19,2229.94,IDR,1.0,Net 90,2024-12-29,2024-12-21,EXW,CTR014,closed,false,
PO00334,PO202500334,2025-10-11,PR00405,VEN018,ITM0022,200.00,63.48,13908.07,167.15,1378.28,0.00,IDR,1.0,Net 60,2025-11-04,2025-10-27,EXW,CTR013,closed,false,
PO00335,PO202500335,2025-07-01,PR00406,VEN020,ITM0018,200.00,137.04,28963.58,1315.42,2870.27,0.00,IDR,1.0,Net 30,2025-07-14,2025-07-14,FOB,CTR004,closed,false,
PO00336,PO202500336,2025-10-29,PR00407,VEN008,ITM0033,2500.00,941.21,2491225.15,108690.29,246878.17,0.00,IDR,1.0,Net 30,2025-11-15,2025-11-05,EXW,CTR003,closed,false,
PO00337,PO202400337,2024-11-03,PR00408,VEN027,ITM0016,2000.00,60.16,132339.06,1102.99,13114.68,0.00,IDR,1.0,Net 60,2024-11-15,2024-12-14,EXW,CTR004,closed,false,
PO00338,PO202400338,2024-03-22,PR00409,VEN018,ITM0010,1.00,25702.45,28129.45,402.23,2783.02,46.21,IDR,1.0,Net 90,2024-04-13,2024-04-09,DDP,CTR001,closed,false,
PO00339,PO202500339,2025-07-05,PR00410,VEN021,ITM0005,2.00,1414.43,3076.13,57.58,304.84,0.00,IDR,1.0,Net 45,2025-07-26,2025-07-14,CIF,CTR008,partial,false,
PO00340,PO202400340,2024-11-04,PR00411,VEN026,ITM0029,50.00,116.72,6366.02,100.65,630.87,0.00,IDR,1.0,Net 15,2024-12-03,2024-11-15,FOB,,closed,false,
PO00341,PO202500341,2025-05-12,PR00413,VEN024,ITM0033,50.00,877.41,46354.08,2110.06,4593.65,0.00,IDR,1.0,Net 15,2025-05-27,2025-05-22,EXW,CTR003,closed,false,
PO00342,PO202400342,2024-02-02,PR00415,VEN018,ITM0002,10.00,42763.65,462921.81,20418.47,44793.98,10909.79,IDR,1.0,Net 90,2024-03-16,2024-03-13,DDP,,closed,false,
PO00343,PO202400343,2024-10-07,PR00416,VEN030,ITM0002,20.00,43226.23,947383.79,26114.22,92225.14,16748.31,IDR,1.0,Net 15,2024-10-30,2024-10-11,EXW,CTR008,cancelled,false,
PO00344,PO202400344,2024-06-02,PR00417,VEN023,ITM0013,200.00,666.65,143923.00,3670.17,14262.64,0.00,IDR,1.0,Net 60,2024-06-10,2024-07-05,CIF,CTR011,partial,false,
PO00345,PO202500345,2025-07-27,PR00418,VEN016,ITM0005,1.00,987.94,1065.90,27.66,105.63,0.00,IDR,1.0,Net 45,2025-09-07,2025-08-02,FOB,CTR021,closed,false,
PO00346,PO202400346,2024-03-03,PR00419,VEN006,ITM0039,5.00,18729.86,100846.97,4233.32,9835.76,1595.22,IDR,1.0,Net 15,2024-04-06,2024-03-08,EXW,,closed,false,
PO00347,PO202500347,2025-01-25,PR00420,VEN021,ITM0020,5.00,27522.87,153880.89,2127.02,14903.61,3489.95,IDR,1.0,Net 60,2025-02-16,2025-02-07,CIF,,cancelled,false,
PO00348,PO202400348,2024-06-16,PR00421,VEN024,ITM0007,20.00,2164.81,46996.67,956.84,4657.33,0.00,IDR,1.0,Net 60,2024-07-11,2024-06-18,CIF,CTR001,closed,false,
PO00349,PO202400349,2024-11-16,PR00422,VEN010,ITM0014,250.00,10896.68,3005170.93,37649.71,295517.30,23132.70,IDR,1.0,Net 30,2024-11-30,2024-11-27,FOB,CTR011,open,false,
PO00350,PO202400350,2024-04-06,PR00423,VEN019,ITM0018,1000.00,123.53,132135.82,4485.30,13094.54,0.00,IDR,1.0,Net 45,2024-04-14,2024-04-12,DDP,,closed,false,
PO00351,PO202500351,2025-12-31,PR00424,VEN015,ITM0039,10.00,16912.01,180928.31,6601.39,17877.06,532.54,IDR,1.0,Net 15,2026-01-31,2026-02-07,FOB,CTR009,partial,false,
PO00352,PO202400352,2024-05-20,PR00426,VEN025,ITM0039,5.00,15566.86,86255.87,1888.12,8354.08,1955.59,IDR,1.0,Net 30,2024-06-24,2024-06-24,FOB,CTR009,partial,false,
PO00353,PO202400353,2024-06-22,PR00427,VEN007,ITM0019,50.00,10304.40,556003.02,15965.23,54918.05,1829.97,IDR,1.0,COD,2024-07-22,2024-07-22,EXW,CTR025,closed,false,
PO00354,PO202500354,2025-05-06,PR00428,VEN007,ITM0014,200.00,16230.00,3536500.45,131380.17,342608.23,79271.95,IDR,1.0,Net 60,2025-05-27,2025-05-09,DDP,CTR011,closed,false,
PO00355,PO202400355,2024-09-09,PR00430,VEN024,ITM0021,1.00,19121.73,20456.61,702.10,2026.16,10.82,IDR,1.0,Net 60,2024-10-04,2024-10-02,EXW,CTR025,closed,false,
PO00356,PO202500356,2025-05-16,PR00431,VEN015,ITM0033,500.00,736.43,394299.87,12992.14,39074.76,0.00,IDR,1.0,Net 15,2025-06-03,2025-05-21,DDP,CTR003,closed,false,
PO00357,PO202500357,2025-04-01,PR00432,VEN022,ITM0025,200.00,32.14,6886.63,223.05,682.46,0.00,IDR,1.0,Net 60,2025-05-11,2025-05-30,CIF,CTR013,closed,false,
PO00358,PO202400358,2024-01-27,PR00433,VEN025,ITM0039,5.00,15807.74,87066.76,1871.99,8488.34,1411.74,IDR,1.0,Net 90,2024-03-05,2024-02-18,FOB,CTR009,closed,false,
PO00359,PO202400359,2024-03-02,PR00434,VEN005,ITM0012,5.00,25880.45,144811.21,1869.54,14028.60,3249.87,IDR,1.0,Net 90,2024-04-14,2024-03-04,DDP,CTR011,partial,false,
PO00360,PO202500360,2025-01-20,PR00437,VEN028,ITM0008,2500.00,463.86,1272743.18,13038.36,126127.70,0.00,IDR,1.0,Net 90,2025-02-06,2025-02-24,CIF,CTR001,partial,false,
PO00361,PO202500361,2025-03-16,PR00438,VEN013,ITM0029,200.00,82.57,17640.53,622.22,1748.16,0.00,IDR,1.0,Net 30,2025-04-02,2025-03-16,CIF,CTR016,partial,false,
PO00362,PO202400362,2024-10-22,PR00439,VEN019,ITM0003,2.00,2563.25,5413.45,249.51,536.47,0.00,IDR,1.0,Net 30,2024-11-12,2024-11-24,FOB,CTR008,open,false,
PO00363,PO202500363,2025-09-28,PR00440,VEN026,ITM0001,20.00,16105.79,357917.86,909.04,35332.74,1378.43,IDR,1.0,Net 90,2025-10-30,2025-10-28,EXW,CTR008,closed,false,
PO00364,PO202400364,2024-06-03,PR00442,VEN021,ITM0033,100.00,964.81,106071.28,921.65,10511.57,0.00,IDR,1.0,Net 15,2024-06-16,2024-06-14,FOB,CTR003,closed,false,
PO00365,PO202400365,2024-10-24,PR00443,VEN012,ITM0009,1.00,31926.08,35286.78,316.51,3477.05,200.15,IDR,1.0,Net 45,2024-11-10,2024-11-10,FOB,CTR001,closed,false,
PO00366,PO202500366,2025-07-16,PR00444,VEN026,ITM0033,1000.00,947.84,1011128.58,36914.56,100201.93,0.00,IDR,1.0,Net 60,2025-08-11,2025-08-09,EXW,CTR003,closed,false,
PO00367,PO202400367,2024-12-03,PR00445,VEN014,ITM0036,50.00,1591.74,85278.04,2760.18,8450.98,0.00,IDR,1.0,Net 30,2024-12-18,2024-12-03,EXW,CTR002,partial,false,
PO00368,PO202400368,2024-09-11,PR00446,VEN023,ITM0013,50.00,590.23,32575.86,163.64,3228.24,0.00,IDR,1.0,Net 15,2024-10-14,2024-10-18,CIF,CTR011,closed,false,
PO00369,PO202400369,2024-08-16,PR00447,VEN028,ITM0014,2.00,17435.21,38223.37,830.98,3744.34,439.60,IDR,1.0,Net 30,2024-09-19,2024-08-29,CIF,CTR011,closed,false,
PO00370,PO202500370,2025-09-26,PR00448,VEN023,ITM0013,1000.00,653.54,711334.68,12702.33,70492.63,0.00,IDR,1.0,Net 60,2025-10-31,2025-09-26,EXW,,partial,false,
PO00371,PO202400371,2024-05-03,PR00450,VEN008,ITM0018,50.00,133.46,7328.19,70.82,726.22,0.00,IDR,1.0,Net 30,2024-06-04,2024-05-08,EXW,CTR004,closed,false,
PO00372,PO202500372,2025-07-15,PR00451,VEN024,ITM0034,5.00,8341.44,45919.09,604.87,4521.25,295.52,IDR,1.0,Net 90,2025-08-18,2025-07-17,EXW,CTR003,closed,false,
PO00373,PO202500373,2025-03-20,PR00452,VEN018,ITM0008,2500.00,471.60,1259516.04,44296.63,124816.90,0.00,IDR,1.0,COD,2025-04-22,2025-03-30,DDP,CTR001,closed,false,
PO00374,PO202400374,2024-04-30,PR00453,VEN009,ITM0004,20.00,10971.82,242870.61,6340.40,23440.57,6333.97,IDR,1.0,Net 30,2024-06-06,2024-06-06,FOB,CTR008,open,false,
PO00375,PO202400375,2024-02-06,PR00454,VEN020,ITM0020,2.00,27863.51,60668.56,1701.06,5942.86,699.73,IDR,1.0,Net 30,2024-03-08,2024-02-10,DDP,CTR025,partial,false,
PO00376,PO202500376,2025-11-05,PR00455,VEN023,ITM0004,20.00,7220.02,158140.33,5455.48,15283.94,3911.51,IDR,1.0,Net 30,2025-11-18,2025-11-18,CIF,CTR008,open,false,
PO00377,PO202500377,2025-04-01,PR00456,VEN001,ITM0014,10.00,14265.96,159819.94,2327.13,15436.57,4050.93,IDR,1.0,Net 15,2025-04-09,2025-04-09,EXW,CTR011,closed,false,
PO00378,PO202400378,2024-06-24,PR00457,VEN013,ITM0026,50.00,99.19,5284.01,199.14,523.64,0.00,IDR,1.0,Net 90,2024-07-12,2024-07-04,DDP,CTR013,closed,false,
PO00379,PO202400379,2024-01-20,PR00458,VEN008,ITM0010,2.00,25917.69,56494.04,2188.65,5461.14,1386.18,IDR,1.0,Net 60,2024-01-29,2024-01-23,FOB,CTR001,closed,false,
PO00380,PO202500380,2025-02-24,PR00460,VEN020,ITM0030,1000.00,281.95,310947.51,1815.90,30814.62,0.00,IDR,1.0,Net 90,2025-03-29,2025-03-25,DDP,CTR016,closed,false,
PO00381,PO202500381,2025-05-03,PR00461,VEN018,ITM0026,200.00,148.43,31722.20,1107.34,3143.64,0.00,IDR,1.0,COD,2025-05-15,2025-05-05,FOB,CTR013,closed,false,
PO00382,PO202500382,2025-07-15,PR00464,VEN027,ITM0022,2500.00,49.67,131783.98,5460.06,13059.67,0.00,IDR,1.0,Net 30,2025-08-21,2025-07-30,DDP,CTR013,closed,false,
PO00383,PO202500383,2025-06-16,PR00465,VEN014,ITM0011,10.00,14893.60,164037.52,1335.50,16236.05,201.01,IDR,1.0,Net 15,2025-07-14,2025-07-09,FOB,CTR011,closed,false,
PO00384,PO202500384,2025-10-14,PR00467,VEN021,ITM0031,200.00,343.62,76003.66,252.13,7531.89,0.00,IDR,1.0,Net 60,2025-11-22,2025-11-05,FOB,CTR016,closed,false,
PO00385,PO202400385,2024-02-02,PR00468,VEN019,ITM0001,2.00,13218.28,28894.14,520.35,2850.78,127.15,IDR,1.0,Net 15,2024-02-11,2024-02-07,DDP,CTR008,closed,false,
PO00386,PO202400386,2024-12-25,PR00469,VEN003,ITM0022,1000.00,64.32,69585.31,1625.86,6895.84,0.00,IDR,1.0,COD,2025-02-05,2024-12-27,FOB,CTR013,closed,false,
PO00387,PO202500387,2025-08-03,PR00470,VEN018,ITM0022,100.00,56.54,6126.14,134.57,607.10,0.00,IDR,1.0,Net 60,2025-09-02,2025-08-12,FOB,CTR013,closed,false,
PO00388,PO202500388,2025-07-31,PR00472,VEN012,ITM0009,5.00,30890.53,172794.36,998.27,16879.98,2459.98,IDR,1.0,Net 15,2025-08-12,2025-08-06,FOB,CTR001,closed,false,
PO00389,PO202400389,2024-06-17,PR00473,VEN011,ITM0017,1000.00,88.69,96165.11,2055.26,9529.88,0.00,IDR,1.0,Net 90,2024-07-12,2024-06-25,CIF,CTR010,cancelled,false,
PO00390,PO202400390,2024-03-15,PR00474,VEN020,ITM0036,2.00,1613.30,3551.45,27.08,351.95,0.00,IDR,1.0,Net 15,2024-04-14,2024-03-30,DDP,CTR002,closed,false,
PO00391,PO202400391,2024-11-29,PR00475,VEN025,ITM0010,1.00,22145.89,24447.96,384.08,2393.80,292.35,IDR,1.0,Net 30,2024-12-29,2024-12-07,EXW,CTR001,closed,false,
PO00392,PO202400392,2024-03-26,PR00476,VEN004,ITM0030,5000.00,198.49,1071519.88,27141.13,106186.65,0.00,IDR,1.0,Net 30,2024-04-25,2024-03-27,DDP,CTR016,cancelled,false,
PO00393,PO202500393,2025-04-30,PR00477,VEN018,ITM0006,50.00,7350.86,411160.72,3908.85,39999.77,7526.68,IDR,1.0,Net 45,2025-06-12,2025-06-27,CIF,CTR008,closed,false,
PO00394,PO202400394,2024-07-18,PR00478,VEN020,ITM0016,200.00,73.54,16212.70,101.70,1606.66,0.00,IDR,1.0,Net 60,2024-08-25,2024-08-25,FOB,CTR004,closed,false,
PO00395,PO202500395,2025-04-28,PR00479,VEN023,ITM0037,10.00,35810.23,384707.61,12975.95,37963.90,1617.35,IDR,1.0,Net 45,2025-06-05,2025-05-27,DDP,CTR002,partial,false,
PO00396,PO202500396,2025-01-22,PR00480,VEN020,ITM0022,200.00,58.78,12553.64,445.89,1244.05,0.00,IDR,1.0,COD,2025-02-08,2025-02-04,FOB,,closed,false,
PO00397,PO202500397,2025-12-31,PR00482,VEN026,ITM0039,100.00,18344.49,2031014.32,23596.51,199193.77,20968.08,IDR,1.0,Net 45,2026-01-13,2026-01-08,FOB,CTR009,partial,false,
PO00398,PO202500398,2025-12-31,PR00483,VEN014,ITM0029,100.00,115.14,12199.90,523.32,1209.00,0.00,IDR,1.0,Net 45,2026-01-20,2026-01-20,EXW,CTR016,closed,false,
PO00399,PO202500399,2025-11-18,PR00484,VEN015,ITM0020,20.00,25793.29,562992.74,11472.19,55483.30,3115.79,IDR,1.0,Net 30,2025-11-28,2025-11-18,FOB,CTR025,closed,false,
PO00400,PO202500400,2025-05-26,PR00485,VEN013,ITM0034,25.00,15606.22,430302.71,8094.26,42026.74,6214.65,IDR,1.0,Net 45,2025-06-20,2025-06-06,EXW,,closed,false,
PO00401,PO202500401,2025-07-25,PR00486,VEN014,ITM0035,250.00,188828.64,52754694.62,500775.34,5137702.20,910608.75,IDR,1.0,Net 30,2025-08-12,2025-08-04,CIF,CTR002,closed,false,
PO00402,PO202500402,2025-05-02,PR00487,VEN029,ITM0037,2.00,41767.00,91036.58,3216.37,8834.94,1884.01,IDR,1.0,Net 90,2025-05-28,2025-05-31,CIF,CTR002,closed,false,
PO00403,PO202400403,2024-10-14,PR00489,VEN015,ITM0002,1.00,34861.66,38122.45,1197.04,3703.11,754.72,IDR,1.0,Net 45,2024-10-21,2024-10-16,DDP,CTR008,closed,false,
PO00404,PO202400404,2024-07-16,PR00491,VEN013,ITM0025,100.00,31.97,3506.95,37.66,347.54,0.00,IDR,1.0,Net 90,2024-08-01,2024-07-31,FOB,,closed,false,
PO00405,PO202500405,2025-11-18,PR00492,VEN026,ITM0018,200.00,136.22,29493.71,673.08,2922.80,0.00,IDR,1.0,Net 30,2025-12-30,2025-12-11,DDP,CTR004,closed,false,
PO00406,PO202500406,2025-12-31,PR00493,VEN005,ITM0006,1.00,7321.63,8129.60,178.81,785.71,201.07,IDR,1.0,Net 90,2026-02-14,2026-01-07,CIF,,closed,false,
PO00407,PO202500407,2025-04-10,PR00494,VEN023,ITM0016,5000.00,48.22,257330.83,9253.14,25501.25,0.00,IDR,1.0,Net 90,2025-04-19,2025-04-11,CIF,CTR004,closed,false,
PO00408,PO202400408,2024-11-11,PR00495,VEN021,ITM0004,1.00,11379.57,12230.33,499.76,1196.78,153.74,IDR,1.0,Net 90,2024-12-22,2024-11-20,EXW,CTR008,cancelled,false,
PO00409,PO202500409,2025-11-18,PR00499,VEN008,ITM0015,200.00,7.86,1690.01,49.70,167.48,0.00,IDR,1.0,Net 60,2025-12-29,2025-11-23,FOB,CTR004,closed,false,
PO00410,PO202400410,2024-08-21,PR00500,VEN027,ITM0020,20.00,23886.68,531760.17,6894.07,51792.34,9128.37,IDR,1.0,Net 45,2024-09-09,2024-08-21,EXW,CTR025,closed,false,
PO00411,PO202500411,2025-05-15,PR00501,VEN014,ITM0025,1000.00,46.69,51722.14,92.49,5125.62,0.00,IDR,1.0,Net 45,2025-06-19,2025-07-09,EXW,CTR013,closed,false,
PO00412,PO202500412,2025-08-15,PR00503,VEN025,ITM0032,20.00,10167.79,221169.35,9428.53,21332.01,5910.01,IDR,1.0,COD,2025-09-11,2025-08-20,FOB,CTR003,closed,false,
PO00413,PO202500413,2025-08-01,PR00504,VEN010,ITM0001,4.00,11481.16,50470.84,1187.29,4921.11,812.38,IDR,1.0,Net 60,2025-08-21,2025-08-01,EXW,CTR008,closed,false,
PO00414,PO202400414,2024-10-06,PR00505,VEN019,ITM0014,1.00,13275.93,14646.05,199.93,1438.36,131.70,IDR,1.0,Net 90,2024-10-16,2024-10-14,DDP,CTR011,closed,false,
PO00415,PO202400415,2024-03-05,PR00506,VEN023,ITM0013,200.00,685.42,145620.43,5894.02,14430.85,0.00,IDR,1.0,Net 90,2024-03-27,2024-03-21,CIF,,closed,false,
PO00416,PO202400416,2024-04-26,PR00507,VEN018,ITM0017,100.00,106.18,11589.67,176.93,1148.53,0.00,IDR,1.0,Net 45,2024-05-22,2024-05-08,DDP,CTR018,partial,false,
PO00417,PO202400417,2024-12-08,PR00509,VEN013,ITM0025,1000.00,33.22,36578.26,264.50,3624.87,0.00,IDR,1.0,Net 90,2025-01-01,2025-01-16,CIF,CTR013,closed,false,
PO00418,PO202400418,2024-07-26,PR00510,VEN016,ITM0025,500.00,36.86,20056.86,362.46,1987.62,0.00,IDR,1.0,COD,2024-08-11,2024-08-10,FOB,CTR013,closed,false,
PO00419,PO202400419,2024-04-30,PR00511,VEN016,ITM0002,25.00,32571.58,913749.24,7998.74,88691.99,18766.45,IDR,1.0,Net 90,2024-06-01,2024-05-17,CIF,CTR021,open,false,
PO00420,PO202500420,2025-09-08,PR00512,VEN022,ITM0006,100.00,5065.10,564523.13,2720.88,55416.83,5316.90,IDR,1.0,COD,2025-09-16,2025-09-11,FOB,CTR008,closed,false,
PO00421,PO202500421,2025-06-30,PR00513,VEN002,ITM0019,20.00,8961.49,200679.68,2791.96,19408.17,4833.61,IDR,1.0,Net 45,2025-07-09,2025-07-08,DDP,CTR025,closed,false,
PO00422,PO202400422,2024-08-23,PR00514,VEN010,ITM0022,200.00,43.96,9702.33,51.00,961.49,0.00,IDR,1.0,Net 45,2024-09-05,2024-08-27,CIF,CTR013,partial,false,
PO00423,PO202400423,2024-05-15,PR00515,VEN028,ITM0030,50.00,276.51,14857.61,440.45,1472.38,0.00,IDR,1.0,Net 60,2024-05-29,2024-05-21,EXW,,closed,false,
PO00424,PO202500424,2025-03-03,PR00516,VEN009,ITM0036,100.00,1736.97,187735.36,4565.72,18604.41,0.00,IDR,1.0,Net 60,2025-04-06,2025-03-21,CIF,CTR002,cancelled,false,
PO00425,PO202400425,2024-03-30,PR00517,VEN019,ITM0007,10.00,1961.77,21358.92,375.47,2116.65,0.00,IDR,1.0,Net 30,2024-05-06,2024-04-01,EXW,,partial,false,
PO00426,PO202400426,2024-04-15,PR00518,VEN021,ITM0001,10.00,17096.32,189173.45,1220.89,18671.65,759.50,IDR,1.0,Net 45,2024-05-27,2024-04-15,CIF,CTR008,closed,false,
PO00427,PO202400427,2024-04-14,PR00519,VEN012,ITM0016,200.00,61.29,12975.52,567.91,1285.86,0.00,IDR,1.0,Net 30,2024-04-25,2024-04-18,EXW,,closed,false,
PO00428,PO202500428,2025-04-25,PR00520,VEN010,ITM0030,100.00,204.56,22575.15,118.04,2237.18,0.00,IDR,1.0,Net 45,2025-05-08,2025-05-05,DDP,CTR016,partial,false,
PO00429,PO202500429,2025-09-07,PR00521,VEN018,ITM0002,50.00,44195.30,2384715.54,83545.25,233884.18,24611.57,IDR,1.0,Net 30,2025-09-19,2025-09-09,CIF,CTR008,closed,false,
PO00430,PO202400430,2024-08-13,PR00522,VEN009,ITM0033,500.00,872.80,477767.71,5976.62,47346.35,0.00,IDR,1.0,Net 90,2024-08-28,2024-08-23,DDP,CTR003,partial,false,
PO00431,PO202400431,2024-06-21,PR00524,VEN002,ITM0015,2500.00,6.83,18876.83,74.31,1870.68,0.00,IDR,1.0,Net 90,2024-08-01,2024-08-09,CIF,CTR004,closed,false,
PO00432,PO202400432,2024-05-04,PR00525,VEN006,ITM0038,40.00,3163.72,140454.71,13.05,13918.94,0.00,IDR,1.0,Net 15,2024-05-12,2024-05-09,CIF,CTR009,closed,false,
PO00433,PO202400433,2024-01-31,PR00526,VEN024,ITM0023,250.00,42.66,11400.11,394.65,1129.74,0.00,IDR,1.0,COD,2024-02-25,2024-02-11,FOB,CTR013,closed,false,
PO00434,PO202400434,2024-04-08,PR00527,VEN006,ITM0037,50.00,49007.73,2659962.15,83282.83,260381.38,32477.35,IDR,1.0,Net 90,2024-05-15,2024-04-21,CIF,CTR002,closed,false,
PO00435,PO202400435,2024-04-25,PR00528,VEN020,ITM0010,100.00,9699.92,1062307.44,18429.33,104671.89,6072.88,IDR,1.0,Net 90,2024-06-05,2024-05-01,DDP,CTR001,closed,false,
PO00436,PO202400436,2024-10-08,PR00529,VEN027,ITM0002,100.00,36031.83,4034469.03,62231.69,389504.61,104013.37,IDR,1.0,Net 45,2024-11-15,2024-11-29,DDP,CTR008,closed,false,
PO00437,PO202500437,2025-03-07,PR00531,VEN029,ITM0029,200.00,94.57,20477.07,466.65,2029.26,0.00,IDR,1.0,COD,2025-03-14,2025-03-12,DDP,CTR016,open,false,
PO00438,PO202400438,2024-08-23,PR00532,VEN005,ITM0034,20.00,21146.40,463171.35,13325.19,45056.30,8512.30,IDR,1.0,COD,2024-09-26,2024-08-30,CIF,,closed,false,
PO00439,PO202400439,2024-09-04,PR00533,VEN022,ITM0029,5000.00,56.99,311872.93,3988.40,30906.33,0.00,IDR,1.0,Net 15,2024-09-14,2024-09-07,FOB,,closed,false,
PO00440,PO202500440,2025-07-07,PR00534,VEN017,ITM0014,20.00,17083.60,374771.50,11738.20,36292.72,8544.92,IDR,1.0,Net 45,2025-08-16,2025-07-13,DDP,CTR011,closed,false,
PO00441,PO202500441,2025-12-31,PR00536,VEN004,ITM0006,25.00,5336.55,143017.64,5769.06,14040.90,1332.16,IDR,1.0,COD,2026-01-20,2026-01-08,EXW,CTR008,closed,false,
PO00442,PO202400442,2024-11-15,PR00537,VEN022,ITM0026,1000.00,99.39,107478.01,2561.43,10650.97,0.00,IDR,1.0,Net 45,2024-12-02,2024-12-19,DDP,,open,false,
PO00443,PO202400443,2024-12-22,PR00540,VEN021,ITM0031,1000.00,367.71,388481.71,17729.50,38498.19,0.00,IDR,1.0,Net 60,2025-01-28,2025-01-19,DDP,CTR016,closed,false,
PO00444,PO202500444,2025-02-16,PR00541,VEN010,ITM0027,1000.00,135.37,147411.38,2571.18,14608.33,0.00,IDR,1.0,Net 15,2025-03-18,2025-03-02,CIF,CTR016,cancelled,false,
PO00445,PO202400445,2024-05-10,PR00542,VEN003,ITM0038,10.00,3278.55,34739.96,1488.25,3442.70,0.00,IDR,1.0,Net 60,2024-05-19,2024-05-11,CIF,,closed,false,
PO00446,PO202400446,2024-08-26,PR00543,VEN017,ITM0019,5.00,9893.05,54478.51,593.74,5375.86,231.15,IDR,1.0,Net 45,2024-09-07,2024-09-02,DDP,CTR025,partial,false,
PO00447,PO202400447,2024-11-23,PR00544,VEN023,ITM0003,5.00,2413.34,13298.08,86.42,1317.83,0.00,IDR,1.0,Net 30,2024-12-25,2025-01-03,CIF,CTR008,partial,false,
PO00448,PO202500448,2025-09-25,PR00545,VEN019,ITM0039,10.00,16052.56,180580.46,1846.97,17454.65,4447.18,IDR,1.0,Net 15,2025-10-16,2025-10-08,DDP,CTR009,closed,false,
PO00449,PO202400449,2024-04-08,PR00546,VEN010,ITM0037,500.00,36967.19,20239599.40,558814.81,1971725.88,343092.80,IDR,1.0,Net 60,2024-04-23,2024-04-11,DDP,CTR002,closed,false,
PO00450,PO202400450,2024-03-30,PR00548,VEN029,ITM0026,500.00,133.16,71264.41,2377.31,7062.24,0.00,IDR,1.0,COD,2024-04-06,2024-04-02,FOB,CTR013,closed,false,
PO00451,PO202500451,2025-05-09,PR00550,VEN023,ITM0013,1000.00,684.74,749812.59,9236.15,74305.75,0.00,IDR,1.0,Net 15,2025-05-27,2025-05-23,EXW,CTR011,partial,false,
PO00452,PO202500452,2025-07-03,PR00551,VEN016,ITM0003,500.00,2149.98,1146374.74,42220.04,113604.70,0.00,IDR,1.0,Net 90,2025-08-06,2025-07-31,EXW,CTR021,closed,false,
PO00453,PO202400453,2024-02-20,PR00552,VEN029,ITM0035,20.00,174023.25,3747667.48,151849.37,366147.72,52904.10,IDR,1.0,Net 60,2024-04-02,2024-03-05,DDP,CTR002,partial,false,
PO00454,PO202500454,2025-08-01,PR00554,VEN025,ITM0002,40.00,38032.78,1672577.93,43140.17,162598.82,31808.02,IDR,1.0,Net 90,2025-08-22,2025-09-09,EXW,CTR008,partial,false,
PO00455,PO202500455,2025-01-27,PR00555,VEN023,ITM0009,1.00,60246.50,66097.85,2173.55,6388.03,1636.86,IDR,1.0,Net 30,2025-02-12,2025-02-07,CIF,CTR001,closed,false,
PO00456,PO202500456,2025-02-06,PR00556,VEN007,ITM0034,4.00,22586.55,99285.52,3155.51,9590.97,2503.87,IDR,1.0,Net 90,2025-02-21,2025-02-09,DDP,CTR003,closed,false,
PO00457,PO202400457,2024-09-20,PR00557,VEN013,ITM0012,5.00,16998.55,93944.33,2540.06,9069.80,2421.84,IDR,1.0,Net 90,2024-10-28,2024-11-09,CIF,CTR011,open,false,
PO00458,PO202400458,2024-12-11,PR00558,VEN022,ITM0006,1.00,5258.01,5789.34,95.12,567.92,58.54,IDR,1.0,Net 90,2025-01-16,2024-12-15,FOB,,closed,false,
PO00459,PO202400459,2024-03-27,PR00559,VEN014,ITM0011,20.00,14153.68,313360.58,7207.53,30345.27,7149.19,IDR,1.0,Net 45,2024-04-08,2024-04-07,CIF,CTR011,closed,false,
PO00460,PO202400460,2024-05-20,PR00560,VEN016,ITM0029,1000.00,72.55,79282.71,1123.35,7856.85,0.00,IDR,1.0,Net 60,2024-05-30,2024-05-25,DDP,CTR016,closed,false,
PO00461,PO202400461,2024-07-25,PR00562,VEN004,ITM0021,2.00,12634.51,27049.11,1062.68,2662.70,180.09,IDR,1.0,COD,2024-08-06,2024-08-05,DDP,CTR025,closed,false,
PO00462,PO202500462,2025-05-12,PR00563,VEN009,ITM0016,2000.00,69.93,154155.01,991.45,15276.62,0.00,IDR,1.0,Net 90,2025-06-10,2025-06-07,DDP,,closed,false,
PO00463,PO202500463,2025-04-10,PR00564,VEN013,ITM0023,2500.00,27.26,72526.28,2804.67,7187.29,0.00,IDR,1.0,Net 30,2025-04-27,2025-05-06,EXW,CTR013,partial,false,
PO00464,PO202500464,2025-12-27,PR00565,VEN014,ITM0030,100.00,282.09,30468.46,759.73,3019.40,0.00,IDR,1.0,COD,2026-01-27,2026-01-26,CIF,CTR016,closed,false,
PO00465,PO202400465,2024-12-18,PR00566,VEN013,ITM0012,100.00,17419.29,1949221.37,7138.08,190827.05,23602.93,IDR,1.0,Net 45,2025-01-26,2025-01-17,FOB,,closed,false,
PO00466,PO202500466,2025-05-03,PR00567,VEN020,ITM0038,2.00,3141.07,6888.36,76.41,682.63,0.00,IDR,1.0,Net 90,2025-05-22,2025-05-08,EXW,CTR009,cancelled,false,
PO00467,PO202500467,2025-01-25,PR00568,VEN013,ITM0012,50.00,19621.59,1090554.30,636.13,107848.77,2262.17,IDR,1.0,Net 90,2025-02-23,2025-02-15,CIF,CTR011,closed,false,
PO00468,PO202400468,2024-03-28,PR00569,VEN014,ITM0011,20.00,14474.70,307926.22,12911.09,30424.12,919.21,IDR,1.0,Net 60,2024-04-08,2024-04-08,FOB,CTR011,closed,false,
PO00469,PO202400469,2024-03-09,PR00570,VEN013,ITM0035,5.00,138434.51,763586.27,18042.05,74154.36,15301.41,IDR,1.0,COD,2024-03-18,2024-03-15,DDP,CTR002,closed,false,
PO00470,PO202400470,2024-12-02,PR00571,VEN014,ITM0006,50.00,7494.13,410744.59,12109.37,39885.66,8262.00,IDR,1.0,Net 60,2024-12-15,2024-12-10,CIF,CTR008,partial,false,
PO00471,PO202500471,2025-08-10,PR00572,VEN010,ITM0020,200.00,19845.32,4239408.18,194459.28,415206.53,49596.84,IDR,1.0,Net 60,2025-08-17,2025-08-14,CIF,,closed,false,
PO00472,PO202400472,2024-08-01,PR00573,VEN022,ITM0005,1.00,1116.17,1190.91,43.27,118.02,0.00,IDR,1.0,COD,2024-08-30,2024-08-18,FOB,CTR008,closed,false,
PO00473,PO202500473,2025-10-31,PR00574,VEN010,ITM0010,1.00,16982.86,18129.92,766.38,1783.81,129.61,IDR,1.0,Net 30,2025-12-09,2025-11-23,CIF,CTR001,closed,false,
PO00474,PO202500474,2025-07-26,PR00575,VEN026,ITM0034,10.00,22797.55,247478.33,6263.03,24388.37,1377.49,IDR,1.0,Net 30,2025-09-08,2025-08-16,DDP,CTR003,closed,false,
PO00475,PO202400475,2024-02-16,PR00576,VEN015,ITM0007,5.00,1876.28,10373.46,35.92,1028.00,0.00,IDR,1.0,Net 15,2024-03-26,2024-02-17,EXW,CTR001,closed,false,
PO00476,PO202400476,2024-01-20,PR00577,VEN011,ITM0018,500.00,229.18,120958.09,5616.75,11986.84,0.00,IDR,1.0,Net 15,2024-02-11,2024-02-11,CIF,CTR010,closed,false,
PO00477,PO202400477,2024-02-23,PR00578,VEN023,ITM0013,50.00,324.90,17249.37,705.23,1709.40,0.00,IDR,1.0,Net 15,2024-04-01,2024-03-27,CIF,CTR011,closed,false,
PO00478,PO202500478,2025-10-05,PR00579,VEN017,ITM0026,100.00,153.93,16828.66,232.01,1667.71,0.00,IDR,1.0,Net 60,2025-11-10,2025-11-01,CIF,,closed,false,
PO00479,PO202400479,2024-01-29,PR00581,VEN016,ITM0016,100.00,48.92,5374.10,50.87,532.57,0.00,IDR,1.0,COD,2024-03-13,2024-01-31,EXW,CTR012,closed,false,
PO00480,PO202400480,2024-12-07,PR00582,VEN012,ITM0028,500.00,638.04,341085.63,11733.68,33801.28,0.00,IDR,1.0,Net 60,2025-01-20,2025-02-13,FOB,CTR016,closed,false,
PO00481,PO202500481,2025-04-11,PR00583,VEN016,ITM0020,50.00,20570.04,1124462.12,19174.56,111026.00,4108.88,IDR,1.0,Net 90,2025-05-09,2025-05-30,FOB,CTR025,closed,false,
PO00482,PO202500482,2025-05-07,PR00584,VEN019,ITM0040,4.00,2776.67,12019.98,277.86,1191.17,0.00,IDR,1.0,Net 45,2025-05-30,2025-05-16,EXW,CTR009,closed,false,
PO00483,PO202500483,2025-07-21,PR00588,VEN012,ITM0022,250.00,54.52,14378.38,676.56,1424.88,0.00,IDR,1.0,COD,2025-08-01,2025-07-27,CIF,CTR013,closed,false,
PO00484,PO202400484,2024-04-04,PR00589,VEN016,ITM0010,200.00,20265.33,4523022.71,11933.45,444524.48,37366.65,IDR,1.0,Net 30,2024-05-09,2024-04-09,FOB,CTR001,closed,false,
PO00485,PO202400485,2024-12-06,PR00590,VEN024,ITM0036,5.00,1774.03,9658.51,168.77,957.15,0.00,IDR,1.0,COD,2024-12-18,2024-12-18,CIF,CTR002,partial,false,
PO00486,PO202500486,2025-12-31,PR00591,VEN012,ITM0032,100.00,11570.83,1275660.40,36687.91,123243.47,32021.71,IDR,1.0,Net 15,2026-01-29,2026-01-24,FOB,,closed,false,
PO00487,PO202500487,2025-12-10,PR00594,VEN002,ITM0022,2000.00,22.46,48579.96,1146.27,4814.23,0.00,IDR,1.0,Net 15,2026-01-10,2025-12-25,FOB,,closed,false,
PO00488,PO202400488,2024-10-10,PR00595,VEN029,ITM0029,100.00,101.79,11257.12,37.37,1115.57,0.00,IDR,1.0,Net 15,2024-10-24,2024-10-22,EXW,CTR016,closed,false,
PO00489,PO202400489,2024-05-09,PR00596,VEN016,ITM0026,5000.00,96.61,512053.70,21764.17,50744.06,0.00,IDR,1.0,Net 30,2024-06-18,2024-05-24,EXW,CTR013,closed,false,
PO00490,PO202500490,2025-03-14,PR00597,VEN008,ITM0036,4.00,1659.30,7011.66,320.37,694.85,0.00,IDR,1.0,Net 30,2025-03-25,2025-03-18,CIF,CTR002,closed,false,
PO00491,PO202400491,2024-12-21,PR00598,VEN025,ITM0023,2500.00,36.02,99531.34,386.61,9863.47,0.00,IDR,1.0,Net 15,2025-01-17,2025-01-10,EXW,CTR013,closed,false,
PO00492,PO202500492,2025-02-24,PR00599,VEN019,ITM0004,5.00,9442.61,50597.19,1763.10,4999.49,147.77,IDR,1.0,Net 60,2025-03-23,2025-03-09,CIF,CTR008,closed,false,
PO00493,PO202400493,2024-12-06,PR00600,VEN030,ITM0026,50.00,152.19,8083.02,327.55,801.02,0.00,IDR,1.0,Net 15,2025-01-13,2024-12-26,CIF,CTR013,closed,false,
PO00494,PO202400494,2024-02-02,PR00601,VEN019,ITM0040,2.00,2704.24,5874.51,116.13,582.16,0.00,IDR,1.0,Net 60,2024-03-14,2024-02-17,DDP,CTR009,closed,false,
PO00495,PO202500495,2025-10-15,PR00602,VEN025,ITM0015,1000.00,7.01,7596.59,163.49,752.82,0.00,IDR,1.0,Net 30,2025-10-25,2025-10-20,CIF,CTR004,closed,false,
PO00496,PO202500496,2025-02-08,PR00603,VEN011,ITM0033,1000.00,771.90,815392.24,37311.20,80804.64,0.00,IDR,1.0,Net 60,2025-03-22,2025-03-17,DDP,CTR003,partial,false,
PO00497,PO202500497,2025-03-26,PR00604,VEN024,ITM0014,50.00,17088.94,951486.79,5318.32,93404.18,8953.74,IDR,1.0,Net 60,2025-05-08,2025-03-28,EXW,CTR011,closed,false,
PO00498,PO202500498,2025-03-24,PR00605,VEN015,ITM0025,2500.00,41.14,109772.24,3963.35,10878.33,0.00,IDR,1.0,COD,2025-04-27,2025-04-08,DDP,CTR013,closed,false,
PO00499,PO202500499,2025-07-30,PR00606,VEN025,ITM0018,50.00,109.85,5837.37,233.73,578.48,0.00,IDR,1.0,Net 45,2025-08-26,2025-08-23,FOB,CTR004,closed,false,
PO00500,PO202400500,2024-05-24,PR00608,VEN013,ITM0034,1.00,15939.96,17116.54,689.52,1677.55,188.56,IDR,1.0,Net 60,2024-06-28,2024-07-21,EXW,CTR003,closed,false,
PO00501,PO202400501,2024-01-19,PR00609,VEN002,ITM0010,10.00,21361.93,235948.09,2594.77,23212.70,1710.85,IDR,1.0,Net 30,2024-02-01,2024-01-26,DDP,,closed,false,
PO00502,PO202500502,2025-11-08,PR00610,VEN004,ITM0028,200.00,608.40,129353.62,5144.32,12818.83,0.00,IDR,1.0,Net 90,2025-12-20,2025-11-27,CIF,,closed,false,
PO00503,PO202400503,2024-03-08,PR00611,VEN020,ITM0015,1000.00,8.44,9305.44,60.03,922.16,0.00,IDR,1.0,Net 90,2024-04-13,2024-04-06,EXW,CTR004,closed,false,
PO00504,PO202400504,2024-06-22,PR00612,VEN019,ITM0028,5000.00,690.80,3664217.03,152906.92,363120.61,0.00,IDR,1.0,Net 60,2024-07-04,2024-06-27,CIF,CTR016,closed,false,
PO00505,PO202500505,2025-08-09,PR00613,VEN019,ITM0006,50.00,6359.43,357410.06,905.96,34877.22,5467.17,IDR,1.0,Net 30,2025-08-24,2025-08-21,DDP,,closed,false,
PO00506,PO202500506,2025-05-13,PR00614,VEN028,ITM0028,1000.00,725.94,776685.64,26226.98,76968.85,0.00,IDR,1.0,Net 90,2025-06-10,2025-05-28,EXW,CTR016,closed,false,
PO00507,PO202500507,2025-05-10,PR00616,VEN016,ITM0037,10.00,34336.38,370165.82,16194.29,35988.64,7007.71,IDR,1.0,Net 45,2025-06-23,2025-06-11,EXW,CTR002,closed,false,
PO00508,PO202400508,2024-09-10,PR00617,VEN026,ITM0027,2500.00,440.96,1177197.57,41851.65,116659.22,0.00,IDR,1.0,Net 60,2024-09-24,2024-09-19,FOB,CTR016,closed,false,
PO00509,PO202500509,2025-02-12,PR00619,VEN007,ITM0009,5.00,35182.40,188953.15,7283.00,18549.19,1774.94,IDR,1.0,COD,2025-03-21,2025-03-05,FOB,CTR001,closed,false,
PO00510,PO202400510,2024-11-05,PR00620,VEN011,ITM0024,2500.00,559.70,1483335.53,62920.00,146997.21,0.00,IDR,1.0,COD,2024-12-02,2024-11-18,CIF,CTR013,cancelled,false,
PO00511,PO202500511,2025-07-06,PR00621,VEN017,ITM0037,250.00,50521.05,14102426.79,115409.84,1376633.73,210940.99,IDR,1.0,Net 30,2025-08-12,2025-07-26,DDP,,closed,false,
PO00512,PO202500512,2025-06-14,PR00622,VEN009,ITM0024,100.00,582.73,61744.97,2647.20,6118.87,0.00,IDR,1.0,Net 60,2025-07-09,2025-07-09,EXW,CTR013,closed,false,
PO00513,PO202500513,2025-09-30,PR00623,VEN013,ITM0009,40.00,25866.30,1113226.44,50461.59,108260.95,20775.07,IDR,1.0,Net 30,2025-10-15,2025-10-04,CIF,,partial,false,
PO00514,PO202400514,2024-10-16,PR00625,VEN029,ITM0002,200.00,38410.68,8601880.37,68300.80,837521.78,150524.21,IDR,1.0,Net 90,2024-11-20,2024-11-12,CIF,CTR008,closed,false,
PO00515,PO202500515,2025-09-10,PR00626,VEN012,ITM0025,200.00,40.51,8781.13,190.75,870.20,0.00,IDR,1.0,Net 90,2025-09-20,2025-09-10,FOB,CTR013,closed,false,
PO00516,PO202500516,2025-09-30,PR00627,VEN008,ITM0003,1.00,3079.84,3350.93,60.98,332.07,0.00,IDR,1.0,Net 30,2025-10-23,2025-10-10,FOB,CTR008,cancelled,false,
PO00517,PO202400517,2024-01-12,PR00628,VEN009,ITM0034,4.00,21247.33,90787.72,3387.89,8976.16,210.14,IDR,1.0,Net 60,2024-02-03,2024-01-12,CIF,CTR003,closed,false,
PO00518,PO202400518,2024-11-03,PR00629,VEN003,ITM0027,2500.00,216.59,587717.31,11990.06,58242.26,0.00,IDR,1.0,Net 60,2024-11-27,2024-11-10,CIF,CTR016,closed,false,
PO00519,PO202500519,2025-05-14,PR00632,VEN008,ITM0016,50.00,67.87,3635.07,118.47,360.23,0.00,IDR,1.0,Net 60,2025-05-30,2025-05-23,FOB,CTR004,closed,false,
PO00520,PO202400520,2024-09-25,PR00633,VEN016,ITM0003,1.00,2365.53,2595.46,27.28,257.21,0.00,IDR,1.0,COD,2024-10-10,2024-10-26,DDP,CTR021,partial,false,
PO00521,PO202500521,2025-03-22,PR00634,VEN002,ITM0021,50.00,15324.56,829131.49,35110.89,80422.87,17591.61,IDR,1.0,Net 90,2025-04-04,2025-04-02,FOB,CTR025,closed,false,
PO00522,PO202500522,2025-12-31,PR00635,VEN003,ITM0023,1000.00,41.08,45243.93,321.66,4483.63,0.00,IDR,1.0,Net 30,2026-02-11,2026-02-11,CIF,CTR013,closed,false,
PO00523,PO202500523,2025-03-30,PR00636,VEN025,ITM0034,10.00,19597.42,215912.58,5498.91,20952.28,4485.03,IDR,1.0,Net 30,2025-04-11,2025-04-04,EXW,CTR003,closed,false,
PO00524,PO202400524,2024-03-04,PR00637,VEN027,ITM0034,20.00,20732.61,461307.29,2233.55,45366.06,3522.53,IDR,1.0,Net 90,2024-03-20,2024-03-07,CIF,,closed,false,
PO00525,PO202500525,2025-08-23,PR00638,VEN019,ITM0014,25.00,15035.73,421397.05,5773.97,40713.13,10564.54,IDR,1.0,Net 30,2025-09-30,2025-09-09,DDP,,cancelled,false,
PO00526,PO202400526,2024-11-17,PR00639,VEN025,ITM0027,200.00,174.11,38405.18,221.80,3805.92,0.00,IDR,1.0,Net 30,2024-12-02,2024-11-26,DDP,,closed,false,
PO00527,PO202500527,2025-06-03,PR00640,VEN011,ITM0001,1.00,12823.95,14080.62,250.65,1383.06,124.25,IDR,1.0,COD,2025-06-28,2025-06-07,EXW,,closed,false,
PO00528,PO202500528,2025-02-09,PR00641,VEN027,ITM0005,10.00,1303.33,13897.02,513.48,1377.18,0.00,IDR,1.0,COD,2025-03-24,2025-02-16,CIF,CTR008,partial,false,
PO00529,PO202400529,2024-03-05,PR00642,VEN009,ITM0015,1000.00,7.75,8408.96,174.55,833.32,0.00,IDR,1.0,COD,2024-04-04,2024-03-23,DDP,CTR004,open,false,
PO00530,PO202400530,2024-05-08,PR00643,VEN015,ITM0010,10.00,21805.86,242252.18,1161.63,23858.67,1496.49,IDR,1.0,Net 15,2024-06-02,2024-05-28,FOB,CTR001,closed,false,
PO00531,PO202500531,2025-05-15,PR00644,VEN008,ITM0026,5000.00,139.60,751559.83,20920.75,74478.90,0.00,IDR,1.0,COD,2025-06-15,2025-06-01,DDP,CTR013,closed,false,
PO00532,PO202400532,2024-04-13,PR00645,VEN021,ITM0015,100.00,8.21,898.15,12.06,89.01,0.00,IDR,1.0,Net 60,2024-05-11,2024-04-26,CIF,CTR004,closed,false,
PO00533,PO202500533,2025-12-27,PR00646,VEN024,ITM0014,1.00,15930.27,17059.95,662.28,1679.48,112.48,IDR,1.0,Net 90,2026-01-16,2026-02-15,CIF,CTR011,closed,false,
PO00534,PO202500534,2025-11-05,PR00647,VEN015,ITM0036,1.00,1469.86,1593.82,33.99,157.95,0.00,IDR,1.0,Net 45,2025-11-19,2025-11-25,DDP,CTR002,closed,false,
PO00535,PO202400535,2024-10-30,PR00648,VEN012,ITM0021,2.00,15831.02,35096.20,84.85,3473.49,45.51,IDR,1.0,Net 30,2024-11-13,2024-11-10,DDP,,partial,false,
PO00536,PO202400536,2024-02-01,PR00649,VEN017,ITM0036,20.00,1580.42,34625.02,414.70,3431.31,0.00,IDR,1.0,Net 30,2024-03-10,2024-03-01,DDP,CTR002,closed,false,
PO00537,PO202400537,2024-02-21,PR00650,VEN017,ITM0006,10.00,7840.64,85633.22,1660.49,8442.06,445.21,IDR,1.0,Net 15,2024-04-05,2024-03-21,CIF,CTR008,closed,false,
PO00538,PO202400538,2024-05-14,PR00651,VEN008,ITM0039,100.00,19388.21,2096676.52,72414.29,205304.79,24964.53,IDR,1.0,Net 15,2024-06-24,2024-05-21,FOB,CTR009,partial,false,
PO00539,PO202500539,2025-09-12,PR00653,VEN001,ITM0010,5.00,23206.72,129030.04,1853.49,12559.81,2290.13,IDR,1.0,COD,2025-10-25,2025-11-11,CIF,CTR001,open,false,
PO00540,PO202400540,2024-05-15,PR00655,VEN010,ITM0036,2.00,1253.12,2648.17,120.49,262.43,0.00,IDR,1.0,Net 45,2024-05-29,2024-05-22,CIF,CTR002,closed,false,
PO00541,PO202400541,2024-08-06,PR00656,VEN001,ITM0009,2.00,28771.32,64633.45,451.74,6280.00,1262.55,IDR,1.0,Net 60,2024-09-04,2024-08-27,EXW,CTR001,closed,false,
PO00542,PO202400542,2024-09-01,PR00657,VEN005,ITM0029,1000.00,105.63,114807.84,2194.59,11377.35,0.00,IDR,1.0,Net 90,2024-09-22,2024-09-14,DDP,CTR016,partial,false,
PO00543,PO202500543,2025-04-21,PR00658,VEN015,ITM0038,4.00,2503.40,10915.76,179.58,1081.74,0.00,IDR,1.0,Net 60,2025-04-29,2025-04-27,DDP,CTR009,cancelled,false,
PO00544,PO202400544,2024-04-11,PR00659,VEN023,ITM0013,100.00,670.50,72919.37,1356.38,7226.24,0.00,IDR,1.0,Net 60,2024-04-30,2024-04-12,EXW,CTR011,closed,false,
PO00545,PO202400545,2024-03-25,PR00660,VEN018,ITM0018,200.00,138.54,29574.86,1064.23,2930.84,0.00,IDR,1.0,Net 15,2024-04-24,2024-03-30,EXW,,open,false,
PO00546,PO202400546,2024-08-28,PR00663,VEN020,ITM0034,50.00,23283.61,1259789.31,52533.88,122281.15,25861.35,IDR,1.0,Net 15,2024-09-19,2024-09-15,CIF,CTR003,closed,false,
PO00547,PO202400547,2024-06-28,PR00664,VEN028,ITM0036,40.00,1690.67,73892.48,1057.12,7322.68,0.00,IDR,1.0,Net 15,2024-07-21,2024-07-07,FOB,CTR002,partial,false,
PO00548,PO202500548,2025-09-03,PR00665,VEN001,ITM0026,1000.00,136.48,146449.57,4544.78,14513.02,0.00,IDR,1.0,COD,2025-09-14,2025-09-11,EXW,CTR013,partial,false,
PO00549,PO202500549,2025-12-04,PR00666,VEN016,ITM0001,10.00,11568.44,123440.73,5517.77,12118.33,1155.79,IDR,1.0,Net 30,2025-12-22,2025-12-08,DDP,CTR021,closed,false,
PO00550,PO202400550,2024-09-25,PR00667,VEN007,ITM0004,10.00,10209.44,112435.89,2098.41,10999.56,1440.34,IDR,1.0,Net 30,2024-10-14,2024-10-04,EXW,CTR008,partial,false,
PO00551,PO202500551,2025-11-11,PR00668,VEN027,ITM0001,1.00,34279.98,38400.92,555.06,3709.74,966.26,IDR,1.0,COD,2025-12-09,2025-11-24,FOB,CTR008,closed,false,
PO00552,PO202500552,2025-08-13,PR00669,VEN009,ITM0004,1.00,11017.52,11768.89,425.97,1165.07,12.27,IDR,1.0,Net 15,2025-09-18,2025-08-17,CIF,CTR008,closed,false,
PO00553,PO202500553,2025-07-18,PR00670,VEN025,ITM0016,50.00,61.47,3324.65,78.52,329.47,0.00,IDR,1.0,Net 15,2025-08-23,2025-08-04,EXW,CTR004,open,false,
PO00554,PO202400554,2024-08-16,PR00671,VEN027,ITM0034,100.00,19895.48,2194545.75,56490.04,212636.34,48851.77,IDR,1.0,Net 30,2024-09-19,2024-09-30,EXW,CTR003,closed,false,
PO00555,PO202500555,2025-08-11,PR00673,VEN017,ITM0026,500.00,139.06,75682.48,1346.05,7500.07,0.00,IDR,1.0,Net 15,2025-09-12,2025-08-11,DDP,CTR013,closed,false,
PO00556,PO202400556,2024-05-06,PR00674,VEN005,ITM0017,200.00,109.99,23571.84,761.25,2335.95,0.00,IDR,1.0,Net 15,2024-06-07,2024-05-12,DDP,CTR004,closed,false,
PO00557,PO202500557,2025-12-31,PR00675,VEN014,ITM0019,100.00,9317.23,1009547.12,26337.29,99592.39,4569.33,IDR,1.0,Net 15,2026-01-21,2026-01-19,CIF,,closed,false,
PO00558,PO202500558,2025-10-05,PR00676,VEN028,ITM0039,2.00,20169.91,44657.41,425.97,4390.52,353.04,IDR,1.0,Net 15,2025-11-04,2025-11-02,CIF,CTR009,closed,false,
PO00559,PO202500559,2025-05-23,PR00677,VEN010,ITM0030,1000.00,199.48,218288.63,2825.07,21632.21,0.00,IDR,1.0,Net 30,2025-06-21,2025-05-31,DDP,CTR016,closed,false,
PO00560,PO202500560,2025-12-09,PR00678,VEN012,ITM0034,200.00,20230.11,4438774.46,140231.08,429637.04,103346.10,IDR,1.0,Net 30,2025-12-18,2025-12-25,CIF,CTR003,closed,false,
PO00561,PO202400561,2024-05-24,PR00679,VEN016,ITM0019,40.00,7782.98,340202.40,5229.37,33669.86,442.88,IDR,1.0,Net 60,2024-06-22,2024-07-14,DDP,CTR025,closed,false,
PO00562,PO202500562,2025-01-02,PR00680,VEN025,ITM0029,50.00,92.66,5135.68,6.30,508.94,0.00,IDR,1.0,Net 45,2025-01-26,2025-01-18,CIF,CTR016,closed,false,
PO00563,PO202400563,2024-05-15,PR00681,VEN028,ITM0016,250.00,73.18,20129.21,161.24,1994.79,0.00,IDR,1.0,Net 15,2024-06-22,2024-06-10,EXW,CTR004,closed,false,
PO00564,PO202400564,2024-04-18,PR00682,VEN016,ITM0001,50.00,11650.42,656652.71,836.57,63985.28,10983.06,IDR,1.0,COD,2024-05-28,2024-04-26,DDP,,closed,false,
PO00565,PO202500565,2025-12-10,PR00683,VEN015,ITM0019,1.00,9041.42,10039.42,236.41,968.55,265.86,IDR,1.0,Net 45,2026-01-14,2026-02-09,DDP,CTR025,closed,false,
PO00566,PO202500566,2025-04-04,PR00684,VEN015,ITM0018,100.00,126.75,13469.93,539.54,1334.86,0.00,IDR,1.0,Net 90,2025-05-12,2025-04-06,EXW,,closed,false,
PO00567,PO202400567,2024-12-18,PR00685,VEN030,ITM0029,200.00,117.79,25598.29,496.28,2536.77,0.00,IDR,1.0,Net 60,2025-01-19,2025-01-16,EXW,CTR016,closed,false,
PO00568,PO202500568,2025-11-06,PR00687,VEN014,ITM0011,20.00,14211.66,306611.75,9860.18,30181.03,2057.77,IDR,1.0,COD,2025-12-14,2025-11-30,EXW,,closed,false,
PO00569,PO202400569,2024-08-20,PR00688,VEN001,ITM0030,5000.00,219.58,1196088.56,20358.29,118531.30,0.00,IDR,1.0,Net 60,2024-08-28,2024-09-10,DDP,CTR016,closed,false,
PO00570,PO202500570,2025-11-26,PR00690,VEN020,ITM0005,4.00,1462.40,6206.80,257.88,615.09,0.00,IDR,1.0,Net 90,2025-12-15,2025-12-13,CIF,,cancelled,false,
PO00571,PO202500571,2025-01-06,PR00691,VEN006,ITM0016,400.00,71.51,31471.39,251.76,3118.79,0.00,IDR,1.0,Net 15,2025-01-18,2025-01-06,CIF,CTR004,partial,false,
PO00572,PO202500572,2025-12-31,PR00693,VEN007,ITM0005,10.00,1379.25,15183.08,114.08,1504.63,0.00,IDR,1.0,Net 30,2026-01-20,2026-01-07,EXW,,closed,false,
PO00573,PO202500573,2025-03-28,PR00695,VEN025,ITM0015,100.00,7.01,769.69,7.21,76.28,0.00,IDR,1.0,Net 45,2025-04-05,2025-03-31,EXW,CTR004,open,false,
PO00574,PO202400574,2024-09-18,PR00696,VEN025,ITM0025,500.00,42.29,23001.51,421.75,2279.43,0.00,IDR,1.0,Net 90,2024-09-26,2024-09-22,DDP,CTR013,closed,false,
PO00575,PO202400575,2024-04-20,PR00697,VEN017,ITM0021,10.00,19260.35,210912.77,5147.49,20620.16,2836.59,IDR,1.0,Net 60,2024-05-31,2024-05-25,CIF,CTR025,partial,false,
PO00576,PO202400576,2024-12-11,PR00698,VEN011,ITM0023,250.00,38.06,10435.71,114.44,1034.17,0.00,IDR,1.0,Net 30,2024-12-20,2024-12-14,EXW,CTR013,closed,false,
PO00577,PO202400577,2024-09-23,PR00699,VEN005,ITM0006,10.00,7110.39,78462.38,633.76,7751.72,240.49,IDR,1.0,Net 60,2024-10-13,2024-09-25,FOB,,closed,false,
PO00578,PO202500578,2025-12-27,PR00700,VEN012,ITM0025,500.00,43.37,23660.88,366.39,2344.77,0.00,IDR,1.0,COD,2026-01-25,2026-01-21,FOB,CTR013,closed,false,
PO00579,PO202500579,2025-04-27,PR00701,VEN023,ITM0009,250.00,23926.15,6720962.06,56518.33,651752.18,144190.04,IDR,1.0,Net 60,2025-05-05,2025-05-05,CIF,CTR001,closed,true,
PO00580,PO202500580,2025-04-28,PR00701,VEN023,ITM0009,250.00,23926.15,6476751.66,242641.41,631278.64,106576.26,IDR,1.0,Net 60,2025-05-21,2025-05-21,EXW,CTR001,closed,true,PO00579
PO00581,PO202500581,2025-06-26,PR00702,VEN004,ITM0001,50.00,11360.62,610609.24,25829.71,59642.16,8765.64,IDR,1.0,Net 90,2025-07-08,2025-07-06,DDP,CTR008,closed,false,
PO00582,PO202400582,2024-10-04,PR00703,VEN010,ITM0037,200.00,35471.44,7776866.29,252890.75,752553.77,182914.59,IDR,1.0,Net 15,2024-11-11,2024-11-08,CIF,,closed,false,
PO00583,PO202400583,2024-04-24,PR00704,VEN005,ITM0036,5.00,1753.08,9382.93,312.29,929.84,0.00,IDR,1.0,Net 30,2024-05-07,2024-06-06,DDP,CTR002,closed,false,
PO00584,PO202400584,2024-10-26,PR00705,VEN015,ITM0032,10.00,9951.08,109409.28,2035.49,10722.29,1211.64,IDR,1.0,Net 15,2024-11-03,2024-11-01,CIF,CTR003,open,false,
PO00585,PO202400585,2024-01-02,PR00706,VEN023,ITM0013,500.00,324.90,175772.14,4098.72,17418.86,0.00,IDR,1.0,COD,2024-01-18,2024-01-15,DDP,CTR011,closed,false,
PO00586,PO202500586,2025-09-13,PR00708,VEN007,ITM0003,20.00,3034.04,64146.19,2891.54,6356.83,0.00,IDR,1.0,Net 60,2025-10-18,2025-09-13,FOB,CTR008,open,false,
PO00587,PO202500587,2025-05-21,PR00709,VEN012,ITM0031,500.00,296.85,160365.29,3954.03,15892.06,0.00,IDR,1.0,Net 60,2025-06-22,2025-06-04,CIF,CTR016,partial,false,
PO00588,PO202500588,2025-07-10,PR00710,VEN005,ITM0020,50.00,29442.11,1620627.71,47524.70,156703.91,39342.85,IDR,1.0,Net 15,2025-07-17,2025-07-13,EXW,CTR025,closed,false,
PO00589,PO202400589,2024-11-05,PR00711,VEN004,ITM0010,10.00,18312.17,196505.36,9071.95,19145.48,3310.12,IDR,1.0,COD,2024-12-15,2024-11-18,CIF,CTR001,cancelled,false,
PO00590,PO202500590,2025-10-12,PR00712,VEN008,ITM0003,10.00,3162.78,33829.83,1150.43,3352.51,0.00,IDR,1.0,Net 45,2025-11-09,2025-10-25,DDP,CTR008,partial,false,
PO00591,PO202400591,2024-10-09,PR00713,VEN012,ITM0038,20.00,2821.18,60510.19,1909.95,5996.51,0.00,IDR,1.0,Net 60,2024-10-29,2024-10-22,EXW,CTR009,closed,false,
PO00592,PO202400592,2024-04-16,PR00714,VEN016,ITM0033,50.00,621.27,34128.01,317.63,3382.06,0.00,IDR,1.0,COD,2024-05-21,2024-04-29,DDP,CTR014,closed,false,
PO00593,PO202400593,2024-07-06,PR00715,VEN030,ITM0020,10.00,29846.15,332616.05,6190.59,32149.80,8195.38,IDR,1.0,Net 15,2024-08-05,2024-07-23,DDP,,closed,false,
PO00594,PO202500594,2025-03-27,PR00716,VEN024,ITM0004,20.00,11156.44,237408.76,10896.10,23345.61,1830.36,IDR,1.0,Net 60,2025-04-25,2025-04-22,CIF,CTR008,closed,false,
PO00595,PO202500595,2025-09-14,PR00717,VEN014,ITM0011,4.00,13445.28,59212.40,887.70,5818.28,500.72,IDR,1.0,COD,2025-10-09,2025-09-14,FOB,CTR011,closed,false,
PO00596,PO202400596,2024-04-23,PR00718,VEN013,ITM0012,100.00,19835.89,2200315.31,21309.43,215850.76,22184.87,IDR,1.0,COD,2024-05-26,2024-05-18,EXW,,partial,false,
PO00597,PO202400597,2024-03-02,PR00719,VEN026,ITM0019,100.00,9690.73,1074330.61,16282.50,104806.91,16733.56,IDR,1.0,Net 15,2024-04-15,2024-04-07,DDP,CTR025,closed,false,
PO00598,PO202500598,2025-02-08,PR00720,VEN020,ITM0007,10.00,2089.13,23128.81,54.49,2292.04,0.00,IDR,1.0,Net 45,2025-03-17,2025-02-12,EXW,CTR001,closed,false,
PO00599,PO202400599,2024-07-04,PR00721,VEN024,ITM0009,5.00,33635.08,181647.96,7561.31,17667.55,3366.33,IDR,1.0,Net 45,2024-07-25,2024-07-23,CIF,CTR001,partial,false,
PO00600,PO202400600,2024-09-13,PR00722,VEN027,ITM0019,10.00,8736.81,96423.26,615.87,9542.74,128.31,IDR,1.0,Net 45,2024-10-17,2024-09-20,FOB,CTR025,closed,false,
PO00601,PO202500601,2025-07-19,PR00723,VEN014,ITM0018,200.00,138.09,30045.31,550.11,2977.46,0.00,IDR,1.0,COD,2025-08-30,2025-08-27,EXW,CTR004,partial,false,
PO00602,PO202500602,2025-02-19,PR00725,VEN003,ITM0039,1.00,20522.61,21922.98,987.07,2148.91,238.53,IDR,1.0,COD,2025-03-26,2025-02-24,CIF,,closed,false,
PO00603,PO202400603,2024-03-29,PR00727,VEN011,ITM0010,2.00,21150.53,47660.80,185.40,4632.72,912.42,IDR,1.0,COD,2024-04-22,2024-04-11,CIF,,closed,false,
PO00604,PO202400604,2024-09-14,PR00729,VEN023,ITM0013,1000.00,645.97,684718.60,29107.50,67855.00,0.00,IDR,1.0,COD,2024-09-26,2024-09-24,DDP,,closed,false,
PO00605,PO202500605,2025-04-07,PR00730,VEN028,ITM0023,1000.00,38.80,40977.17,1881.70,4060.80,0.00,IDR,1.0,Net 15,2025-05-19,2025-05-12,CIF,,closed,false,
PO00606,PO202500606,2025-03-12,PR00731,VEN030,ITM0025,5000.00,46.46,252814.88,4529.98,25053.73,0.00,IDR,1.0,Net 60,2025-04-26,2025-04-04,DDP,CTR013,open,false,
PO00607,PO202400607,2024-06-03,PR00732,VEN003,ITM0025,5000.00,45.79,245443.41,7824.47,24323.22,0.00,IDR,1.0,Net 60,2024-06-24,2024-06-10,DDP,CTR013,open,false,
PO00608,PO202500608,2025-12-31,PR00733,VEN027,ITM0023,1000.00,35.51,38447.39,871.83,3810.10,0.00,IDR,1.0,Net 60,2026-02-13,2026-01-13,CIF,CTR013,closed,false,
PO00609,PO202500609,2025-02-09,PR00734,VEN015,ITM0020,10.00,24683.45,266702.93,12248.79,25804.43,6312.79,IDR,1.0,Net 30,2025-02-27,2025-02-26,CIF,,closed,false,
PO00610,PO202400610,2024-09-24,PR00735,VEN020,ITM0014,100.00,15865.29,1716106.19,51834.43,168816.42,12595.01,IDR,1.0,Net 60,2024-11-03,2024-10-11,FOB,CTR011,cancelled,false,
PO00611,PO202500611,2025-07-24,PR00737,VEN025,ITM0031,500.00,326.87,179521.78,1704.42,17790.45,0.00,IDR,1.0,Net 90,2025-08-12,2025-08-27,DDP,CTR016,closed,false,
PO00612,PO202400612,2024-09-20,PR00738,VEN019,ITM0005,100.00,1205.21,133009.12,692.88,13181.08,0.00,IDR,1.0,Net 30,2024-09-29,2024-09-21,EXW,CTR008,closed,false,
PO00613,PO202500613,2025-10-10,PR00739,VEN028,ITM0001,5.00,16527.70,88691.97,4040.23,8645.81,1447.91,IDR,1.0,Net 90,2025-10-24,2025-10-12,DDP,CTR008,closed,false,
PO00614,PO202500614,2025-11-11,PR00740,VEN012,ITM0024,2500.00,569.59,1548513.89,28928.34,153456.33,0.00,IDR,1.0,COD,2025-12-22,2025-12-16,EXW,CTR013,closed,false,
PO00615,PO202400615,2024-11-06,PR00741,VEN002,ITM0032,25.00,10237.94,276204.60,9528.72,27106.16,2678.78,IDR,1.0,Net 15,2024-11-28,2024-11-20,FOB,CTR003,partial,false,
PO00616,PO202500616,2025-03-13,PR00742,VEN021,ITM0015,1000.00,8.38,9028.31,243.07,894.70,0.00,IDR,1.0,Net 45,2025-04-27,2025-04-08,FOB,CTR004,closed,false,
PO00617,PO202400617,2024-09-29,PR00744,VEN028,ITM0026,500.00,75.78,40369.16,1523.64,4000.55,0.00,IDR,1.0,Net 30,2024-11-13,2024-10-24,DDP,CTR013,closed,false,
PO00618,PO202500618,2025-04-02,PR00745,VEN009,ITM0024,200.00,638.03,135168.07,5833.55,13395.03,0.00,IDR,1.0,COD,2025-04-16,2025-04-11,DDP,CTR013,partial,false,
PO00619,PO202500619,2025-12-17,PR00746,VEN030,ITM0014,500.00,17498.27,9520516.70,333058.42,925768.19,178674.01,IDR,1.0,Net 60,2026-01-21,2026-01-03,FOB,CTR011,closed,false,
PO00620,PO202400620,2024-06-11,PR00747,VEN002,ITM0033,1000.00,799.00,857667.96,26326.63,84994.12,0.00,IDR,1.0,Net 60,2024-07-25,2024-06-23,FOB,CTR003,cancelled,false,
PO00621,PO202500621,2025-04-17,PR00748,VEN014,ITM0024,500.00,577.39,317805.35,2383.64,31494.22,0.00,IDR,1.0,Net 45,2025-05-16,2025-04-29,CIF,CTR013,cancelled,false,
PO00622,PO202500622,2025-10-05,PR00750,VEN003,ITM0014,2.00,16678.88,35398.24,1517.86,3502.39,55.96,IDR,1.0,Net 60,2025-10-31,2025-10-27,EXW,CTR011,partial,false,
PO00623,PO202500623,2025-06-30,PR00752,VEN012,ITM0024,1000.00,546.36,582224.26,21832.71,57697.90,0.00,IDR,1.0,Net 30,2025-07-25,2025-07-09,EXW,CTR013,closed,false,
PO00624,PO202500624,2025-02-03,PR00753,VEN020,ITM0023,200.00,42.05,9005.61,297.76,892.45,0.00,IDR,1.0,Net 45,2025-02-23,2025-02-07,CIF,CTR013,open,false,
PO00625,PO202500625,2025-12-05,PR00754,VEN029,ITM0030,2500.00,224.73,594622.86,26128.48,58926.59,0.00,IDR,1.0,Net 90,2026-01-08,2025-12-06,CIF,CTR016,closed,false,
PO00626,PO202400626,2024-05-15,PR00755,VEN002,ITM0004,2.00,9008.44,19362.25,775.31,1896.57,224.10,IDR,1.0,COD,2024-05-25,2024-05-24,FOB,CTR008,closed,false,
PO00627,PO202400627,2024-09-24,PR00756,VEN013,ITM0036,10.00,1289.54,14109.92,183.78,1398.28,0.00,IDR,1.0,Net 30,2024-10-13,2024-10-01,DDP,CTR002,partial,false,
PO00628,PO202500628,2025-11-01,PR00757,VEN018,ITM0005,10.00,1442.99,15942.89,66.89,1579.93,0.00,IDR,1.0,Net 60,2025-11-19,2025-11-13,CIF,CTR008,closed,false,
PO00629,PO202500629,2025-04-19,PR00758,VEN020,ITM0029,5000.00,115.82,632033.38,9698.72,62633.94,0.00,IDR,1.0,Net 30,2025-05-16,2025-05-02,CIF,CTR016,closed,false,
PO00630,PO202500630,2025-03-04,PR00759,VEN003,ITM0034,100.00,23852.56,2549040.71,92254.28,252230.14,3809.28,IDR,1.0,Net 90,2025-03-15,2025-03-10,EXW,CTR003,closed,false,
PO00631,PO202500631,2025-11-28,PR00761,VEN020,ITM0017,500.00,105.53,58166.72,362.20,5764.27,0.00,IDR,1.0,Net 45,2025-12-25,2025-12-16,EXW,,cancelled,false,
PO00632,PO202500632,2025-11-17,PR00762,VEN026,ITM0002,1.00,41700.37,45598.53,1400.34,4433.00,865.50,IDR,1.0,Net 30,2025-12-11,2025-11-23,FOB,CTR008,closed,false,
PO00633,PO202400633,2024-10-30,PR00763,VEN019,ITM0019,10.00,8970.27,97583.20,2259.61,9618.74,521.37,IDR,1.0,Net 60,2024-11-06,2024-11-06,EXW,CTR025,open,false,
PO00634,PO202500634,2025-09-23,PR00764,VEN026,ITM0022,500.00,64.02,34824.26,637.24,3451.05,0.00,IDR,1.0,Net 30,2025-10-11,2025-10-05,EXW,,closed,false,
PO00635,PO202500635,2025-10-06,PR00765,VEN005,ITM0004,2.00,10682.00,23027.95,735.09,2269.18,129.86,IDR,1.0,Net 45,2025-10-28,2025-10-12,CIF,CTR008,closed,false,
PO00636,PO202500636,2025-03-28,PR00766,VEN023,ITM0013,200.00,581.77,127185.62,1773.14,12603.98,0.00,IDR,1.0,COD,2025-04-06,2025-04-12,EXW,,closed,false,
PO00637,PO202500637,2025-02-19,PR00767,VEN008,ITM0017,100.00,108.37,11475.97,498.75,1137.26,0.00,IDR,1.0,Net 15,2025-04-03,2025-02-24,EXW,CTR004,partial,false,
PO00638,PO202400638,2024-10-01,PR00768,VEN002,ITM0005,50.00,1273.28,70514.36,137.39,6987.91,0.00,IDR,1.0,Net 60,2024-10-26,2024-11-25,EXW,CTR008,closed,false,
PO00639,PO202400639,2024-10-24,PR00769,VEN016,ITM0001,5.00,11635.78,65551.72,76.77,6391.24,1058.33,IDR,1.0,Net 45,2024-11-27,2024-12-18,FOB,CTR021,closed,false,
PO00640,PO202400640,2024-02-24,PR00770,VEN015,ITM0034,5.00,19179.90,105072.03,3145.69,10202.92,2115.30,IDR,1.0,Net 90,2024-03-21,2024-03-10,EXW,CTR003,closed,false,
PO00641,PO202500641,2025-12-09,PR00771,VEN024,ITM0019,1.00,9934.81,11017.00,130.22,1078.51,133.90,IDR,1.0,Net 60,2026-01-16,2025-12-24,EXW,CTR025,cancelled,false,
PO00642,PO202500642,2025-11-01,PR00772,VEN018,ITM0014,50.00,15932.71,879129.28,15196.77,85958.28,11732.11,IDR,1.0,COD,2025-11-13,2025-11-10,CIF,CTR011,closed,false,
PO00643,PO202400643,2024-06-14,PR00773,VEN012,ITM0031,500.00,302.49,161621.96,5641.58,16016.59,0.00,IDR,1.0,Net 30,2024-07-19,2024-06-24,CIF,CTR016,closed,false,
PO00644,PO202500644,2025-12-10,PR00774,VEN025,ITM0031,50.00,333.92,17635.11,808.67,1747.62,0.00,IDR,1.0,Net 45,2025-12-20,2025-12-18,DDP,,open,false,
PO00645,PO202400645,2024-04-09,PR00776,VEN028,ITM0010,5.00,26020.46,140472.66,5611.70,13693.97,2288.07,IDR,1.0,Net 60,2024-05-14,2024-05-27,FOB,CTR001,closed,false,
PO00646,PO202400646,2024-08-09,PR00777,VEN030,ITM0022,100.00,58.86,6408.02,113.29,635.03,0.00,IDR,1.0,Net 30,2024-09-06,2024-08-17,FOB,CTR013,closed,false,
PO00647,PO202500647,2025-01-10,PR00778,VEN021,ITM0017,100.00,113.12,11957.31,539.74,1184.96,0.00,IDR,1.0,Net 60,2025-02-03,2025-01-16,EXW,CTR004,closed,false,
PO00648,PO202400648,2024-06-12,PR00780,VEN009,ITM0039,2.00,19504.31,42465.67,1616.61,4113.12,960.54,IDR,1.0,Net 30,2024-06-25,2024-06-12,EXW,,closed,false,
PO00649,PO202400649,2024-07-14,PR00782,VEN018,ITM0008,100.00,454.32,50057.82,335.18,4960.68,0.00,IDR,1.0,Net 15,2024-08-06,2024-07-26,CIF,CTR001,closed,false,
PO00650,PO202400650,2024-03-01,PR00783,VEN020,ITM0009,500.00,38082.73,20786232.51,352618.35,2055762.01,41724.91,IDR,1.0,Net 15,2024-04-15,2024-04-01,DDP,CTR001,closed,false,
PO00651,PO202500651,2025-12-18,PR00784,VEN013,ITM0012,100.00,19949.98,2144519.03,96781.97,208803.74,37499.47,IDR,1.0,Net 90,2026-01-29,2026-01-20,FOB,,partial,false,
PO00652,PO202500652,2025-06-04,PR00786,VEN018,ITM0036,50.00,1761.27,96392.33,1223.66,9552.39,0.00,IDR,1.0,Net 45,2025-06-21,2025-06-14,CIF,CTR002,closed,false,
PO00653,PO202500653,2025-12-21,PR00787,VEN001,ITM0007,2.00,1845.74,4070.02,24.79,403.34,0.00,IDR,1.0,Net 15,2026-01-28,2026-01-19,CIF,CTR001,cancelled,false,
PO00654,PO202500654,2025-12-25,PR00788,VEN004,ITM0035,1.00,135797.35,151857.45,2076.43,14709.30,3427.24,IDR,1.0,Net 45,2026-01-16,2026-01-22,DDP,CTR002,cancelled,false,
PO00655,PO202400655,2024-06-14,PR00789,VEN027,ITM0004,40.00,9147.94,407404.54,1386.88,40098.38,2775.42,IDR,1.0,COD,2024-06-26,2024-06-16,FOB,CTR008,cancelled,false,
PO00656,PO202500656,2025-03-10,PR00790,VEN018,ITM0031,100.00,364.72,40349.78,120.98,3998.63,0.00,IDR,1.0,Net 30,2025-03-18,2025-03-16,EXW,,closed,false,
PO00657,PO202500657,2025-09-03,PR00791,VEN025,ITM0028,250.00,704.36,193377.46,1876.09,19163.53,0.00,IDR,1.0,COD,2025-09-15,2025-09-12,CIF,CTR016,closed,false,
PO00658,PO202400658,2024-11-15,PR00793,VEN008,ITM0003,10.00,3172.85,33867.60,1217.12,3356.25,0.00,IDR,1.0,COD,2024-12-03,2024-12-03,DDP,CTR008,closed,false,
PO00659,PO202400659,2024-02-26,PR00794,VEN012,ITM0023,200.00,36.26,7687.77,325.40,761.85,0.00,IDR,1.0,Net 45,2024-03-10,2024-02-26,CIF,CTR013,closed,false,
PO00660,PO202500660,2025-12-31,PR00795,VEN018,ITM0032,2.00,12913.07,29173.11,106.10,2829.20,623.86,IDR,1.0,Net 30,2026-02-08,2025-12-31,DDP,CTR003,closed,false,
PO00661,PO202500661,2025-09-07,PR00796,VEN025,ITM0004,2.00,8820.65,18947.30,599.88,1874.56,31.32,IDR,1.0,COD,2025-10-11,2025-09-25,EXW,CTR008,closed,false,
PO00662,PO202400662,2024-02-22,PR00797,VEN029,ITM0016,200.00,62.18,13363.73,396.06,1324.33,0.00,IDR,1.0,Net 30,2024-04-06,2024-02-23,FOB,CTR004,closed,false,
PO00663,PO202400663,2024-07-23,PR00798,VEN011,ITM0009,50.00,32340.43,1806762.24,12469.16,176500.76,25709.08,IDR,1.0,Net 15,2024-08-22,2024-07-26,EXW,CTR001,closed,false,
PO00664,PO202500664,2025-11-16,PR00799,VEN029,ITM0022,250.00,53.15,14538.53,189.53,1440.75,0.00,IDR,1.0,Net 60,2025-12-29,2025-12-23,EXW,CTR013,closed,false,
PO00665,PO202500665,2025-01-08,PR00800,VEN015,ITM0032,100.00,10984.48,1188691.61,45797.68,115791.53,20249.77,IDR,1.0,Net 45,2025-01-24,2025-01-16,CIF,CTR003,closed,false,
PO00666,PO202400666,2024-03-01,PR00801,VEN024,ITM0015,200.00,8.44,1845.37,25.86,182.87,0.00,IDR,1.0,Net 15,2024-03-30,2024-03-12,FOB,CTR004,open,false,
PO00667,PO202400667,2024-05-28,PR00802,VEN029,ITM0018,500.00,108.67,57404.46,2621.28,5688.73,0.00,IDR,1.0,Net 60,2024-06-04,2024-06-29,CIF,CTR004,closed,false,
PO00668,PO202500668,2025-06-22,PR00803,VEN015,ITM0009,10.00,32364.98,349635.40,9361.05,34571.76,774.93,IDR,1.0,Net 60,2025-07-06,2025-06-24,CIF,CTR001,closed,false,
PO00669,PO202500669,2025-01-04,PR00804,VEN008,ITM0031,1000.00,188.03,202321.92,5756.50,20049.92,0.00,IDR,1.0,Net 45,2025-01-28,2025-01-27,CIF,CTR016,closed,false,
PO00670,PO202400670,2024-09-08,PR00806,VEN019,ITM0021,4.00,9434.46,42261.58,106.96,4139.40,491.29,IDR,1.0,Net 30,2024-10-23,2024-09-12,EXW,CTR025,closed,false,
PO00671,PO202400671,2024-12-12,PR00807,VEN019,ITM0001,2.00,13426.08,30237.86,167.61,2935.30,618.01,IDR,1.0,Net 45,2024-12-21,2024-12-15,EXW,CTR008,closed,false,
PO00672,PO202500672,2025-09-11,PR00808,VEN029,ITM0037,125.00,40406.52,5618489.62,99827.25,544608.64,122893.35,IDR,1.0,Net 90,2025-10-17,2025-10-08,DDP,CTR002,closed,true,
PO00673,PO202500673,2025-09-12,PR00808,VEN029,ITM0037,125.00,40406.52,5452816.93,187015.30,535017.95,53999.39,IDR,1.0,Net 15,2025-10-27,2025-09-21,CIF,CTR002,closed,true,PO00672
PO00674,PO202400674,2024-08-01,PR00810,VEN004,ITM0032,5.00,8435.54,45483.37,1635.64,4459.63,481.66,IDR,1.0,Net 30,2024-09-14,2024-08-01,DDP,CTR003,closed,false,
PO00675,PO202500675,2025-11-30,PR00811,VEN017,ITM0038,50.00,3085.61,169132.17,1909.38,16760.85,0.00,IDR,1.0,Net 90,2025-12-09,2026-01-06,DDP,CTR009,closed,false,
PO00676,PO202400676,2024-11-04,PR00812,VEN009,ITM0021,5.00,19655.17,109858.66,1231.85,10674.84,2139.84,IDR,1.0,COD,2024-12-13,2024-11-15,CIF,CTR025,open,false,
PO00677,PO202400677,2024-02-24,PR00813,VEN007,ITM0008,400.00,467.14,203078.35,3902.39,20124.88,0.00,IDR,1.0,COD,2024-03-16,2024-02-27,EXW,CTR001,partial,false,
PO00678,PO202500678,2025-02-28,PR00814,VEN016,ITM0017,100.00,85.87,9298.87,209.37,921.51,0.00,IDR,1.0,Net 45,2025-04-05,2025-03-17,FOB,,closed,false,
PO00679,PO202400679,2024-04-03,PR00815,VEN005,ITM0031,1000.00,357.53,394630.08,2002.83,39107.49,0.00,IDR,1.0,COD,2024-04-26,2024-04-15,EXW,CTR016,closed,false,
PO00680,PO202500680,2025-03-23,PR00818,VEN015,ITM0005,10.00,1266.80,13765.57,266.60,1364.16,0.00,IDR,1.0,Net 45,2025-05-06,2025-05-05,DDP,CTR008,closed,false,
PO00681,PO202500681,2025-11-01,PR00819,VEN027,ITM0032,40.00,10078.02,442330.13,11531.90,43074.80,7666.29,IDR,1.0,Net 60,2025-12-02,2025-11-20,DDP,CTR003,open,false,
PO00682,PO202400682,2024-03-08,PR00820,VEN007,ITM0019,2.00,10212.46,22030.38,769.02,2162.15,212.33,IDR,1.0,Net 90,2024-04-01,2024-04-01,CIF,CTR025,closed,false,
PO00683,PO202500683,2025-10-26,PR00821,VEN004,ITM0031,100.00,273.63,29902.14,424.11,2963.28,0.00,IDR,1.0,Net 30,2025-11-20,2025-10-29,DDP,,closed,false,
PO00684,PO202500684,2025-04-18,PR00822,VEN003,ITM0009,2.00,35206.11,79470.22,463.30,7694.38,1826.92,IDR,1.0,Net 30,2025-05-09,2025-04-21,DDP,CTR001,closed,false,
PO00685,PO202400685,2024-02-04,PR00823,VEN028,ITM0026,50.00,151.30,8221.25,158.26,814.72,0.00,IDR,1.0,Net 30,2024-02-27,2024-02-26,FOB,CTR013,partial,false,
PO00686,PO202500686,2025-05-17,PR00824,VEN029,ITM0033,500.00,833.11,457483.38,4409.38,45336.19,0.00,IDR,1.0,Net 45,2025-06-14,2025-06-13,DDP,CTR003,cancelled,false,
PO00687,PO202500687,2025-01-03,PR00825,VEN018,ITM0024,1000.00,612.71,662139.11,16186.59,65617.39,0.00,IDR,1.0,Net 30,2025-01-31,2025-01-16,DDP,CTR013,closed,false,
PO00688,PO202500688,2025-03-24,PR00826,VEN001,ITM0027,100.00,164.16,17413.71,728.31,1725.68,0.00,IDR,1.0,Net 60,2025-04-05,2025-03-29,EXW,CTR016,partial,false,
PO00689,PO202400689,2024-09-06,PR00827,VEN019,ITM0040,20.00,2715.59,58126.88,1945.17,5760.32,0.00,IDR,1.0,Net 15,2024-10-02,2024-09-10,DDP,CTR009,closed,false,
PO00690,PO202500690,2025-04-13,PR00828,VEN002,ITM0002,2.00,39382.67,88130.47,64.59,8657.08,772.64,IDR,1.0,COD,2025-05-01,2025-04-26,CIF,,closed,false,
PO00691,PO202500691,2025-02-26,PR00829,VEN023,ITM0039,40.00,13144.37,586403.15,7840.94,56972.72,11496.61,IDR,1.0,Net 90,2025-03-10,2025-03-04,DDP,CTR009,closed,false,
PO00692,PO202500692,2025-06-16,PR00830,VEN019,ITM0040,40.00,2891.87,123234.05,4653.02,12212.38,0.00,IDR,1.0,Net 15,2025-07-06,2025-07-01,FOB,CTR009,open,false,
PO00693,PO202400693,2024-01-07,PR00831,VEN019,ITM0016,100.00,55.80,6009.10,165.94,595.50,0.00,IDR,1.0,Net 90,2024-02-13,2024-01-14,FOB,CTR007,closed,false,
PO00694,PO202500694,2025-11-02,PR00832,VEN015,ITM0006,100.00,6408.00,722959.81,1876.98,70281.52,13755.37,IDR,1.0,COD,2025-12-07,2025-12-02,FOB,,cancelled,false,
PO00695,PO202400695,2024-10-17,PR00833,VEN019,ITM0040,1.00,3164.80,3416.95,86.46,338.62,0.00,IDR,1.0,Net 45,2024-11-15,2024-10-31,FOB,CTR009,closed,false,
PO00696,PO202500696,2025-03-01,PR00834,VEN004,ITM0002,5.00,32231.75,177557.25,1374.94,17576.22,197.24,IDR,1.0,COD,2025-03-27,2025-03-22,CIF,CTR008,partial,false,
PO00697,PO202500697,2025-06-22,PR00836,VEN015,ITM0028,100.00,677.31,74567.33,553.43,7389.55,0.00,IDR,1.0,Net 45,2025-07-28,2025-07-20,CIF,CTR016,open,false,
PO00698,PO202400698,2024-07-10,PR00837,VEN023,ITM0013,50.00,620.63,33627.49,736.41,3332.45,0.00,IDR,1.0,Net 30,2024-07-22,2024-07-20,DDP,CTR011,closed,false,
PO00699,PO202500699,2025-12-31,PR00839,VEN014,ITM0029,1000.00,117.64,129586.07,897.43,12841.86,0.00,IDR,1.0,Net 45,2026-02-11,2026-01-22,CIF,CTR016,closed,false,
PO00700,PO202500700,2025-10-05,PR00841,VEN029,ITM0031,1000.00,615.37,664025.06,17145.23,65804.28,0.00,IDR,1.0,Net 60,2025-11-06,2025-10-27,FOB,,closed,false,
PO00701,PO202400701,2024-02-27,PR00842,VEN014,ITM0027,200.00,197.31,43006.35,717.83,4261.89,0.00,IDR,1.0,Net 15,2024-03-12,2024-03-12,EXW,CTR016,closed,false,
PO00702,PO202400702,2024-06-19,PR00843,VEN021,ITM0006,2.00,7657.17,16569.86,505.85,1628.93,132.44,IDR,1.0,COD,2024-08-03,2024-07-17,CIF,,closed,false,
PO00703,PO202500703,2025-04-21,PR00845,VEN006,ITM0036,100.00,1608.32,172882.68,5081.51,17132.52,0.00,IDR,1.0,Net 30,2025-05-25,2025-05-15,DDP,,closed,false,
PO00704,PO202500704,2025-12-17,PR00846,VEN011,ITM0025,500.00,37.43,20506.78,237.95,2032.20,0.00,IDR,1.0,Net 30,2026-01-04,2026-01-22,DDP,,partial,false,
PO00705,PO202500705,2025-10-25,PR00847,VEN020,ITM0025,2000.00,47.95,101226.16,4697.55,10031.42,0.00,IDR,1.0,COD,2025-11-24,2025-11-16,EXW,CTR013,closed,false,
PO00706,PO202400706,2024-09-22,PR00848,VEN016,ITM0021,50.00,13237.05,727317.44,7607.51,71966.95,1105.46,IDR,1.0,Net 45,2024-10-20,2024-11-05,EXW,CTR025,partial,false,
PO00707,PO202400707,2024-11-30,PR00849,VEN014,ITM0011,5.00,13184.36,72644.74,911.10,7151.17,482.89,IDR,1.0,Net 90,2025-01-13,2024-12-28,EXW,CTR011,closed,false,
PO00708,PO202400708,2024-04-17,PR00850,VEN027,ITM0022,1000.00,53.99,59163.43,687.80,5863.04,0.00,IDR,1.0,COD,2024-05-30,2024-04-26,EXW,,closed,false,
PO00709,PO202400709,2024-12-23,PR00851,VEN011,ITM0035,50.00,162051.16,8974445.34,106735.53,879540.50,99082.17,IDR,1.0,Net 30,2025-02-01,2025-01-25,CIF,CTR002,closed,true,
PO00710,PO202400710,2024-12-23,PR00851,VEN011,ITM0035,50.00,162051.16,8596755.25,402042.05,847056.78,49182.31,IDR,1.0,Net 15,2025-01-13,2025-01-03,EXW,CTR002,closed,true,PO00709
PO00711,PO202500711,2025-05-19,PR00853,VEN011,ITM0027,400.00,184.97,78748.40,3043.05,7803.90,0.00,IDR,1.0,COD,2025-06-03,2025-05-26,FOB,CTR016,partial,false,
PO00712,PO202400712,2024-07-09,PR00855,VEN010,ITM0027,500.00,150.38,80226.86,2913.55,7950.41,0.00,IDR,1.0,Net 60,2024-08-17,2024-08-07,EXW,CTR016,closed,false,
PO00713,PO202500713,2025-09-18,PR00856,VEN009,ITM0038,40.00,3081.37,130120.76,6028.97,12894.85,0.00,IDR,1.0,Net 15,2025-10-28,2025-10-22,FOB,CTR009,closed,false,
PO00714,PO202500714,2025-04-07,PR00857,VEN019,ITM0040,40.00,2802.23,122874.95,1390.97,12176.80,0.00,IDR,1.0,Net 90,2025-04-20,2025-04-11,CIF,,closed,false,
PO00715,PO202400715,2024-10-01,PR00860,VEN021,ITM0027,250.00,192.13,52320.39,896.25,5184.90,0.00,IDR,1.0,COD,2024-11-02,2024-10-09,DDP,,closed,false,
PO00716,PO202500716,2025-08-07,PR00861,VEN021,ITM0033,5000.00,925.21,5026603.97,97600.01,498131.92,0.00,IDR,1.0,Net 45,2025-08-29,2025-08-10,FOB,,closed,false,
PO00717,PO202500717,2025-12-14,PR00862,VEN001,ITM0025,500.00,40.14,21943.55,298.98,2174.59,0.00,IDR,1.0,Net 30,2025-12-23,2025-12-16,CIF,CTR013,closed,false,
PO00718,PO202500718,2025-03-29,PR00863,VEN017,ITM0036,100.00,1708.26,188871.35,671.36,18716.98,0.00,IDR,1.0,Net 90,2025-05-13,2025-04-11,DDP,CTR002,closed,false,
PO00719,PO202500719,2025-01-09,PR00864,VEN016,ITM0013,2000.00,643.04,1368270.24,53402.30,135594.35,0.00,IDR,1.0,COD,2025-02-06,2025-02-03,FOB,CTR011,open,false,
PO00720,PO202500720,2025-03-13,PR00865,VEN028,ITM0019,10.00,10381.59,114640.98,2147.20,11183.55,1788.78,IDR,1.0,Net 45,2025-04-14,2025-04-08,EXW,CTR025,closed,false,
PO00721,PO202500721,2025-07-02,PR00867,VEN021,ITM0022,50.00,59.00,3150.73,111.63,312.23,0.00,IDR,1.0,Net 45,2025-08-02,2025-07-09,CIF,CTR013,closed,false,
PO00722,PO202500722,2025-02-09,PR00869,VEN008,ITM0028,500.00,767.19,419680.68,5504.64,41589.98,0.00,IDR,1.0,Net 45,2025-03-25,2025-03-11,DDP,,closed,false,
PO00723,PO202400723,2024-09-03,PR00870,VEN025,ITM0004,5.00,9030.64,49406.35,1272.31,4826.90,698.54,IDR,1.0,Net 60,2024-09-10,2024-09-07,DDP,CTR008,partial,false,
PO00724,PO202500724,2025-03-07,PR00871,VEN021,ITM0015,500.00,8.02,4420.38,25.22,438.06,0.00,IDR,1.0,Net 15,2025-04-17,2025-04-17,FOB,CTR004,closed,false,
PO00725,PO202400725,2024-08-03,PR00872,VEN020,ITM0029,100.00,113.33,12378.47,181.43,1226.70,0.00,IDR,1.0,Net 30,2024-08-22,2024-08-12,DDP,,closed,false,
PO00726,PO202400726,2024-05-12,PR00873,VEN008,ITM0027,5000.00,196.35,1084010.31,5175.82,107424.45,0.00,IDR,1.0,Net 90,2024-06-20,2024-06-02,DDP,CTR016,closed,false,
PO00727,PO202500727,2025-05-30,PR00874,VEN013,ITM0012,5.00,19920.86,111103.85,2062.84,10729.56,2832.82,IDR,1.0,Net 15,2025-06-29,2025-06-22,EXW,CTR011,closed,false,
PO00728,PO202500728,2025-11-01,PR00875,VEN019,ITM0039,100.00,18044.61,2008381.42,37325.98,194384.86,46861.44,IDR,1.0,COD,2025-11-08,2025-11-28,FOB,CTR009,open,false,
PO00729,PO202500729,2025-02-19,PR00876,VEN028,ITM0016,400.00,66.51,28110.26,1278.98,2785.70,0.00,IDR,1.0,Net 15,2025-03-07,2025-03-03,DDP,,closed,false,
PO00730,PO202400730,2024-08-08,PR00877,VEN007,ITM0002,500.00,43748.78,24003120.80,762548.35,2322302.31,568979.29,IDR,1.0,Net 90,2024-08-26,2024-08-26,EXW,CTR008,open,false,
PO00731,PO202400731,2024-02-03,PR00878,VEN012,ITM0015,2500.00,4.21,11604.70,77.81,1150.02,0.00,IDR,1.0,Net 15,2024-03-04,2024-02-16,EXW,,closed,false,
PO00732,PO202500732,2025-09-12,PR00879,VEN018,ITM0024,1000.00,614.97,657219.60,22883.77,65129.87,0.00,IDR,1.0,Net 45,2025-10-21,2025-09-27,DDP,CTR013,open,false,
PO00733,PO202400733,2024-08-22,PR00880,VEN023,ITM0004,25.00,8426.09,228534.71,9624.58,22113.05,5393.98,IDR,1.0,Net 90,2024-09-07,2024-09-02,FOB,,partial,false,
PO00734,PO202400734,2024-06-30,PR00883,VEN005,ITM0018,400.00,144.45,63833.08,272.39,6325.80,0.00,IDR,1.0,COD,2024-07-28,2024-07-07,DDP,CTR004,open,false,
PO00735,PO202400735,2024-08-21,PR00886,VEN009,ITM0009,4.00,37234.86,168414.99,1131.64,16258.86,4348.32,IDR,1.0,COD,2024-09-11,2024-08-30,CIF,CTR001,open,false,
PO00736,PO202400736,2024-08-13,PR00887,VEN017,ITM0002,5.00,42120.26,224737.84,8805.95,22197.49,745.01,IDR,1.0,Net 45,2024-09-02,2024-08-18,DDP,,closed,false,
PO00737,PO202500737,2025-01-30,PR00888,VEN023,ITM0033,500.00,628.88,346448.21,2326.55,34332.71,0.00,IDR,1.0,COD,2025-02-12,2025-02-02,CIF,CTR003,closed,false,
PO00738,PO202400738,2024-02-18,PR00889,VEN025,ITM0039,5.00,17341.22,93302.19,2807.22,9228.88,174.42,IDR,1.0,Net 60,2024-03-11,2024-02-26,CIF,,partial,false,
PO00739,PO202500739,2025-11-30,PR00890,VEN007,ITM0023,200.00,39.10,8350.56,297.51,827.53,0.00,IDR,1.0,COD,2025-12-09,2025-12-06,EXW,CTR013,closed,false,
PO00740,PO202400740,2024-02-21,PR00891,VEN030,ITM0014,50.00,17460.50,961860.51,22098.44,93601.94,17331.88,IDR,1.0,Net 30,2024-03-26,2024-02-27,CIF,CTR011,closed,false,
PO00741,PO202500741,2025-02-28,PR00892,VEN023,ITM0031,100.00,247.50,27437.49,31.97,2719.03,0.00,IDR,1.0,COD,2025-03-25,2025-03-22,EXW,CTR016,cancelled,false,
PO00742,PO202500742,2025-02-10,PR00893,VEN002,ITM0015,500.00,7.32,4001.86,55.91,396.58,0.00,IDR,1.0,Net 30,2025-02-20,2025-02-14,DDP,,closed,false,
PO00743,PO202400743,2024-07-14,PR00894,VEN017,ITM0036,20.00,1701.58,36933.80,757.81,3660.11,0.00,IDR,1.0,Net 60,2024-08-22,2024-08-12,CIF,CTR002,open,false,
PO00744,PO202500744,2025-12-10,PR00895,VEN004,ITM0030,250.00,197.95,53653.96,1150.20,5317.06,0.00,IDR,1.0,Net 45,2026-01-16,2026-01-19,DDP,CTR016,cancelled,false,
PO00745,PO202500745,2025-08-12,PR00896,VEN004,ITM0030,250.00,193.43,53314.20,327.61,5283.39,0.00,IDR,1.0,Net 45,2025-09-16,2025-09-03,DDP,CTR016,cancelled,false,
PO00746,PO202500746,2025-10-17,PR00897,VEN019,ITM0015,1000.00,6.59,7055.33,231.54,699.18,0.00,IDR,1.0,Net 30,2025-11-04,2025-10-19,DDP,CTR007,closed,false,
PO00747,PO202500747,2025-12-02,PR00898,VEN024,ITM0015,250.00,8.39,2275.35,47.51,225.49,0.00,IDR,1.0,Net 45,2025-12-16,2025-12-14,DDP,CTR004,partial,false,
PO00748,PO202400748,2024-06-09,PR00899,VEN002,ITM0024,400.00,539.06,235202.01,3728.52,23308.31,0.00,IDR,1.0,Net 60,2024-06-21,2024-06-21,DDP,CTR013,partial,false,
PO00749,PO202400749,2024-09-30,PR00900,VEN026,ITM0017,250.00,114.73,31441.95,356.03,3115.87,0.00,IDR,1.0,Net 45,2024-10-15,2024-10-08,FOB,CTR004,open,false,
PO00750,PO202500750,2025-08-24,PR00901,VEN025,ITM0003,200.00,2830.76,609324.29,17211.76,60383.49,0.00,IDR,1.0,Net 30,2025-09-21,2025-09-09,FOB,,closed,false,
PO00751,PO202400751,2024-10-24,PR00903,VEN027,ITM0029,200.00,94.64,20119.32,801.79,1993.81,0.00,IDR,1.0,Net 90,2024-10-31,2024-10-26,EXW,,closed,false,
PO00752,PO202500752,2025-08-11,PR00904,VEN010,ITM0004,100.00,7352.65,801283.84,32842.29,77266.52,21594.43,IDR,1.0,COD,2025-09-18,2025-08-17,CIF,CTR008,closed,false,
PO00753,PO202400753,2024-10-08,PR00905,VEN017,ITM0003,100.00,2995.72,326366.06,5548.92,32342.58,0.00,IDR,1.0,COD,2024-11-10,2024-11-06,CIF,CTR008,closed,false,
PO00754,PO202500754,2025-04-05,PR00907,VEN012,ITM0019,40.00,21165.36,943812.25,1297.47,92984.86,5510.50,IDR,1.0,Net 45,2025-04-19,2025-04-11,DDP,CTR025,open,false,
PO00755,PO202500755,2025-11-08,PR00908,VEN001,ITM0019,10.00,8582.97,95248.20,1392.60,9288.08,1522.98,IDR,1.0,COD,2025-11-23,2025-11-12,DDP,CTR025,open,false,
PO00756,PO202400756,2024-04-12,PR00909,VEN017,ITM0019,10.00,9628.87,107479.05,1187.16,10461.17,1916.30,IDR,1.0,COD,2024-05-08,2024-04-27,CIF,,closed,false,
PO00757,PO202500757,2025-03-05,PR00910,VEN019,ITM0031,500.00,339.32,185164.71,2844.48,18349.66,0.00,IDR,1.0,Net 90,2025-03-23,2025-03-15,EXW,CTR016,closed,false,
PO00758,PO202500758,2025-09-05,PR00911,VEN018,ITM0031,100.00,374.03,40502.86,913.45,4013.80,0.00,IDR,1.0,COD,2025-10-03,2025-10-02,FOB,CTR016,open,false,
PO00759,PO202500759,2025-11-20,PR00912,VEN029,ITM0019,500.00,9169.14,4893979.94,216164.16,480524.61,45049.81,IDR,1.0,Net 90,2025-12-26,2025-12-18,CIF,CTR025,closed,false,
PO00760,PO202400760,2024-09-27,PR00914,VEN029,ITM0026,1000.00,131.75,140710.72,4988.01,13944.31,0.00,IDR,1.0,Net 90,2024-11-09,2024-10-06,DDP,CTR013,closed,false,
PO00761,PO202500761,2025-06-19,PR00915,VEN010,ITM0039,10.00,14901.68,160778.50,5200.95,15819.74,1142.96,IDR,1.0,COD,2025-06-28,2025-06-20,DDP,CTR009,partial,false,
PO00762,PO202400762,2024-10-22,PR00916,VEN015,ITM0033,100.00,831.54,89551.66,2476.73,8874.49,0.00,IDR,1.0,COD,2024-12-02,2024-11-20,EXW,CTR003,closed,false,
PO00763,PO202500763,2025-12-31,PR00917,VEN001,ITM0031,50.00,293.13,16035.39,210.42,1589.09,0.00,IDR,1.0,Net 60,2026-02-07,2026-01-08,EXW,CTR016,cancelled,false,
PO00764,PO202400764,2024-06-25,PR00918,VEN003,ITM0024,250.00,639.47,169483.39,7180.06,16795.65,0.00,IDR,1.0,Net 45,2024-07-02,2024-06-27,CIF,CTR013,closed,false,
PO00765,PO202400765,2024-08-16,PR00919,VEN021,ITM0039,2.00,19249.07,41543.31,1827.10,4033.81,838.46,IDR,1.0,Net 30,2024-09-25,2024-09-19,EXW,CTR009,closed,false,
PO00766,PO202500766,2025-09-30,PR00920,VEN009,ITM0017,5000.00,109.12,583075.17,20288.91,57782.22,0.00,IDR,1.0,Net 90,2025-10-21,2025-10-15,CIF,CTR004,partial,false,
PO00767,PO202400767,2024-03-22,PR00921,VEN014,ITM0011,20.00,13577.02,298905.87,7767.96,29014.97,6118.41,IDR,1.0,Net 60,2024-05-05,2024-04-26,DDP,,open,false,
PO00768,PO202500768,2025-09-01,PR00922,VEN029,ITM0023,100.00,36.10,3911.31,86.04,387.61,0.00,IDR,1.0,Net 60,2025-09-23,2025-09-06,EXW,,closed,false,
PO00769,PO202400769,2024-07-10,PR00923,VEN021,ITM0003,2.00,3239.23,7086.66,94.08,702.28,0.00,IDR,1.0,Net 45,2024-08-16,2024-07-18,FOB,CTR008,closed,false,
PO00770,PO202500770,2025-02-09,PR00924,VEN014,ITM0011,5.00,14436.64,78783.10,2122.15,7706.72,1015.32,IDR,1.0,Net 45,2025-03-25,2025-03-13,DDP,CTR011,partial,false,
PO00771,PO202500771,2025-03-30,PR00925,VEN013,ITM0039,100.00,13121.06,1436638.87,44002.21,139491.43,29043.58,IDR,1.0,Net 90,2025-05-07,2025-04-28,DDP,CTR009,closed,false,
PO00772,PO202500772,2025-12-18,PR00926,VEN016,ITM0001,2.00,11169.31,24378.13,890.76,2359.26,571.01,IDR,1.0,Net 90,2026-02-01,2025-12-29,FOB,,closed,false,
PO00773,PO202400773,2024-07-23,PR00927,VEN016,ITM0015,500.00,5.48,2925.82,104.54,289.95,0.00,IDR,1.0,Net 30,2024-08-26,2024-08-04,DDP,CTR012,closed,false,
PO00774,PO202400774,2024-04-12,PR00928,VEN024,ITM0021,5.00,19101.91,104254.75,3610.60,10108.88,2246.92,IDR,1.0,Net 15,2024-04-28,2024-04-12,FOB,,partial,false,
PO00775,PO202500775,2025-12-18,PR00929,VEN003,ITM0008,500.00,435.00,229970.90,10320.02,22789.91,0.00,IDR,1.0,COD,2026-01-31,2026-01-27,FOB,CTR001,closed,false,
PO00776,PO202400776,2024-08-04,PR00930,VEN010,ITM0026,200.00,106.52,22854.59,714.98,2264.87,0.00,IDR,1.0,Net 30,2024-08-13,2024-08-24,FOB,CTR013,closed,false,
PO00777,PO202400777,2024-08-23,PR00932,VEN010,ITM0035,1.00,142572.25,157301.22,3146.39,15336.84,2538.52,IDR,1.0,Net 90,2024-09-24,2024-09-02,EXW,CTR002,partial,false,
PO00778,PO202500778,2025-01-26,PR00934,VEN009,ITM0006,25.00,7954.15,223455.76,2841.69,21561.34,5882.24,IDR,1.0,Net 60,2025-02-07,2025-02-04,CIF,CTR008,closed,false,
PO00779,PO202500779,2025-09-30,PR00935,VEN024,ITM0021,250.00,17577.56,4893981.17,27239.55,480386.49,46444.80,IDR,1.0,Net 60,2025-10-16,2025-10-10,CIF,CTR025,closed,false,
PO00780,PO202500780,2025-08-12,PR00936,VEN030,ITM0018,500.00,129.85,69572.79,2247.29,6894.60,0.00,IDR,1.0,Net 45,2025-09-01,2025-08-15,DDP,CTR004,closed,false,
PO00781,PO202500781,2025-06-04,PR00937,VEN021,ITM0038,50.00,3315.76,176053.28,7181.38,17446.72,0.00,IDR,1.0,Net 15,2025-07-06,2025-06-20,FOB,CTR009,closed,false,
PO00782,PO202400782,2024-05-06,PR00938,VEN028,ITM0014,1.00,15637.48,17455.09,82.41,1711.06,188.97,IDR,1.0,COD,2024-05-13,2024-05-12,FOB,,closed,false,
PO00783,PO202400783,2024-10-08,PR00939,VEN028,ITM0006,5.00,7406.18,41522.73,575.72,4010.07,1057.50,IDR,1.0,COD,2024-11-22,2024-10-29,CIF,,open,false,
PO00784,PO202500784,2025-07-26,PR00940,VEN011,ITM0005,250.00,1309.52,356593.39,6124.78,35338.08,0.00,IDR,1.0,COD,2025-08-15,2025-07-28,CIF,CTR008,closed,false,
PO00785,PO202500785,2025-10-25,PR00941,VEN001,ITM0010,100.00,23934.83,2660463.33,7552.76,262452.38,12080.26,IDR,1.0,Net 45,2025-12-05,2025-11-15,CIF,CTR001,closed,false,
PO00786,PO202500786,2025-12-01,PR00942,VEN016,ITM0019,2.00,7505.68,16589.72,308.55,1617.31,269.60,IDR,1.0,COD,2025-12-23,2025-12-12,EXW,CTR025,closed,false,
PO00787,PO202400787,2024-04-07,PR00943,VEN026,ITM0005,10.00,1381.79,14579.48,683.29,1444.81,0.00,IDR,1.0,Net 45,2024-05-04,2024-05-04,CIF,CTR008,closed,false,
PO00788,PO202500788,2025-03-01,PR00944,VEN008,ITM0015,1000.00,7.79,8404.06,223.18,832.83,0.00,IDR,1.0,Net 30,2025-04-12,2025-03-01,EXW,,partial,false,
PO00789,PO202500789,2025-02-04,PR00945,VEN008,ITM0008,5000.00,227.54,1235018.26,25045.94,122389.20,0.00,IDR,1.0,Net 60,2025-02-16,2025-02-13,DDP,,closed,false,
PO00790,PO202500790,2025-02-07,PR00946,VEN017,ITM0021,10.00,18348.98,199284.04,6437.91,19475.70,2756.48,IDR,1.0,Net 60,2025-03-05,2025-03-22,CIF,CTR025,partial,false,
PO00791,PO202400791,2024-11-21,PR00947,VEN012,ITM0035,1.00,173532.77,187826.97,7436.62,18270.58,3460.24,IDR,1.0,COD,2024-12-03,2024-11-21,DDP,CTR002,cancelled,false,
PO00792,PO202500792,2025-09-23,PR00948,VEN009,ITM0028,400.00,720.72,317238.43,2486.88,31438.04,0.00,IDR,1.0,Net 15,2025-10-04,2025-09-27,EXW,CTR016,closed,false,
PO00793,PO202400793,2024-05-09,PR00949,VEN014,ITM0006,2.00,8045.66,17892.67,348.50,1731.71,418.15,IDR,1.0,COD,2024-06-05,2024-05-10,EXW,CTR008,closed,false,
PO00794,PO202500794,2025-06-22,PR00950,VEN021,ITM0003,100.00,3110.70,336854.90,7597.17,33382.02,0.00,IDR,1.0,Net 90,2025-07-14,2025-07-14,DDP,CTR008,cancelled,false,
PO00795,PO202400795,2024-10-11,PR00951,VEN016,ITM0039,20.00,12787.44,288444.87,1056.32,28016.18,5736.20,IDR,1.0,COD,2024-11-07,2024-10-28,FOB,CTR009,closed,false,
PO00796,PO202500796,2025-01-23,PR00952,VEN005,ITM0037,5.00,48657.60,272342.15,3277.19,26401.19,5930.13,IDR,1.0,Net 15,2025-02-23,2025-02-23,FOB,CTR002,partial,false,
PO00797,PO202400797,2024-12-18,PR00954,VEN004,ITM0028,200.00,549.40,120869.84,988.36,11978.09,0.00,IDR,1.0,Net 30,2025-01-13,2025-01-16,DDP,CTR016,closed,false,
PO00798,PO202500798,2025-09-14,PR00956,VEN008,ITM0039,1.00,19209.47,21162.92,199.28,2091.12,61.61,IDR,1.0,Net 90,2025-10-12,2025-10-08,EXW,CTR009,closed,false,
PO00799,PO202400799,2024-06-23,PR00957,VEN016,ITM0036,10.00,1265.90,13907.41,129.82,1378.21,0.00,IDR,1.0,COD,2024-07-10,2024-06-26,CIF,CTR002,partial,false,
PO00800,PO202400800,2024-09-24,PR00958,VEN027,ITM0029,1000.00,96.52,105501.24,1477.78,10455.08,0.00,IDR,1.0,Net 60,2024-10-21,2024-10-08,FOB,CTR016,partial,false,
PO00801,PO202400801,2024-01-29,PR00959,VEN013,ITM0012,2.00,19595.30,42526.88,1732.72,4120.37,948.64,IDR,1.0,Net 45,2024-02-18,2024-03-06,DDP,CTR011,closed,false,
PO00802,PO202400802,2024-03-11,PR00960,VEN004,ITM0006,2.00,5997.61,13282.63,279.80,1288.70,278.51,IDR,1.0,Net 45,2024-04-18,2024-03-24,CIF,,closed,false,
PO00803,PO202400803,2024-12-01,PR00961,VEN030,ITM0018,200.00,136.45,28798.07,1346.25,2853.86,0.00,IDR,1.0,Net 15,2024-12-10,2024-12-08,FOB,CTR004,closed,false,
PO00804,PO202400804,2024-03-27,PR00963,VEN030,ITM0024,200.00,636.71,141114.11,211.83,13984.28,0.00,IDR,1.0,Net 15,2024-05-07,2024-05-06,EXW,CTR013,closed,false,
PO00805,PO202400805,2024-11-26,PR00964,VEN023,ITM0019,10.00,7010.81,77860.74,497.66,7657.15,593.16,IDR,1.0,Net 90,2024-12-11,2024-12-09,FOB,,cancelled,false,
PO00806,PO202500806,2025-12-31,PR00965,VEN024,ITM0022,250.00,56.81,15561.39,182.29,1542.12,0.00,IDR,1.0,Net 15,2026-02-03,2026-01-30,DDP,CTR013,closed,false,
PO00807,PO202500807,2025-05-28,PR00966,VEN010,ITM0024,400.00,487.24,207073.88,8343.28,20520.84,0.00,IDR,1.0,Net 45,2025-07-02,2025-06-14,EXW,CTR013,closed,false,
PO00808,PO202400808,2024-10-11,PR00969,VEN012,ITM0010,10.00,21017.96,224312.70,8812.87,22150.34,795.61,IDR,1.0,COD,2024-10-31,2024-10-24,FOB,CTR001,closed,false,
PO00809,PO202500809,2025-01-08,PR00971,VEN023,ITM0002,4.00,28281.62,125726.40,1905.21,12234.34,2270.80,IDR,1.0,Net 90,2025-02-08,2025-03-07,EXW,CTR008,closed,false,
PO00810,PO202400810,2024-02-23,PR00973,VEN026,ITM0028,1000.00,395.67,428692.60,9460.45,42483.05,0.00,IDR,1.0,Net 90,2024-04-03,2024-03-11,EXW,CTR016,closed,false,
PO00811,PO202400811,2024-12-17,PR00974,VEN002,ITM0023,5000.00,32.93,177441.36,4770.22,17584.28,0.00,IDR,1.0,Net 45,2025-01-06,2025-01-24,DDP,CTR013,closed,false,
PO00812,PO202400812,2024-07-06,PR00977,VEN027,ITM0019,40.00,8082.71,351676.15,7676.93,34719.45,1325.32,IDR,1.0,Net 30,2024-08-11,2024-07-10,EXW,CTR025,closed,false,
PO00813,PO202500813,2025-06-13,PR00979,VEN026,ITM0032,2.00,12642.03,28055.00,23.07,2778.71,15.31,IDR,1.0,Net 30,2025-06-20,2025-06-14,EXW,CTR003,closed,false,
PO00814,PO202400814,2024-03-01,PR00980,VEN012,ITM0014,1.00,13563.83,14665.83,645.35,1421.03,326.31,IDR,1.0,Net 45,2024-03-08,2024-03-02,DDP,CTR011,open,false,
PO00815,PO202500815,2025-07-20,PR00982,VEN028,ITM0018,200.00,140.54,29761.42,1296.84,2949.33,0.00,IDR,1.0,Net 15,2025-08-03,2025-07-25,DDP,CTR004,partial,false,
PO00816,PO202500816,2025-04-22,PR00983,VEN009,ITM0021,2.00,19502.15,43910.38,213.80,4266.96,852.92,IDR,1.0,Net 90,2025-05-20,2025-05-20,DDP,,closed,false,
PO00817,PO202500817,2025-09-03,PR00984,VEN012,ITM0022,2500.00,55.39,151033.59,2399.25,14967.29,0.00,IDR,1.0,Net 30,2025-09-14,2025-09-04,DDP,CTR013,closed,false,
PO00818,PO202400818,2024-04-04,PR00985,VEN022,ITM0037,50.00,35101.34,1909372.50,57088.57,186777.64,24616.29,IDR,1.0,Net 90,2024-04-17,2024-04-09,FOB,CTR002,partial,false,
PO00819,PO202500819,2025-08-19,PR00986,VEN010,ITM0033,5000.00,717.53,3980184.16,1914.59,394432.66,0.00,IDR,1.0,Net 15,2025-10-02,2025-10-08,CIF,CTR003,closed,false,
PO00820,PO202500820,2025-12-04,PR00987,VEN019,ITM0023,2500.00,35.69,98861.41,171.71,9797.08,0.00,IDR,1.0,Net 30,2026-01-05,2025-12-14,DDP,CTR013,open,false,
PO00821,PO202500821,2025-03-24,PR00988,VEN014,ITM0005,20.00,1477.66,31476.48,1195.99,3119.29,0.00,IDR,1.0,COD,2025-04-09,2025-04-01,FOB,CTR008,partial,false,
PO00822,PO202500822,2025-04-15,PR00990,VEN027,ITM0021,100.00,16253.28,1732828.93,66755.10,171443.05,2812.72,IDR,1.0,Net 90,2025-04-22,2025-04-15,EXW,,closed,false,
PO00823,PO202500823,2025-01-01,PR00991,VEN029,ITM0014,10.00,14332.76,157598.40,2585.12,15481.67,1374.24,IDR,1.0,Net 60,2025-01-11,2025-01-06,FOB,,closed,false,
PO00824,PO202500824,2025-01-04,PR00993,VEN030,ITM0039,100.00,20413.05,2271393.73,15396.92,222849.87,22635.98,IDR,1.0,Net 45,2025-02-18,2025-01-07,FOB,CTR009,closed,false,
PO00825,PO202500825,2025-04-12,PR00995,VEN023,ITM0013,2000.00,605.89,1303562.21,37405.99,129181.84,0.00,IDR,1.0,COD,2025-05-19,2025-06-15,FOB,CTR011,cancelled,false,
PO00826,PO202400826,2024-06-10,PR00996,VEN005,ITM0018,1000.00,142.80,151887.80,5962.11,15051.94,0.00,IDR,1.0,Net 90,2024-07-11,2024-06-29,CIF,CTR004,partial,false,
PO00827,PO202500827,2025-06-11,PR00997,VEN027,ITM0004,100.00,9332.09,1049891.90,148.42,102636.69,14194.35,IDR,1.0,Net 15,2025-07-14,2025-07-06,CIF,CTR008,partial,false,
PO00828,PO202500828,2025-10-03,PR00999,VEN004,ITM0019,25.00,7360.70,198878.20,5069.50,19684.29,245.81,IDR,1.0,Net 60,2025-11-13,2025-10-19,DDP,CTR025,open,false,
PO00829,PO202400829,2024-08-15,PR01000,VEN016,ITM0034,5.00,11469.47,60799.83,2725.31,6008.43,169.34,IDR,1.0,Net 15,2024-09-19,2024-08-19,FOB,CTR014,closed,false,
PO00830,PO202400830,2024-05-23,PR01001,VEN006,ITM0035,5.00,201050.42,1065872.18,48781.08,105211.81,4189.32,IDR,1.0,COD,2024-06-30,2024-06-12,CIF,CTR002,closed,false,
PO00831,PO202400831,2024-07-01,PR01002,VEN015,ITM0004,10.00,8742.99,95170.29,2932.92,9294.67,1378.63,IDR,1.0,Net 45,2024-07-16,2024-07-13,EXW,,closed,false,
PO00832,PO202500832,2025-02-15,PR01003,VEN002,ITM0036,5.00,1445.66,7851.75,154.67,778.10,0.00,IDR,1.0,Net 60,2025-03-18,2025-02-17,EXW,CTR002,closed,false,
PO00833,PO202400833,2024-03-10,PR01004,VEN029,ITM0031,1000.00,317.20,335222.13,15198.44,33220.21,0.00,IDR,1.0,Net 45,2024-03-23,2024-03-16,DDP,CTR016,open,false,
PO00834,PO202400834,2024-11-13,PR01006,VEN025,ITM0020,100.00,25487.19,2719691.69,111788.93,268062.30,14699.42,IDR,1.0,COD,2024-12-24,2024-12-04,DDP,CTR025,closed,false,
PO00835,PO202400835,2024-02-20,PR01007,VEN013,ITM0007,2.00,1647.40,3594.14,56.84,356.18,0.00,IDR,1.0,Net 90,2024-03-31,2024-03-22,FOB,CTR015,open,false,
PO00836,PO202500836,2025-11-08,PR01008,VEN019,ITM0007,10.00,1904.21,20602.10,481.69,2041.65,0.00,IDR,1.0,COD,2025-12-15,2025-12-19,CIF,CTR001,partial,false,
PO00837,PO202400837,2024-09-27,PR01009,VEN029,ITM0023,200.00,34.52,7457.27,186.38,739.01,0.00,IDR,1.0,Net 15,2024-10-21,2024-10-16,FOB,,closed,false,
PO00838,PO202400838,2024-04-20,PR01010,VEN025,ITM0017,2500.00,93.83,255116.99,4746.34,25281.86,0.00,IDR,1.0,Net 60,2024-05-09,2024-04-30,DDP,CTR004,closed,false,
PO00839,PO202400839,2024-06-15,PR01011,VEN023,ITM0013,1000.00,644.33,702623.47,11337.09,69629.35,0.00,IDR,1.0,Net 60,2024-07-30,2024-08-12,DDP,,partial,false,
PO00840,PO202500840,2025-02-22,PR01013,VEN005,ITM0004,20.00,3999.98,89944.35,909.22,8699.95,2153.93,IDR,1.0,Net 30,2025-03-27,2025-02-22,DDP,CTR008,closed,false,
PO00841,PO202400841,2024-08-01,PR01014,VEN022,ITM0033,200.00,671.37,143208.96,5256.81,14191.88,0.00,IDR,1.0,Net 30,2024-09-14,2024-08-25,DDP,CTR003,closed,false,
PO00842,PO202500842,2025-01-04,PR01015,VEN002,ITM0029,200.00,93.06,19803.00,771.15,1962.46,0.00,IDR,1.0,Net 60,2025-02-06,2025-01-08,DDP,CTR016,partial,false,
PO00843,PO202500843,2025-01-15,PR01016,VEN015,ITM0020,250.00,24275.47,6860714.93,16542.34,665755.73,142634.38,IDR,1.0,Net 90,2025-02-02,2025-01-30,FOB,CTR025,partial,false,
PO00844,PO202500844,2025-12-31,PR01017,VEN005,ITM0027,500.00,208.36,112310.81,3001.39,11129.90,0.00,IDR,1.0,Net 60,2026-01-14,2026-01-10,DDP,CTR016,closed,false,
PO00845,PO202500845,2025-05-17,PR01018,VEN027,ITM0027,1000.00,164.95,179405.76,3326.01,17778.95,0.00,IDR,1.0,COD,2025-06-18,2025-06-13,EXW,CTR016,closed,false,
PO00846,PO202400846,2024-12-06,PR01019,VEN001,ITM0023,500.00,33.02,18056.90,242.51,1789.42,0.00,IDR,1.0,Net 90,2025-01-01,2025-01-24,FOB,CTR013,open,false,
PO00847,PO202500847,2025-04-25,PR01020,VEN026,ITM0006,50.00,7305.64,397988.11,9978.24,39083.40,3601.05,IDR,1.0,COD,2025-05-16,2025-04-29,FOB,CTR008,closed,false,
PO00848,PO202400848,2024-08-20,PR01024,VEN024,ITM0005,2.00,1493.91,3161.91,139.26,313.34,0.00,IDR,1.0,Net 45,2024-09-19,2024-09-07,DDP,,closed,false,
PO00849,PO202500849,2025-07-02,PR01025,VEN019,ITM0040,2.00,2864.93,6112.51,223.09,605.74,0.00,IDR,1.0,Net 15,2025-08-01,2025-07-05,EXW,CTR009,closed,false,
PO00850,PO202400850,2024-06-29,PR01026,VEN023,ITM0017,2500.00,73.26,200200.69,2791.42,19839.71,0.00,IDR,1.0,COD,2024-07-16,2024-07-08,CIF,,partial,false,
PO00851,PO202500851,2025-03-14,PR01027,VEN014,ITM0011,5.00,13716.39,76645.66,217.80,7520.06,761.45,IDR,1.0,Net 45,2025-04-18,2025-03-27,EXW,CTR011,open,false,
PO00852,PO202500852,2025-12-31,PR01029,VEN022,ITM0015,1000.00,6.36,6868.78,172.25,680.69,0.00,IDR,1.0,Net 15,2026-01-20,2026-02-16,EXW,CTR004,closed,false,
PO00853,PO202500853,2025-10-05,PR01030,VEN002,ITM0005,10.00,1326.50,14244.95,431.73,1411.66,0.00,IDR,1.0,Net 15,2025-10-12,2025-10-10,DDP,CTR008,closed,false,
PO00854,PO202400854,2024-04-10,PR01032,VEN015,ITM0001,1.00,12891.05,14261.43,314.53,1383.42,301.48,IDR,1.0,Net 45,2024-04-28,2024-04-25,CIF,CTR008,partial,false,
PO00855,PO202400855,2024-02-17,PR01033,VEN019,ITM0031,2000.00,340.26,729246.08,23537.45,72267.63,0.00,IDR,1.0,Net 60,2024-03-19,2024-02-20,CIF,,closed,false,
PO00856,PO202400856,2024-09-07,PR01034,VEN028,ITM0032,1.00,12249.59,13628.81,102.57,1336.17,145.61,IDR,1.0,COD,2024-10-20,2024-10-13,FOB,CTR003,closed,false,
PO00857,PO202400857,2024-07-29,PR01035,VEN021,ITM0037,2.00,51271.75,116045.92,36.92,11275.72,2263.61,IDR,1.0,Net 45,2024-08-27,2024-08-04,DDP,CTR002,closed,false,
PO00858,PO202400858,2024-05-12,PR01036,VEN001,ITM0009,1.00,31420.30,34068.14,1540.07,3286.83,901.08,IDR,1.0,Net 60,2024-06-18,2024-05-26,FOB,CTR001,closed,false,
PO00859,PO202400859,2024-12-13,PR01037,VEN021,ITM0016,50.00,65.68,3467.26,160.52,343.60,0.00,IDR,1.0,Net 30,2025-01-27,2025-01-20,FOB,,open,false,
PO00860,PO202400860,2024-02-21,PR01038,VEN029,ITM0007,2.00,1785.27,3947.37,14.34,391.18,0.00,IDR,1.0,Net 30,2024-03-13,2024-03-13,DDP,CTR001,closed,false,
PO00861,PO202500861,2025-01-07,PR01039,VEN001,ITM0023,1000.00,37.83,40012.13,1778.58,3965.17,0.00,IDR,1.0,Net 60,2025-02-03,2025-01-23,EXW,,open,false,
PO00862,PO202500862,2025-02-05,PR01040,VEN030,ITM0021,2.00,19509.85,43920.88,482.53,4239.09,1144.61,IDR,1.0,COD,2025-02-14,2025-02-13,FOB,CTR025,closed,false,
PO00863,PO202500863,2025-03-20,PR01041,VEN026,ITM0009,25.00,33776.07,921829.36,28730.77,89723.79,16434.70,IDR,1.0,Net 60,2025-04-11,2025-04-07,DDP,CTR001,closed,false,
PO00864,PO202400864,2024-10-01,PR01042,VEN011,ITM0010,10.00,23098.46,252153.55,3913.60,24977.81,104.73,IDR,1.0,Net 90,2024-11-08,2024-10-01,FOB,CTR001,closed,false,
PO00865,PO202500865,2025-08-28,PR01044,VEN029,ITM0008,500.00,370.85,203487.33,2100.66,20165.41,0.00,IDR,1.0,Net 15,2025-10-04,2025-09-13,FOB,CTR001,closed,false,
PO00866,PO202400866,2024-03-05,PR01045,VEN007,ITM0020,10.00,26892.96,291544.95,6330.48,28885.90,59.98,IDR,1.0,Net 15,2024-03-29,2024-03-12,EXW,CTR025,closed,false,
PO00867,PO202500867,2025-08-28,PR01046,VEN003,ITM0008,100.00,420.44,44482.10,1970.29,4408.14,0.00,IDR,1.0,Net 45,2025-09-08,2025-09-03,CIF,CTR001,closed,false,
PO00868,PO202500868,2025-06-04,PR01048,VEN025,ITM0003,10.00,2878.53,30730.99,1099.74,3045.41,0.00,IDR,1.0,Net 90,2025-06-23,2025-06-22,FOB,CTR008,closed,false,
PO00869,PO202400869,2024-08-27,PR01050,VEN021,ITM0031,1000.00,348.61,374352.07,11358.92,37097.95,0.00,IDR,1.0,Net 45,2024-10-05,2024-09-26,FOB,CTR016,closed,false,
PO00870,PO202400870,2024-09-11,PR01051,VEN016,ITM0027,500.00,149.65,81739.36,1184.84,8100.30,0.00,IDR,1.0,Net 90,2024-10-25,2024-09-20,CIF,CTR016,cancelled,false,
PO00871,PO202500871,2025-08-18,PR01053,VEN009,ITM0037,2.00,18099.62,39831.36,808.03,3893.03,547.11,IDR,1.0,Net 90,2025-09-05,2025-09-01,DDP,CTR002,cancelled,false,
PO00872,PO202500872,2025-12-31,PR01055,VEN019,ITM0036,25.00,1515.38,41586.22,419.44,4121.16,0.00,IDR,1.0,Net 90,2026-02-04,2026-01-31,CIF,CTR002,closed,false,
PO00873,PO202500873,2025-07-08,PR01056,VEN014,ITM0011,1.00,14220.46,15453.70,649.15,1492.84,389.56,IDR,1.0,Net 30,2025-07-15,2025-08-01,CIF,CTR011,closed,false,
PO00874,PO202500874,2025-03-23,PR01057,VEN001,ITM0036,2.00,1434.74,3110.12,67.57,308.21,0.00,IDR,1.0,Net 60,2025-05-06,2025-04-14,DDP,CTR002,closed,false,
PO00875,PO202400875,2024-01-12,PR01058,VEN022,ITM0032,10.00,21055.30,226614.83,8717.40,22201.92,2577.30,IDR,1.0,Net 15,2024-01-23,2024-01-15,DDP,CTR003,closed,false,
PO00876,PO202400876,2024-11-26,PR01059,VEN028,ITM0025,400.00,48.05,20661.25,605.05,2047.51,0.00,IDR,1.0,COD,2025-01-09,2025-01-02,FOB,CTR013,open,false,
PO00877,PO202400877,2024-05-03,PR01060,VEN028,ITM0016,1000.00,68.87,72926.35,3166.80,7226.94,0.00,IDR,1.0,Net 90,2024-05-21,2024-05-15,DDP,CTR004,partial,false,
PO00878,PO202400878,2024-04-21,PR01061,VEN010,ITM0004,25.00,7148.54,199440.37,2802.30,19350.22,4179.02,IDR,1.0,COD,2024-05-05,2024-05-08,EXW,CTR008,closed,false,
PO00879,PO202400879,2024-08-29,PR01062,VEN016,ITM0025,5000.00,32.55,172527.13,7316.76,17097.28,0.00,IDR,1.0,Net 60,2024-09-08,2024-09-02,DDP,CTR013,closed,false,
PO00880,PO202500880,2025-05-04,PR01064,VEN029,ITM0036,10.00,1322.94,14095.25,530.94,1396.83,0.00,IDR,1.0,Net 15,2025-05-22,2025-06-06,DDP,CTR002,closed,false,
PO00881,PO202500881,2025-02-17,PR01065,VEN025,ITM0015,100.00,7.16,793.16,1.08,78.60,0.00,IDR,1.0,Net 60,2025-03-10,2025-02-25,EXW,CTR004,partial,false,
PO00882,PO202500882,2025-07-07,PR01066,VEN023,ITM0005,4.00,970.81,4181.36,116.24,414.37,0.00,IDR,1.0,Net 30,2025-07-19,2025-07-10,EXW,CTR008,open,false,
PO00883,PO202400883,2024-10-31,PR01068,VEN015,ITM0021,5.00,15593.64,85145.85,2605.56,8289.89,1493.34,IDR,1.0,Net 60,2024-11-15,2024-11-13,EXW,CTR025,partial,false,
PO00884,PO202400884,2024-09-04,PR01070,VEN027,ITM0017,500.00,89.03,48734.93,608.07,4829.59,0.00,IDR,1.0,Net 30,2024-10-13,2024-09-24,CIF,,closed,false,
PO00885,PO202500885,2025-10-23,PR01071,VEN004,ITM0028,5000.00,513.91,2767204.80,76563.77,274227.50,0.00,IDR,1.0,Net 60,2025-11-16,2025-12-13,EXW,,closed,false,
PO00886,PO202500886,2025-01-28,PR01074,VEN018,ITM0029,1000.00,114.37,123355.71,3235.82,12224.44,0.00,IDR,1.0,Net 90,2025-02-15,2025-02-13,CIF,CTR016,closed,false,
PO00887,PO202500887,2025-08-22,PR01077,VEN010,ITM0030,2000.00,580.91,1284418.37,4688.33,127284.70,0.00,IDR,1.0,COD,2025-08-29,2025-08-24,DDP,,closed,false,
PO00888,PO202500888,2025-12-09,PR01078,VEN003,ITM0031,200.00,392.69,87154.56,20.29,8636.94,0.00,IDR,1.0,Net 15,2026-01-09,2025-12-23,FOB,,closed,false,
PO00889,PO202400889,2024-11-29,PR01079,VEN004,ITM0016,1000.00,49.01,52960.16,1294.66,5248.30,0.00,IDR,1.0,COD,2024-12-16,2024-12-02,DDP,CTR004,closed,false,
PO00890,PO202400890,2024-03-03,PR01080,VEN009,ITM0026,400.00,147.40,62247.97,2880.68,6168.72,0.00,IDR,1.0,Net 30,2024-04-16,2024-04-11,DDP,CTR013,closed,false,
PO00891,PO202400891,2024-10-25,PR01082,VEN023,ITM0013,250.00,663.11,179006.29,4509.81,17739.36,0.00,IDR,1.0,Net 30,2024-11-17,2024-11-14,DDP,CTR011,closed,false,
PO00892,PO202400892,2024-11-22,PR01083,VEN030,ITM0030,250.00,270.90,75126.54,42.31,7444.97,0.00,IDR,1.0,Net 30,2024-12-24,2024-12-19,EXW,CTR016,cancelled,false,
PO00893,PO202500893,2025-05-15,PR01085,VEN018,ITM0025,500.00,47.80,26508.66,20.28,2626.98,0.00,IDR,1.0,COD,2025-06-13,2025-05-16,FOB,CTR013,open,false,
PO00894,PO202400894,2024-08-23,PR01087,VEN025,ITM0033,1000.00,757.90,801655.55,35683.50,79443.34,0.00,IDR,1.0,Net 15,2024-10-02,2024-09-04,DDP,CTR003,closed,false,
PO00895,PO202500895,2025-06-12,PR01088,VEN004,ITM0017,5000.00,81.77,446995.81,6170.56,44296.88,0.00,IDR,1.0,Net 90,2025-06-20,2025-06-14,DDP,CTR004,closed,false,
PO00896,PO202500896,2025-05-03,PR01089,VEN004,ITM0015,500.00,6.35,3466.96,52.57,343.57,0.00,IDR,1.0,Net 30,2025-06-05,2025-05-07,FOB,CTR004,closed,false,
PO00897,PO202500897,2025-11-01,PR01090,VEN009,ITM0029,2500.00,114.24,307386.95,8662.56,30461.77,0.00,IDR,1.0,COD,2025-11-19,2025-11-05,EXW,CTR016,closed,false,
PO00898,PO202500898,2025-03-10,PR01091,VEN010,ITM0023,1000.00,28.98,30581.47,1424.50,3030.60,0.00,IDR,1.0,Net 15,2025-03-17,2025-03-12,DDP,CTR013,closed,false,
PO00899,PO202500899,2025-10-08,PR01092,VEN004,ITM0038,10.00,2360.75,25817.30,348.70,2558.47,0.00,IDR,1.0,Net 45,2025-11-20,2025-11-03,DDP,CTR019,closed,false,
PO00900,PO202400900,2024-02-08,PR01093,VEN001,ITM0035,10.00,179000.76,1944033.62,70345.21,189162.86,35208.39,IDR,1.0,Net 15,2024-02-24,2024-02-14,FOB,,closed,false,
PO00901,PO202500901,2025-12-12,PR01095,VEN022,ITM0010,10.00,19006.77,213516.85,840.54,20814.99,3474.68,IDR,1.0,Net 15,2026-01-02,2026-01-16,EXW,CTR005,closed,false,
PO00902,PO202400902,2024-11-24,PR01096,VEN016,ITM0036,10.00,851.36,9210.07,216.26,912.71,0.00,IDR,1.0,Net 15,2024-12-07,2024-12-07,FOB,CTR002,closed,false,
PO00903,PO202400903,2024-02-27,PR01098,VEN012,ITM0002,2.00,91252.43,199360.75,4993.70,19526.23,2323.36,IDR,1.0,COD,2024-03-05,2024-03-03,CIF,CTR008,closed,false,
PO00904,PO202400904,2024-06-12,PR01100,VEN016,ITM0035,2.00,145529.42,325574.33,3844.26,31593.60,6766.14,IDR,1.0,Net 30,2024-06-28,2024-06-12,DDP,CTR002,partial,false,
PO00905,PO202400905,2024-12-18,PR01101,VEN024,ITM0024,2000.00,607.87,1325687.38,21418.18,131374.43,0.00,IDR,1.0,Net 90,2025-01-10,2024-12-25,EXW,CTR013,closed,false,
PO00906,PO202400906,2024-08-18,PR01102,VEN020,ITM0028,1000.00,817.55,878087.55,26475.68,87017.69,0.00,IDR,1.0,Net 60,2024-08-29,2024-08-27,DDP,CTR016,cancelled,false,
PO00907,PO202400907,2024-04-29,PR01103,VEN028,ITM0001,25.00,15145.67,401636.76,18909.67,39570.52,2334.26,IDR,1.0,Net 15,2024-05-25,2024-05-11,CIF,CTR008,closed,false,
PO00908,PO202500908,2025-12-21,PR01104,VEN007,ITM0019,10.00,9314.54,101158.20,3245.71,9888.97,1369.50,IDR,1.0,Net 30,2026-01-05,2025-12-30,DDP,CTR025,closed,false,
PO00909,PO202500909,2025-12-12,PR01105,VEN019,ITM0023,400.00,37.61,15867.38,747.47,1572.44,0.00,IDR,1.0,Net 15,2026-01-17,2025-12-25,EXW,CTR013,partial,false,
PO00910,PO202500910,2025-06-21,PR01106,VEN013,ITM0003,5.00,2031.49,11157.48,105.67,1105.70,0.00,IDR,1.0,Net 15,2025-07-21,2025-06-23,DDP,CTR008,closed,false,
PO00911,PO202500911,2025-11-26,PR01107,VEN030,ITM0025,400.00,47.31,20062.01,848.27,1988.13,0.00,IDR,1.0,Net 30,2025-12-28,2025-12-03,FOB,CTR013,closed,false,
PO00912,PO202500912,2025-07-02,PR01108,VEN014,ITM0024,100.00,625.62,66743.01,2433.39,6614.17,0.00,IDR,1.0,Net 60,2025-08-11,2025-08-08,EXW,CTR013,closed,false,
PO00913,PO202400913,2024-12-07,PR01109,VEN001,ITM0024,2500.00,499.29,1373794.07,10562.40,136141.75,0.00,IDR,1.0,Net 45,2024-12-16,2024-12-07,FOB,,closed,false,
PO00914,PO202400914,2024-11-04,PR01110,VEN027,ITM0010,10.00,20792.06,233716.14,1514.11,22704.72,4604.88,IDR,1.0,Net 45,2024-11-21,2024-11-04,FOB,,closed,false,
PO00915,PO202500915,2025-05-15,PR01111,VEN011,ITM0015,500.00,6.78,3674.25,77.64,364.12,0.00,IDR,1.0,Net 60,2025-06-04,2025-05-23,DDP,,closed,false,
PO00916,PO202400916,2024-07-10,PR01113,VEN011,ITM0019,50.00,8942.34,479426.80,17579.94,47249.10,2640.43,IDR,1.0,Net 60,2024-07-28,2024-07-16,DDP,CTR025,cancelled,false,
PO00917,PO202400917,2024-06-27,PR01114,VEN025,ITM0002,50.00,37180.82,2022989.93,62775.25,197589.23,29135.01,IDR,1.0,Net 15,2024-08-09,2024-07-11,EXW,CTR008,closed,false,
PO00918,PO202400918,2024-07-20,PR01115,VEN027,ITM0036,50.00,1504.38,81480.26,1813.60,8074.62,0.00,IDR,1.0,COD,2024-08-18,2024-08-11,DDP,CTR002,closed,false,
PO00919,PO202400919,2024-12-06,PR01116,VEN013,ITM0020,40.00,21505.35,942302.18,14319.97,93048.36,3359.68,IDR,1.0,Net 15,2025-01-05,2025-01-28,FOB,CTR025,closed,false,
PO00920,PO202500920,2025-12-06,PR01117,VEN029,ITM0027,1000.00,345.10,375242.67,7039.54,37186.21,0.00,IDR,1.0,Net 30,2025-12-31,2026-01-12,CIF,CTR016,closed,false,
PO00921,PO202500921,2025-09-22,PR01119,VEN018,ITM0029,1000.00,110.82,122958.56,51.36,12185.08,0.00,IDR,1.0,Net 90,2025-11-06,2025-09-30,DDP,,open,false,
PO00922,PO202500922,2025-09-05,PR01120,VEN010,ITM0002,100.00,31155.41,3354422.71,124732.97,328988.84,34626.28,IDR,1.0,Net 30,2025-09-25,2025-09-21,FOB,CTR008,closed,false,
PO00923,PO202400923,2024-04-13,PR01121,VEN019,ITM0002,5.00,35813.69,194603.06,4216.01,19233.77,516.87,IDR,1.0,Net 45,2024-05-13,2024-04-21,DDP,,closed,false,
PO00924,PO202500924,2025-10-16,PR01123,VEN005,ITM0038,250.00,3083.15,818723.89,33199.06,81134.80,0.00,IDR,1.0,Net 90,2025-10-30,2025-11-20,CIF,,open,false,
PO00925,PO202500925,2025-12-31,PR01124,VEN005,ITM0003,1.00,3076.61,3335.07,72.04,330.50,0.00,IDR,1.0,Net 60,2026-01-19,2026-01-13,CIF,CTR008,closed,false,
PO00926,PO202400926,2024-03-26,PR01125,VEN007,ITM0015,1000.00,8.51,9059.06,351.70,897.74,0.00,IDR,1.0,Net 45,2024-05-09,2024-04-15,DDP,CTR023,closed,false,
PO00927,PO202400927,2024-11-03,PR01126,VEN020,ITM0016,2500.00,64.77,172621.26,6412.69,17106.61,0.00,IDR,1.0,Net 60,2024-12-02,2024-11-23,FOB,,closed,false,
PO00928,PO202500928,2025-08-10,PR01127,VEN028,ITM0005,1.00,1361.71,1470.94,36.53,145.77,0.00,IDR,1.0,Net 90,2025-09-17,2025-08-10,FOB,CTR008,partial,false,
PO00929,PO202400929,2024-01-24,PR01128,VEN009,ITM0003,10.00,2982.25,32400.36,632.98,3210.85,0.00,IDR,1.0,Net 60,2024-03-06,2024-02-16,EXW,CTR008,closed,false,
PO00930,PO202500930,2025-11-10,PR01130,VEN017,ITM0001,250.00,15244.66,4170217.36,95028.12,408775.16,45304.37,IDR,1.0,Net 60,2025-12-04,2025-11-11,EXW,CTR008,open,false,
PO00931,PO202500931,2025-04-16,PR01131,VEN009,ITM0022,500.00,62.71,33233.73,1416.10,3293.43,0.00,IDR,1.0,COD,2025-05-29,2025-04-28,EXW,CTR013,closed,false,
PO00932,PO202400932,2024-10-18,PR01132,VEN022,ITM0015,50.00,6.14,337.99,2.43,33.49,0.00,IDR,1.0,COD,2024-11-04,2024-11-04,CIF,CTR004,closed,false,
PO00933,PO202500933,2025-04-11,PR01133,VEN027,ITM0001,1.00,13838.03,15531.95,151.20,1505.55,339.58,IDR,1.0,Net 60,2025-04-20,2025-04-15,FOB,CTR008,closed,false,
PO00934,PO202400934,2024-10-28,PR01134,VEN002,ITM0026,100.00,119.96,12785.89,477.41,1267.07,0.00,IDR,1.0,Net 15,2024-12-07,2024-11-30,EXW,CTR013,closed,false,
PO00935,PO202500935,2025-09-09,PR01135,VEN012,ITM0017,500.00,90.45,49123.82,967.33,4868.13,0.00,IDR,1.0,Net 90,2025-10-07,2025-09-10,EXW,CTR004,closed,false,
PO00936,PO202500936,2025-05-28,PR01136,VEN025,ITM0023,200.00,37.09,7927.25,276.16,785.58,0.00,IDR,1.0,Net 90,2025-06-16,2025-06-09,DDP,,partial,false,
PO00937,PO202400937,2024-04-01,PR01137,VEN005,ITM0038,40.00,3087.48,136299.44,706.91,13507.15,0.00,IDR,1.0,Net 45,2024-05-06,2024-04-01,CIF,CTR009,closed,false,
PO00938,PO202400938,2024-12-15,PR01138,VEN001,ITM0017,1000.00,89.85,97267.94,2223.28,9639.17,0.00,IDR,1.0,Net 90,2025-01-13,2025-01-06,FOB,CTR004,closed,false,
PO00939,PO202500939,2025-05-01,PR01139,VEN017,ITM0016,5000.00,69.74,382394.62,4185.30,37894.96,0.00,IDR,1.0,Net 60,2025-05-27,2025-05-06,EXW,CTR004,closed,false,
PO00940,PO202500940,2025-12-31,PR01140,VEN027,ITM0013,1000.00,721.48,781273.72,17632.62,77423.52,0.00,IDR,1.0,Net 90,2026-02-06,2026-01-15,CIF,CTR011,open,false,
PO00941,PO202400941,2024-07-22,PR01141,VEN020,ITM0026,2500.00,152.76,423015.13,809.93,41920.42,0.00,IDR,1.0,Net 15,2024-08-27,2024-08-19,EXW,,closed,false,
PO00942,PO202400942,2024-04-11,PR01142,VEN008,ITM0029,500.00,107.52,59597.87,69.92,5906.10,0.00,IDR,1.0,Net 90,2024-05-18,2024-04-23,FOB,CTR016,closed,false,
PO00943,PO202400943,2024-11-26,PR01143,VEN012,ITM0015,100.00,6.79,725.43,25.69,71.89,0.00,IDR,1.0,Net 90,2024-12-05,2024-12-03,CIF,,closed,false,
PO00944,PO202400944,2024-05-15,PR01145,VEN025,ITM0029,100.00,91.08,9784.67,292.49,969.65,0.00,IDR,1.0,Net 15,2024-06-12,2024-06-03,CIF,CTR016,closed,false,
PO00945,PO202400945,2024-02-18,PR01146,VEN024,ITM0010,10.00,26403.35,279152.01,12764.99,27639.53,244.00,IDR,1.0,Net 60,2024-03-13,2024-03-05,CIF,,partial,false,
PO00946,PO202400946,2024-04-14,PR01147,VEN004,ITM0007,10.00,1643.39,17412.80,746.73,1725.59,0.00,IDR,1.0,Net 60,2024-05-27,2024-05-24,FOB,CTR001,closed,false,
PO00947,PO202500947,2025-12-01,PR01148,VEN016,ITM0039,250.00,13258.41,3576001.85,153642.90,347705.68,67335.41,IDR,1.0,COD,2026-01-11,2026-01-31,FOB,CTR009,closed,false,
PO00948,PO202400948,2024-07-22,PR01150,VEN008,ITM0001,5.00,16051.44,89506.02,1519.80,8661.11,2107.52,IDR,1.0,Net 30,2024-08-14,2024-07-28,FOB,CTR008,closed,false,
PO00949,PO202500949,2025-07-15,PR01152,VEN015,ITM0004,10.00,8877.98,95413.31,3748.72,9353.42,1028.84,IDR,1.0,Net 90,2025-07-24,2025-07-19,FOB,CTR008,closed,false,
PO00950,PO202400950,2024-09-11,PR01153,VEN005,ITM0025,200.00,46.09,9779.54,407.82,969.14,0.00,IDR,1.0,Net 60,2024-10-20,2024-10-28,DDP,CTR013,open,false,
PO00951,PO202400951,2024-03-31,PR01154,VEN001,ITM0004,2.00,8615.49,18984.07,264.87,1866.27,151.68,IDR,1.0,Net 60,2024-04-25,2024-04-05,DDP,,closed,false,
PO00952,PO202500952,2025-09-21,PR01155,VEN006,ITM0018,500.00,137.34,72743.63,3135.64,7208.83,0.00,IDR,1.0,Net 15,2025-10-27,2025-10-27,FOB,CTR004,partial,false,
PO00953,PO202500953,2025-04-09,PR01156,VEN005,ITM0021,2.00,17507.95,38100.80,1626.80,3672.80,1038.91,IDR,1.0,Net 90,2025-05-06,2025-04-29,CIF,CTR025,open,false,
PO00954,PO202500954,2025-02-15,PR01157,VEN002,ITM0014,1.00,15121.32,16889.96,100.66,1652.27,217.03,IDR,1.0,Net 90,2025-02-23,2025-03-02,DDP,CTR011,open,false,
PO00955,PO202500955,2025-03-22,PR01158,VEN003,ITM0020,250.00,27064.19,7293343.02,308104.54,710373.60,125027.63,IDR,1.0,Net 60,2025-04-29,2025-04-13,FOB,CTR025,closed,false,
PO00956,PO202500956,2025-12-25,PR01160,VEN019,ITM0027,2000.00,176.95,385592.33,6528.71,38211.85,0.00,IDR,1.0,COD,2026-01-26,2026-01-19,CIF,CTR016,closed,false,
PO00957,PO202500957,2025-04-17,PR01161,VEN012,ITM0032,5.00,11459.32,61975.84,1725.72,6112.79,292.19,IDR,1.0,Net 60,2025-05-08,2025-04-23,FOB,CTR003,closed,false,
PO00958,PO202400958,2024-06-21,PR01162,VEN021,ITM0029,5000.00,107.04,590499.92,3235.60,58518.01,0.00,IDR,1.0,Net 45,2024-07-19,2024-07-15,DDP,CTR016,closed,false,
PO00959,PO202400959,2024-12-11,PR01163,VEN001,ITM0002,40.00,34147.67,1516695.96,23352.21,147681.00,26460.44,IDR,1.0,Net 15,2024-12-28,2024-12-14,EXW,CTR008,closed,false,
PO00960,PO202400960,2024-06-09,PR01164,VEN001,ITM0005,25.00,1219.71,32876.25,874.50,3258.01,0.00,IDR,1.0,Net 45,2024-06-23,2024-06-14,CIF,CTR008,partial,false,
PO00961,PO202500961,2025-08-06,PR01165,VEN022,ITM0018,200.00,95.83,20268.84,906.17,2008.62,0.00,IDR,1.0,Net 30,2025-09-05,2025-09-05,DDP,CTR004,closed,false,
PO00962,PO202400962,2024-03-04,PR01166,VEN029,ITM0003,100.00,2590.06,277564.57,8948.06,27506.40,0.00,IDR,1.0,Net 90,2024-04-13,2024-03-17,FOB,CTR008,open,false,
PO00963,PO202400963,2024-08-30,PR01167,VEN030,ITM0024,200.00,660.47,146369.93,228.81,14505.13,0.00,IDR,1.0,Net 30,2024-09-16,2024-09-11,EXW,CTR013,closed,false,
PO00964,PO202400964,2024-03-06,PR01168,VEN003,ITM0025,400.00,44.29,19349.94,284.70,1917.56,0.00,IDR,1.0,Net 45,2024-03-28,2024-03-11,EXW,CTR013,closed,false,
PO00965,PO202400965,2024-11-23,PR01169,VEN006,ITM0016,50.00,72.85,4016.53,23.81,398.03,0.00,IDR,1.0,COD,2024-12-09,2024-11-30,DDP,CTR004,closed,false,
PO00966,PO202500966,2025-04-21,PR01170,VEN019,ITM0032,20.00,10924.71,241235.11,4250.38,23566.81,3424.56,IDR,1.0,Net 90,2025-05-31,2025-04-22,EXW,CTR003,closed,false,
PO00967,PO202400967,2024-07-25,PR01171,VEN009,ITM0002,10.00,21821.23,233775.88,9536.26,22954.37,2145.43,IDR,1.0,Net 45,2024-09-01,2024-08-02,CIF,CTR008,open,false,
PO00968,PO202500968,2025-09-23,PR01172,VEN019,ITM0040,100.00,2993.37,315729.35,14896.17,31288.49,0.00,IDR,1.0,Net 60,2025-10-21,2025-09-28,CIF,CTR009,closed,false,
PO00969,PO202400969,2024-05-08,PR01174,VEN011,ITM0026,500.00,133.96,70816.20,3182.85,7017.82,0.00,IDR,1.0,Net 90,2024-06-04,2024-05-28,EXW,CTR013,closed,false,
PO00970,PO202500970,2025-12-31,PR01175,VEN013,ITM0017,500.00,76.08,40961.91,1135.33,4059.29,0.00,IDR,1.0,Net 90,2026-02-13,2026-01-03,DDP,CTR004,closed,false,
PO00971,PO202400971,2024-07-20,PR01176,VEN005,ITM0017,500.00,106.03,56946.00,1711.59,5643.30,0.00,IDR,1.0,Net 15,2024-09-02,2024-08-01,FOB,CTR004,closed,false,
PO00972,PO202500972,2025-06-02,PR01177,VEN006,ITM0016,200.00,116.12,25287.49,442.08,2505.97,0.00,IDR,1.0,Net 45,2025-07-01,2025-06-22,EXW,,closed,false,
PO00973,PO202500973,2025-03-26,PR01178,VEN023,ITM0010,20.00,13337.39,291173.67,5698.00,28715.48,1408.39,IDR,1.0,Net 60,2025-05-10,2025-04-01,DDP,CTR001,closed,false,
PO00974,PO202400974,2024-05-12,PR01179,VEN011,ITM0001,100.00,13278.36,1421538.57,53418.04,140185.99,6934.48,IDR,1.0,Net 90,2024-06-21,2024-06-19,DDP,CTR008,closed,false,
PO00975,PO202500975,2025-09-22,PR01180,VEN021,ITM0007,500.00,2075.70,1103749.53,43482.21,109380.58,0.00,IDR,1.0,Net 90,2025-10-06,2025-09-25,EXW,CTR001,open,false,
PO00976,PO202400976,2024-10-21,PR01181,VEN020,ITM0004,20.00,10528.91,236414.20,2276.21,22913.22,5199.01,IDR,1.0,Net 60,2024-11-09,2024-11-07,FOB,CTR008,closed,false,
PO00977,PO202400977,2024-12-08,PR01182,VEN008,ITM0018,500.00,136.63,73855.48,1780.94,7319.01,0.00,IDR,1.0,Net 60,2025-01-16,2024-12-16,CIF,CTR004,closed,false,
PO00978,PO202500978,2025-09-16,PR01183,VEN019,ITM0040,10.00,2797.87,30576.15,432.60,3030.07,0.00,IDR,1.0,Net 60,2025-10-03,2025-10-01,FOB,CTR009,closed,false,
PO00979,PO202500979,2025-04-08,PR01184,VEN019,ITM0029,50.00,100.70,5385.70,182.86,533.72,0.00,IDR,1.0,Net 60,2025-04-22,2025-04-09,CIF,CTR016,closed,false,
PO00980,PO202500980,2025-09-23,PR01185,VEN012,ITM0023,1000.00,34.20,36345.13,1454.93,3601.77,0.00,IDR,1.0,COD,2025-11-03,2025-11-29,FOB,CTR013,closed,false,
PO00981,PO202400981,2024-08-26,PR01187,VEN030,ITM0015,500.00,8.52,4710.08,18.10,466.76,0.00,IDR,1.0,Net 30,2024-10-06,2024-08-29,CIF,,partial,false,
PO00982,PO202400982,2024-12-13,PR01188,VEN029,ITM0005,2.00,1149.78,2543.53,8.09,252.06,0.00,IDR,1.0,Net 15,2025-01-11,2024-12-21,FOB,CTR008,closed,false,
PO00983,PO202500983,2025-10-16,PR01189,VEN001,ITM0006,2.00,6415.13,14490.24,109.87,1399.24,370.61,IDR,1.0,Net 60,2025-11-27,2025-11-06,FOB,CTR008,closed,false,
PO00984,PO202400984,2024-03-29,PR01190,VEN028,ITM0036,20.00,851.36,17991.92,818.30,1782.98,0.00,IDR,1.0,Net 45,2024-04-16,2024-04-06,DDP,,closed,false,
PO00985,PO202400985,2024-12-31,PR01191,VEN005,ITM0008,2500.00,440.47,1211640.40,9595.72,120072.47,0.00,IDR,1.0,Net 45,2025-02-07,2025-01-10,EXW,,closed,false,
PO00986,PO202400986,2024-06-24,PR01192,VEN028,ITM0021,40.00,18692.92,798470.89,37204.26,78156.39,9801.85,IDR,1.0,COD,2024-07-23,2024-07-04,FOB,CTR025,closed,false,
PO00987,PO202500987,2025-01-10,PR01193,VEN019,ITM0024,1000.00,545.90,593605.81,11115.30,58825.80,0.00,IDR,1.0,Net 30,2025-02-10,2025-01-21,EXW,CTR013,closed,false,
PO00988,PO202400988,2024-02-12,PR01194,VEN009,ITM0019,100.00,10168.49,1136132.59,14022.27,110310.95,22994.79,IDR,1.0,COD,2024-03-28,2024-03-17,CIF,CTR025,partial,false,
PO00989,PO202400989,2024-12-22,PR01195,VEN023,ITM0039,40.00,13617.94,604023.89,1723.22,59729.38,1300.13,IDR,1.0,COD,2025-01-25,2025-01-18,FOB,CTR009,closed,false,
PO00990,PO202400990,2024-01-29,PR01196,VEN020,ITM0024,400.00,619.42,267180.96,7064.79,26477.39,0.00,IDR,1.0,Net 90,2024-03-11,2024-02-18,EXW,CTR013,open,false,
PO00991,PO202500991,2025-01-23,PR01197,VEN028,ITM0002,40.00,43732.31,1957200.66,31880.03,188915.36,50872.98,IDR,1.0,Net 90,2025-02-28,2025-02-18,CIF,CTR008,partial,false,
PO00992,PO202500992,2025-06-23,PR01198,VEN001,ITM0002,50.00,34733.71,1888582.67,55119.75,184972.21,22044.86,IDR,1.0,Net 45,2025-07-30,2025-07-25,FOB,CTR008,closed,false,
PO00993,PO202500993,2025-07-12,PR01199,VEN004,ITM0006,10.00,5713.04,61246.25,2176.81,6044.90,247.75,IDR,1.0,COD,2025-08-19,2025-09-04,DDP,CTR008,open,false,
PO00994,PO202400994,2024-12-08,PR01200,VEN022,ITM0019,10.00,7565.40,83957.45,1288.80,8180.17,1412.06,IDR,1.0,Net 30,2024-12-15,2024-12-10,EXW,CTR025,closed,false,
